{"episode_id": "63076", "start_position": [-0.9758696556091309, 0.1662864238023758, -1.1805230379104614], "start_rotation": [0, 0.7549540992151956, 0, -0.655777636152814]}