{"episode_id": "44841", "start_position": [2.1666135787963867, 0.1719042807817459, -6.430626392364502], "start_rotation": [0, 0.8076130581147881, 0, 0.589712767678028]}