{"episode_id": "7679", "start_position": [-4.251636028289795, 0.17646045982837677, -4.487759590148926], "start_rotation": [0, 0.9520941630675327, 0, -0.30580501083653683]}