{"episode_id": "22512", "start_position": [-1.082518219947815, 0.1751515418291092, -2.979252576828003], "start_rotation": [0, 0.16629482394707118, 0, 0.9860760779617426]}