{"episode_id": "60741", "start_position": [-6.2332377433776855, 1.5970072746276855, -1.3741611242294312], "start_rotation": [0, 0.9567417957284389, 0, -0.29093837200741024]}