{"episode_id": "4036", "start_position": [-5.258358001708984, 0.17282123863697052, 1.2728145122528076], "start_rotation": [0, 0.9299005760749491, 0, 0.3678109821844337]}