{"episode_id": "53872", "start_position": [-1.7633241415023804, 0.37190428376197815, -4.010560512542725], "start_rotation": [0, 0.7839763138538337, 0, 0.62079073713785]}