{"episode_id": "51305", "start_position": [-1.5204353332519531, 0.1719042807817459, -1.9347931146621704], "start_rotation": [0, 0.9991772822258489, 0, -0.04055562456387897]}