{"episode_id": "15048", "start_position": [-3.897937297821045, 1.662041425704956, -7.761961936950684], "start_rotation": [0, 0.8351734505825459, 0, 0.5499866429669396]}