{"episode_id": "37790", "start_position": [0.06093178689479828, 0.09678955376148224, -6.865221977233887], "start_rotation": [0, 0.9339446605673264, 0, 0.3574176422587188]}