{"episode_id": "34087", "start_position": [1.3470048904418945, 0.12324567139148712, -2.7223663330078125], "start_rotation": [0, 0.7700766770470325, 0, -0.6379513394203357]}