{"episode_id": "16339", "start_position": [-2.012559175491333, 0.12194900214672089, 1.0569915771484375], "start_rotation": [0, 0.6300377293484669, 0, 0.7765645237824272]}