{"episode_id": "49519", "start_position": [0.33575794100761414, 0.17282123863697052, -6.579010009765625], "start_rotation": [0, 0.8814738173380227, 0, 0.47223289735842666]}