{"episode_id": "32494", "start_position": [-2.4276814460754395, 3.1720073223114014, -0.7319298386573792], "start_rotation": [0, 0.9727096521046241, 0, 0.23202571560605312]}