{"episode_id": "49875", "start_position": [-6.555068016052246, 0.11509490013122559, 0.8828048706054688], "start_rotation": [0, 0.9214681293682767, 0, 0.38845396967791296]}