{"episode_id": "2221", "start_position": [-1.5003798007965088, 0.0701034814119339, 6.3773298263549805], "start_rotation": [0, 0.37159891627683506, 0, -0.9283933678252348]}