{"episode_id": "48030", "start_position": [0.28170496225357056, -3.206904888153076, -0.7750028967857361], "start_rotation": [0, 0.09537026977918549, 0, 0.99544186753534]}