{"episode_id": "5661", "start_position": [1.4694384336471558, 0.15562696754932404, 2.4616284370422363], "start_rotation": [0, 0.3860656630823878, 0, 0.9224713024201654]}