{"episode_id": "10433", "start_position": [-1.1211895942687988, 0.15584427118301392, -1.8876736164093018], "start_rotation": [0, 0.9982160901572572, 0, -0.059704584004568136]}