{"episode_id": "33839", "start_position": [-3.7682838439941406, -0.3889496326446533, -6.041130065917969], "start_rotation": [0, 0.9979548088830766, 0, -0.06392338716887509]}