{"episode_id": "40861", "start_position": [0.06343258172273636, 1.5970072746276855, -1.0045807361602783], "start_rotation": [0, 0.9489986245119785, 0, 0.31528020977278765]}