{"episode_id": "26970", "start_position": [0.06613130122423172, 0.12194900214672089, 0.2126355916261673], "start_rotation": [0, 0.7700392012291857, 0, -0.6379965741054708]}