{"episode_id": "21351", "start_position": [0.9271445274353027, 0.18463699519634247, 6.119067668914795], "start_rotation": [0, 0.9879577035011351, 0, -0.15472419362453724]}