{"episode_id": "5870", "start_position": [-0.8288933038711548, -2.364851236343384, 3.758742332458496], "start_rotation": [0, 0.9169993017089663, 0, 0.39888880739532956]}