{"episode_id": "54522", "start_position": [-1.3388456106185913, 0.02451854944229126, 1.952558994293213], "start_rotation": [0, 0.9789642373308244, 0, 0.2040319142371537]}