{"episode_id": "43877", "start_position": [6.4119133949279785, 0.17646045982837677, -2.7554283142089844], "start_rotation": [0, 0.23095713833175452, 0, -0.9729639254636355]}