{"episode_id": "22719", "start_position": [-9.710643768310547, 0.17000891268253326, -2.697943687438965], "start_rotation": [0, 0.4452929731314947, 0, -0.895384927324396]}