{"episode_id": "22530", "start_position": [-1.5883662700653076, 0.09678955376148224, -3.908015012741089], "start_rotation": [0, 0.9399287751704294, 0, 0.34137061620270764]}