{"episode_id": "42106", "start_position": [-2.840813636779785, 0.15562696754932404, 3.4995598793029785], "start_rotation": [0, 0.300265157498206, 0, 0.9538557727416538]}