{"episode_id": "361", "start_position": [3.2151777744293213, 0.23213757574558258, 9.201420783996582], "start_rotation": [0, 0.7867434283662688, 0, -0.6172801454141302]}