{"episode_id": "22381", "start_position": [-0.10296040028333664, 0.14340916275978088, -6.5138773918151855], "start_rotation": [0, 0.8125893439436175, 0, -0.582836647877672]}