{"episode_id": "570", "start_position": [-0.37837499380111694, 0.15562696754932404, 0.9608014822006226], "start_rotation": [0, 0.8879645829409785, 0, 0.45991183877179564]}