{"episode_id": "34589", "start_position": [-0.035809777677059174, 0.15964920818805695, 4.575437068939209], "start_rotation": [0, 0.8796955391361111, 0, -0.47553733651946495]}