{"episode_id": "31027", "start_position": [3.366823196411133, 0.18321557343006134, -0.5600237846374512], "start_rotation": [0, 0.8196397675752168, 0, -0.5728792642514168]}