{"episode_id": "42980", "start_position": [-15.637784004211426, 0.14771485328674316, 1.7962778806686401], "start_rotation": [0, 0.5497295483196989, 0, 0.8353426983605111]}