{"episode_id": "9064", "start_position": [-11.92173957824707, -3.206904888153076, -0.08901742100715637], "start_rotation": [0, 0.8375555906065189, 0, 0.5463521141569467]}