{"episode_id": "28021", "start_position": [0.1432248055934906, 0.14340916275978088, -5.678336143493652], "start_rotation": [0, 0.6730181940856483, 0, 0.7396259260123949]}