{"episode_id": "39959", "start_position": [-3.018524169921875, 0.1672901213169098, 2.078029155731201], "start_rotation": [0, 0.6416277702753882, 0, -0.7670161695892946]}