{"episode_id": "33705", "start_position": [0.68683922290802, 0.18321557343006134, -1.17668616771698], "start_rotation": [0, 0.8733824496259803, 0, -0.48703500560567714]}