{"episode_id": "52941", "start_position": [2.540335178375244, 0.1514829844236374, 3.2239277362823486], "start_rotation": [0, 0.9881850763802662, 0, 0.15326530859697998]}