{"episode_id": "16762", "start_position": [-1.2183805704116821, 0.17949719727039337, 6.557836532592773], "start_rotation": [0, 0.034679426047278174, 0, -0.9993984877960499]}