{"episode_id": "43877", "start_position": [3.9666450023651123, 0.12114477157592773, -0.28565526008605957], "start_rotation": [0, 0.6652209568223434, 0, -0.7466465553421954]}