{"episode_id": "12446", "start_position": [4.585365295410156, 3.056049346923828, -0.6160625219345093], "start_rotation": [0, 0.6979603033250716, 0, -0.7161364499747055]}