{"episode_id": "16106", "start_position": [-4.213989734649658, -2.2229726314544678, 7.726069927215576], "start_rotation": [0, 0.80362929597676, 0, -0.5951301997444736]}