{"episode_id": "15877", "start_position": [1.0385936498641968, 0.16646166145801544, -0.05777639150619507], "start_rotation": [0, 0.2797797874281393, 0, 0.9600642012629494]}