{"episode_id": "58068", "start_position": [0.027958467602729797, 0.16243858635425568, 2.0803768634796143], "start_rotation": [0, 0.7496134494641957, 0, 0.6618758768699685]}