{"episode_id": "34451", "start_position": [-1.0452624559402466, 0.037133216857910156, -3.9174463748931885], "start_rotation": [0, 0.004912789230649, 0, -0.9999879321781715]}