{"episode_id": "19176", "start_position": [-5.9361066818237305, 0.12324567139148712, 0.4443156123161316], "start_rotation": [0, 0.08335822188049004, 0, 0.9965196469939381]}