{"episode_id": "30990", "start_position": [-6.587172508239746, 2.7005860805511475, -3.551379680633545], "start_rotation": [0, 0.8986951079304024, 0, -0.43857394243384135]}