{"episode_id": "12490", "start_position": [-4.527912139892578, 0.1649409383535385, 0.7767953872680664], "start_rotation": [0, 0.3550186275587137, 0, 0.9348592268819553]}