{"episode_id": "46908", "start_position": [-0.13474774360656738, 2.365107297897339, 2.983269214630127], "start_rotation": [0, 0.9999350012723546, 0, -0.011401457382999518]}