{"episode_id": "30263", "start_position": [-4.293531894683838, 0.15964920818805695, 2.964402198791504], "start_rotation": [0, 0.5089955882627908, 0, -0.8607691276579427]}