{"episode_id": "24746", "start_position": [-0.9061448574066162, 1.5970072746276855, -5.139160633087158], "start_rotation": [0, 0.879489051627169, 0, 0.4759191192502598]}