{"episode_id": "51628", "start_position": [7.290504455566406, 0.17970331013202667, -3.206538438796997], "start_rotation": [0, 0.9316183273061241, 0, 0.3634381546113991]}