{"episode_id": "65456", "start_position": [-8.444906234741211, 0.03310127556324005, -7.69906759262085], "start_rotation": [0, 0.9992824145037352, 0, 0.0378768539293458]}