{"episode_id": "5365", "start_position": [0.6898103356361389, 0.17002512514591217, 2.539360523223877], "start_rotation": [0, 0.7130461827285741, 0, 0.7011170667557658]}