{"episode_id": "42005", "start_position": [7.286499977111816, 0.17970331013202667, -3.040354013442993], "start_rotation": [0, 0.8551537754826025, 0, 0.5183744016421438]}