{"episode_id": "49367", "start_position": [-3.796863555908203, 0.1649409383535385, 0.7485319375991821], "start_rotation": [0, 0.7774087157030003, 0, 0.6289957780057125]}