{"episode_id": "55731", "start_position": [2.9089112281799316, 2.365107297897339, -9.293527603149414], "start_rotation": [0, 0.2137838889014267, 0, 0.9768809798773761]}