{"episode_id": "41043", "start_position": [-0.8370916843414307, 3.0807693004608154, -13.737261772155762], "start_rotation": [0, 0.45583472067106623, 0, -0.8900644400439391]}