{"episode_id": "2102", "start_position": [-1.911587119102478, 0.15562696754932404, 1.9798237085342407], "start_rotation": [0, 0.9960260411997374, 0, -0.0890624794847929]}