{"episode_id": "40011", "start_position": [8.540760040283203, 3.0738418102264404, -1.0569851398468018], "start_rotation": [0, 0.8379080597142988, 0, 0.545811399171746]}