{"episode_id": "18312", "start_position": [-6.30968713760376, -2.511791467666626, 3.415562152862549], "start_rotation": [0, 0.9810942618836481, 0, 0.19353048674299292]}