{"episode_id": "26166", "start_position": [0.38355183601379395, 0.17002512514591217, 1.2315561771392822], "start_rotation": [0, 0.28421482161755257, 0, 0.9587606245423843]}