{"episode_id": "39244", "start_position": [-1.5721526145935059, 0.17949719727039337, 7.4908013343811035], "start_rotation": [0, 0.6084674920949587, 0, 0.7935787995301231]}