{"episode_id": "42412", "start_position": [-1.4536058902740479, -2.967862606048584, 4.478058338165283], "start_rotation": [0, 0.8833712933706043, 0, 0.46867382906318306]}