{"episode_id": "67095", "start_position": [2.614835500717163, 3.1651172637939453, 0.20270010828971863], "start_rotation": [0, 0.7676121138661749, 0, 0.6409146921750996]}