{"episode_id": "50789", "start_position": [-0.29606038331985474, 2.7814598083496094, -2.799379348754883], "start_rotation": [0, 0.9999180968147563, 0, 0.012798424213768088]}