{"episode_id": "52223", "start_position": [0.9447680711746216, 0.1005861759185791, 0.591876745223999], "start_rotation": [0, 0.9999020574740991, 0, 0.013995551402622455]}