{"episode_id": "8209", "start_position": [1.7963391542434692, 3.0807693004608154, -3.357088088989258], "start_rotation": [0, 0.9463442400291306, 0, 0.32316029979514366]}