{"episode_id": "2657", "start_position": [-4.3670334815979, 0.17949719727039337, 9.264978408813477], "start_rotation": [0, 0.8313826145852511, 0, 0.555700412241517]}