{"episode_id": "41691", "start_position": [0.8029138445854187, 0.1887628585100174, 0.48433250188827515], "start_rotation": [0, 0.23996962432820798, 0, -0.970780397103165]}