{"episode_id": "33366", "start_position": [3.8594307899475098, 0.021137923002243042, 1.9296035766601562], "start_rotation": [0, 0.6592401605992898, 0, -0.7519324508578031]}