{"episode_id": "45617", "start_position": [6.362210273742676, 0.14657917618751526, 13.38412857055664], "start_rotation": [0, 0.9999559979204773, 0, 0.00938094999786019]}