{"episode_id": "3448", "start_position": [4.280055999755859, 1.5974199771881104, 3.2244043350219727], "start_rotation": [0, 0.8858721817889769, 0, -0.4639293885198887]}