{"episode_id": "17872", "start_position": [0.8712977170944214, 2.7814598083496094, -4.077503681182861], "start_rotation": [0, 0.028292898449902123, 0, -0.9995996758189268]}