{"episode_id": "61926", "start_position": [2.419123649597168, 0.15289896726608276, -1.0670799016952515], "start_rotation": [0, 0.5394286857132253, 0, -0.8420312898163003]}