{"episode_id": "1231", "start_position": [0.9840369820594788, 0.22503304481506348, -13.975485801696777], "start_rotation": [0, 0.21605588879919077, 0, 0.9763809978257421]}