{"episode_id": "22673", "start_position": [-8.372464179992676, -2.8849050998687744, -1.3616008758544922], "start_rotation": [0, 0.8539467652654321, 0, 0.520360377135601]}