{"episode_id": "63072", "start_position": [-1.2691676616668701, 0.12194900214672089, 0.2996174097061157], "start_rotation": [0, 0.5804462272807156, 0, 0.8142985799051745]}