{"episode_id": "1337", "start_position": [-1.2428292036056519, 0.15165157616138458, 6.167612075805664], "start_rotation": [0, 0.982929312129035, 0, 0.18398360621952717]}