{"episode_id": "17355", "start_position": [4.078710556030273, 0.09678955376148224, -6.4217352867126465], "start_rotation": [0, 0.9907695859877085, 0, -0.13555673159878417]}