{"episode_id": "27615", "start_position": [-0.0011557049583643675, 0.16243858635425568, -0.11081896722316742], "start_rotation": [0, 0.03793917772265053, 0, -0.9992800502330311]}