{"episode_id": "45870", "start_position": [-8.76051139831543, 0.2520946264266968, -0.11566171795129776], "start_rotation": [0, 0.5088002666574462, 0, -0.8608845965919658]}