{"episode_id": "45448", "start_position": [-2.0011959075927734, 0.17800255119800568, -3.5070252418518066], "start_rotation": [0, 0.5676009840532563, 0, -0.8233037853075711]}