{"episode_id": "39741", "start_position": [5.428732395172119, 0.014962434768676758, 2.6692543029785156], "start_rotation": [0, 0.618622713116174, 0, -0.785688194398251]}