{"episode_id": "36598", "start_position": [2.332897424697876, 2.365107297897339, -10.236823081970215], "start_rotation": [0, 0.4755084432788756, 0, 0.8797111573525144]}