{"episode_id": "42415", "start_position": [-13.163240432739258, -2.852285146713257, 14.709121704101562], "start_rotation": [0, 0.7678704484778469, 0, 0.6406051626036354]}