{"episode_id": "28537", "start_position": [2.4534881114959717, 0.021137923002243042, 0.551568865776062], "start_rotation": [0, 0.3934483069876832, 0, 0.9193467407504775]}