{"episode_id": "24782", "start_position": [-3.581160545349121, 0.10841822624206543, -2.165236711502075], "start_rotation": [0, 0.5406723089343579, 0, -0.841233293653782]}