{"episode_id": "13382", "start_position": [1.4025073051452637, 0.17002512514591217, -4.405013561248779], "start_rotation": [0, 0.9036109991356222, 0, 0.42835401508696364]}