{"episode_id": "55469", "start_position": [-1.301124095916748, 0.08820843696594238, 3.6644845008850098], "start_rotation": [0, 0.9196748029542395, 0, 0.3926808587276449]}