{"episode_id": "6674", "start_position": [-3.9522275924682617, -1.0029926300048828, -3.479172468185425], "start_rotation": [0, 0.6802570246603378, 0, -0.7329736560069977]}