{"episode_id": "22573", "start_position": [0.8316819667816162, 0.04932823032140732, 3.3002359867095947], "start_rotation": [0, 0.993870902284204, 0, 0.11054695650619321]}