{"episode_id": "44386", "start_position": [4.1747918128967285, 0.1887628585100174, 0.11282867193222046], "start_rotation": [0, 0.7971117979885619, 0, -0.6038317493370501]}