{"episode_id": "42980", "start_position": [0.5427582263946533, -0.034892842173576355, -6.754034519195557], "start_rotation": [0, 0.10112846718364531, 0, -0.9948733754227652]}