{"episode_id": "33600", "start_position": [2.905041456222534, 0.15964920818805695, 0.26624003052711487], "start_rotation": [0, 0.6198671032954408, 0, 0.7847068078283247]}