{"episode_id": "9646", "start_position": [0.07979819178581238, 0.15562696754932404, 1.069897174835205], "start_rotation": [0, 0.955941902963716, 0, -0.29355591998477826]}