{"episode_id": "33600", "start_position": [0.3804439604282379, 3.400176525115967, -2.4142794609069824], "start_rotation": [0, 0.44378171185637433, 0, 0.8961349185372848]}