{"episode_id": "35656", "start_position": [0.3068295121192932, 0.16511733829975128, -1.1950106620788574], "start_rotation": [0, 0.4601753711946359, 0, -0.8878280395132151]}