{"episode_id": "37960", "start_position": [-10.196915626525879, 0.2331012785434723, 3.8463821411132812], "start_rotation": [0, 0.7789527756507613, 0, 0.6270825889035468]}