{"episode_id": "12820", "start_position": [-5.3610029220581055, 0.10841822624206543, -1.6145977973937988], "start_rotation": [0, 0.9778405566745877, 0, -0.20935101079844948]}