{"episode_id": "28203", "start_position": [6.184454441070557, 0.18360306322574615, -5.797479629516602], "start_rotation": [0, 0.9371654768550409, 0, -0.3488851802399521]}