{"episode_id": "44841", "start_position": [-5.838919639587402, 0.08820843696594238, 3.813066244125366], "start_rotation": [0, 0.45669628505154486, 0, 0.8896226746324073]}