{"episode_id": "55750", "start_position": [6.785101413726807, 0.15289896726608276, -0.26628172397613525], "start_rotation": [0, 0.6436080058737528, 0, 0.7653552996976054]}