{"episode_id": "13567", "start_position": [-5.982431411743164, 3.0807693004608154, -8.621296882629395], "start_rotation": [0, 0.4205392637492798, 0, -0.9072743397921126]}