{"episode_id": "7077", "start_position": [5.305662155151367, 0.19201280176639557, -0.12295392155647278], "start_rotation": [0, 0.9147306581966728, 0, 0.4040641322303699]}