{"episode_id": "5636", "start_position": [-0.7006350755691528, 0.12114477157592773, -7.696538925170898], "start_rotation": [0, 0.9501591559182789, 0, -0.31176526173495295]}