{"episode_id": "3904", "start_position": [-1.600947380065918, 0.014962434768676758, 4.30421781539917], "start_rotation": [0, 0.9491045409457168, 0, -0.31496122040057584]}