{"episode_id": "17792", "start_position": [-2.4774041175842285, 0.15562696754932404, 3.1631264686584473], "start_rotation": [0, 0.13629053059026242, 0, 0.9906689110249826]}