{"episode_id": "51137", "start_position": [-2.3668994903564453, 3.400176525115967, 2.102151870727539], "start_rotation": [0, 0.9341291163436719, 0, -0.35693527984634776]}