{"episode_id": "3061", "start_position": [-3.936018943786621, 0.1649409383535385, 1.00913667678833], "start_rotation": [0, 0.9370045308311402, 0, 0.34931720427415947]}