{"episode_id": "60741", "start_position": [5.495189666748047, 0.18360306322574615, -3.9383649826049805], "start_rotation": [0, 0.7310328241494405, 0, 0.6823422968101078]}