{"episode_id": "13080", "start_position": [-4.371553421020508, 0.12324567139148712, -1.1847096681594849], "start_rotation": [0, 0.09305470577728832, 0, 0.995660997394546]}