{"episode_id": "34456", "start_position": [2.6078097820281982, 0.1887628585100174, 3.709441900253296], "start_rotation": [0, 0.5342479786981642, 0, -0.8453278046160116]}