{"episode_id": "11663", "start_position": [-0.43916985392570496, 0.021610036492347717, -1.4420887231826782], "start_rotation": [0, 0.8984934450378689, 0, -0.43898693514042325]}