{"episode_id": "26595", "start_position": [1.7234115600585938, 0.14570780098438263, -5.755311965942383], "start_rotation": [0, 0.9888858175421422, 0, -0.1486769648062838]}