{"episode_id": "28585", "start_position": [0.38364070653915405, 0.1887628585100174, -1.7218378782272339], "start_rotation": [0, 0.2919698968260054, 0, -0.9564275086735072]}