{"episode_id": "29297", "start_position": [-8.613439559936523, 0.2708713412284851, 4.554320335388184], "start_rotation": [0, 0.7166763411987932, 0, -0.6974059233802872]}