{"episode_id": "54153", "start_position": [-1.4809670448303223, 0.10841822624206543, 5.080981254577637], "start_rotation": [0, 0.47012003537924374, 0, -0.8826024882896142]}