{"episode_id": "41350", "start_position": [-6.129752159118652, 0.08820843696594238, 4.065608024597168], "start_rotation": [0, 0.46161184658279175, 0, -0.8870820159908694]}