{"episode_id": "39604", "start_position": [2.7704169750213623, 3.1651172637939453, -1.713890790939331], "start_rotation": [0, 0.8516892446840216, 0, -0.5240471643750787]}