{"episode_id": "22971", "start_position": [-2.2681891918182373, 0.1719042807817459, -2.688239097595215], "start_rotation": [0, 0.558551013407728, 0, -0.8294701715078127]}