{"episode_id": "33895", "start_position": [-3.229361057281494, 0.06905434280633926, 14.382508277893066], "start_rotation": [0, 0.9718607449857055, 0, 0.2355561341927429]}