{"episode_id": "5563", "start_position": [4.520685195922852, 0.18321557343006134, -1.914769172668457], "start_rotation": [0, 0.998237164236609, 0, 0.059351191536929124]}