{"episode_id": "34340", "start_position": [-11.324865341186523, 0.062041521072387695, -0.12516753375530243], "start_rotation": [0, 0.9168150536199028, 0, -0.39931210532105677]}