{"episode_id": "68313", "start_position": [-2.4667983055114746, 0.09678955376148224, -5.541727066040039], "start_rotation": [0, 0.5771992771732085, 0, 0.8166033274673362]}