{"episode_id": "17262", "start_position": [-6.213128089904785, 0.14340753853321075, 0.8350356817245483], "start_rotation": [0, 0.9929741385224676, 0, -0.11833156901504918]}