{"episode_id": "15146", "start_position": [2.281714916229248, 0.1887628585100174, 4.716702461242676], "start_rotation": [0, 0.984151160526556, 0, 0.17733159119072048]}