{"episode_id": "63076", "start_position": [-8.328428268432617, 0.044724658131599426, 7.329792022705078], "start_rotation": [0, 0.9603852420931646, 0, -0.2786757735606985]}