{"episode_id": "2209", "start_position": [-0.3659723997116089, 0.19309520721435547, -2.916853904724121], "start_rotation": [0, 0.8034908606216326, 0, 0.5953170893712932]}