{"episode_id": "49879", "start_position": [-2.6193344593048096, 0.15289896726608276, 1.7047007083892822], "start_rotation": [0, 0.6968409546269164, 0, 0.7172256855095528]}