{"episode_id": "56523", "start_position": [0.312164843082428, 0.17949719727039337, 1.0156605243682861], "start_rotation": [0, 0.9650534611754116, 0, 0.26205308064084737]}