{"episode_id": "19735", "start_position": [-0.3230943977832794, 0.12324567139148712, -1.9673902988433838], "start_rotation": [0, 0.8858482310804162, 0, 0.463975119474846]}