{"episode_id": "29943", "start_position": [0.39171791076660156, 0.09678955376148224, -2.6768503189086914], "start_rotation": [0, 0.9952272640863292, 0, -0.0975842857187566]}