{"episode_id": "45521", "start_position": [-6.878853797912598, 0.044724658131599426, 4.823765277862549], "start_rotation": [0, 0.7206734425120818, 0, -0.6932746852855549]}