{"episode_id": "41352", "start_position": [-3.011871337890625, 0.17702746391296387, 0.13371476531028748], "start_rotation": [0, 0.13786177081150391, 0, -0.9904514789472104]}