{"episode_id": "56512", "start_position": [5.575201511383057, 0.18360306322574615, -2.5956931114196777], "start_rotation": [0, 0.5928407920350223, 0, 0.8053196851557073]}