{"episode_id": "55880", "start_position": [2.8453030586242676, 0.18321557343006134, -2.4283297061920166], "start_rotation": [0, 0.7977486173957913, 0, 0.6029901686123111]}