{"episode_id": "4647", "start_position": [-0.887371838092804, -0.8934385180473328, -1.6374694108963013], "start_rotation": [0, 0.9442384161146237, 0, -0.32926252980463305]}