{"episode_id": "27441", "start_position": [-3.8484127521514893, 0.03310127556324005, -3.9392378330230713], "start_rotation": [0, 0.9333369157841565, 0, -0.3590016735817794]}