{"episode_id": "31488", "start_position": [3.6063480377197266, 0.17646045982837677, -1.928633213043213], "start_rotation": [0, 0.2634734000402604, 0, -0.9646666613246385]}