{"episode_id": "59449", "start_position": [5.227771282196045, 0.1005861759185791, -0.8788726925849915], "start_rotation": [0, 0.9978486641389004, 0, 0.06555946519162638]}