{"episode_id": "1664", "start_position": [0.9172182083129883, 1.662041425704956, -7.1875410079956055], "start_rotation": [0, 0.4574102504503307, 0, 0.8892557915374888]}