{"episode_id": "2157", "start_position": [-1.1903495788574219, 0.03310127556324005, -6.643610954284668], "start_rotation": [0, 0.30923412649211385, 0, -0.9509859383885018]}