{"episode_id": "51351", "start_position": [2.446671485900879, 0.18321557343006134, 0.0005040161777287722], "start_rotation": [0, 0.9994433589124513, 0, 0.033361239871998176]}