{"episode_id": "47438", "start_position": [-2.8902745246887207, 0.1560952067375183, 8.13817024230957], "start_rotation": [0, 0.9840981067140958, 0, 0.17762577617489023]}