{"episode_id": "26889", "start_position": [-8.401728630065918, 0.17000891268253326, -5.055640697479248], "start_rotation": [0, 0.9613357791892954, 0, 0.2753788656569533]}