{"episode_id": "32129", "start_position": [-2.521296739578247, 0.032137393951416016, 1.6634576320648193], "start_rotation": [0, 0.9742265108715238, 0, 0.2255719519689821]}