{"episode_id": "50811", "start_position": [-3.0155434608459473, 0.17282123863697052, 1.1842626333236694], "start_rotation": [0, 0.020646055133629194, 0, 0.9997868474867126]}