{"episode_id": "33076", "start_position": [-6.542593955993652, 1.5970072746276855, 1.9178177118301392], "start_rotation": [0, 0.016981214349497828, 0, -0.9998558087840548]}