{"episode_id": "45704", "start_position": [0.8311847448348999, 0.17702746391296387, 2.001418352127075], "start_rotation": [0, 0.2195448896576118, 0, 0.9756023992514712]}