{"episode_id": "15753", "start_position": [4.5315423011779785, 0.24472466111183167, 2.5803327560424805], "start_rotation": [0, 0.23642483715758442, 0, -0.9716497807209189]}