{"episode_id": "30263", "start_position": [-1.9453449249267578, 3.400176525115967, -0.9045685529708862], "start_rotation": [0, 0.34767465843981477, 0, 0.9376152365862865]}