{"episode_id": "16959", "start_position": [-2.344088077545166, 0.16646166145801544, -2.098006248474121], "start_rotation": [0, 0.9607450947150041, 0, 0.277432627823509]}