{"episode_id": "3139", "start_position": [-0.21301013231277466, 0.07010863721370697, -2.5239577293395996], "start_rotation": [0, 0.8429889106613955, 0, -0.5379309402719961]}