{"episode_id": "41701", "start_position": [0.7888979911804199, -1.002579927444458, 7.137210845947266], "start_rotation": [0, 0.10432515780509966, 0, 0.9945432426239399]}