{"episode_id": "14365", "start_position": [-2.080446243286133, 0.15964920818805695, 2.93316388130188], "start_rotation": [0, 0.692410087029672, 0, 0.7215041728081426]}