{"episode_id": "59605", "start_position": [1.2793784141540527, 0.14570780098438263, -0.5383552312850952], "start_rotation": [0, 0.2580983171467159, 0, 0.9661186566286944]}