{"episode_id": "18444", "start_position": [-3.762453079223633, 1.662041425704956, -3.8191962242126465], "start_rotation": [0, 0.7376520276944049, 0, -0.6751810764812155]}