{"episode_id": "37074", "start_position": [-0.9772346615791321, -2.2229726314544678, 6.467318058013916], "start_rotation": [0, 0.2825905880098158, 0, 0.9592406160960172]}