{"episode_id": "937", "start_position": [-9.897979736328125, 0.17702746391296387, 5.82979679107666], "start_rotation": [0, 0.18401834203514478, 0, -0.9829228096827525]}