{"episode_id": "36818", "start_position": [-0.39027759432792664, -2.799823522567749, 0.2350476086139679], "start_rotation": [0, 0.9999104416648773, 0, -0.013383147968623992]}