{"episode_id": "42063", "start_position": [2.385228157043457, 0.18463699519634247, 2.3963000774383545], "start_rotation": [0, 0.5612164101349455, 0, -0.8276691011480642]}