{"episode_id": "9218", "start_position": [0.39539939165115356, 0.15289896726608276, 1.1735330820083618], "start_rotation": [0, 0.3735613477423299, 0, 0.9276054761982241]}