{"episode_id": "28844", "start_position": [-4.9619927406311035, 0.17702746391296387, 5.001086235046387], "start_rotation": [0, 0.062425372169195685, 0, -0.9980496344919613]}