{"episode_id": "66929", "start_position": [3.4331555366516113, 0.1887628585100174, 4.060961723327637], "start_rotation": [0, 0.42005832175888635, 0, 0.9074971109161218]}