{"episode_id": "58864", "start_position": [3.1608293056488037, 0.09678955376148224, -2.2237164974212646], "start_rotation": [0, 0.8161016371907642, 0, 0.5779083991209629]}