{"episode_id": "13502", "start_position": [-13.84654426574707, 0.14771485328674316, 3.630990505218506], "start_rotation": [0, 0.9397675911688683, 0, 0.34181409360742093]}