{"episode_id": "57327", "start_position": [-2.553673267364502, 3.683565139770508, -8.46727180480957], "start_rotation": [0, 0.4638512254315403, 0, 0.8859131112392786]}