{"episode_id": "52133", "start_position": [-0.034749824553728104, 0.0701034814119339, 3.9333784580230713], "start_rotation": [0, 0.09481306159314438, 0, -0.9954950945892875]}