{"episode_id": "24981", "start_position": [-1.169020175933838, 0.14340916275978088, -2.850161075592041], "start_rotation": [0, 0.9909542514167127, 0, 0.13420011773147794]}