{"episode_id": "45083", "start_position": [-1.207678198814392, 0.0701034814119339, -0.2017023265361786], "start_rotation": [0, 0.7322419441353551, 0, 0.6810445912338453]}