{"episode_id": "24840", "start_position": [-7.399563789367676, 0.15165157616138458, 3.066283941268921], "start_rotation": [0, 0.8845869494490345, 0, 0.4663753090210193]}