{"episode_id": "64080", "start_position": [-0.5004178285598755, 0.12324567139148712, -1.601413607597351], "start_rotation": [0, 0.7114469404704726, 0, 0.7027398173543348]}