{"episode_id": "40013", "start_position": [-3.8682968616485596, 0.03310127556324005, -7.512872219085693], "start_rotation": [0, 0.12360065358998236, 0, -0.992332040413958]}