{"episode_id": "21834", "start_position": [0.6164917349815369, 0.17282123863697052, -6.818913459777832], "start_rotation": [0, 0.6593259212820914, 0, -0.7518572534234949]}