{"episode_id": "9149", "start_position": [-2.920175313949585, 1.662041425704956, -5.071641445159912], "start_rotation": [0, 0.9116590704197448, 0, -0.41094736806725835]}