{"episode_id": "32762", "start_position": [0.40446317195892334, 3.400176525115967, -0.44095462560653687], "start_rotation": [0, 0.5153956019202729, 0, -0.8569523752935396]}