{"episode_id": "48980", "start_position": [-5.728313446044922, 0.08356514573097229, -7.936975955963135], "start_rotation": [0, 0.665214754748675, 0, -0.7466520810020288]}