{"episode_id": "20390", "start_position": [-0.489480584859848, 0.23514866828918457, 7.354427337646484], "start_rotation": [0, 0.6618189356568277, 0, 0.7496637222155436]}