{"episode_id": "4386", "start_position": [-11.141910552978516, 0.03310127556324005, -4.071305274963379], "start_rotation": [0, 0.13534237850877237, 0, -0.9907988900778948]}