{"episode_id": "16055", "start_position": [-16.625648498535156, 0.14771485328674316, 12.74118423461914], "start_rotation": [0, 0.10358778349121002, 0, -0.9946203150506118]}