{"episode_id": "57310", "start_position": [7.638310432434082, 0.2678249478340149, 1.064530611038208], "start_rotation": [0, 0.4771798298987242, 0, 0.8788056724542831]}