{"episode_id": "39040", "start_position": [-3.375338554382324, 0.17923279106616974, 3.7349071502685547], "start_rotation": [0, 0.20300125646546144, 0, -0.97917847702727]}