{"episode_id": "937", "start_position": [0.40993937849998474, 3.1651172637939453, -1.431404709815979], "start_rotation": [0, 0.4275476252263191, 0, -0.9039928252831075]}