{"episode_id": "56195", "start_position": [3.0042619705200195, -2.967862606048584, 0.7218374609947205], "start_rotation": [0, 0.8153614398963959, 0, 0.5789522625658147]}