{"episode_id": "38088", "start_position": [2.0095417499542236, -2.967862606048584, 2.5031588077545166], "start_rotation": [0, 0.9997625774847889, 0, 0.02178964572845398]}