{"episode_id": "21256", "start_position": [-0.2690203785896301, 0.1751515418291092, -2.2903876304626465], "start_rotation": [0, 0.9598736836470722, 0, -0.28043272177440426]}