{"episode_id": "26690", "start_position": [-2.2272026538848877, 0.15562696754932404, 2.7899506092071533], "start_rotation": [0, 0.9867656828470368, 0, -0.1621526661989284]}