{"episode_id": "31719", "start_position": [1.7409931421279907, 0.0810881108045578, 4.027568817138672], "start_rotation": [0, 0.004647816756975201, 0, -0.9999891988413643]}