{"episode_id": "25317", "start_position": [-5.162008285522461, -2.842231273651123, -0.4657704830169678], "start_rotation": [0, 0.9728867422946018, 0, -0.23128205003284852]}