{"episode_id": "68012", "start_position": [-4.459771633148193, 0.16646166145801544, -2.3569531440734863], "start_rotation": [0, 0.9339268360519513, 0, -0.35746421485512625]}