{"episode_id": "63064", "start_position": [-4.485717296600342, 0.17949719727039337, 3.6848716735839844], "start_rotation": [0, 0.20425930402154627, 0, 0.9789168180803891]}