{"episode_id": "61395", "start_position": [-4.40975284576416, 0.09678955376148224, -5.293328285217285], "start_rotation": [0, 0.9922097942965602, 0, -0.12457818469530599]}