{"episode_id": "44417", "start_position": [4.043415069580078, 0.1887628585100174, 1.2118428945541382], "start_rotation": [0, 0.030974422290055596, 0, -0.9995201774670671]}