{"episode_id": "52903", "start_position": [4.2940673828125, 0.09678955376148224, -5.541077613830566], "start_rotation": [0, 0.968711641316374, 0, 0.24818895216777218]}