{"episode_id": "44239", "start_position": [-1.1559343338012695, 0.1751515418291092, 0.9731595516204834], "start_rotation": [0, 0.8638541705932037, 0, -0.5037419696121499]}