{"episode_id": "450", "start_position": [-4.1069464683532715, 3.086113452911377, 4.28445291519165], "start_rotation": [0, 0.9940147021842798, 0, 0.10924638136568939]}