{"episode_id": "907", "start_position": [-0.6083934903144836, 2.7814598083496094, -0.747157096862793], "start_rotation": [0, 0.7292134887183134, 0, 0.6842862616414758]}