{"episode_id": "43306", "start_position": [-5.483423709869385, 2.7005860805511475, -2.9103293418884277], "start_rotation": [0, 0.7174926992928919, 0, 0.6965660244810966]}