{"episode_id": "40516", "start_position": [0.5879899263381958, 0.1219470426440239, -2.5286612510681152], "start_rotation": [0, 0.9988729410442682, 0, -0.04746417227313741]}