{"episode_id": "36252", "start_position": [-6.293451309204102, 0.16511733829975128, -0.9830616116523743], "start_rotation": [0, 0.19346196152914685, 0, 0.981107776669462]}