{"episode_id": "57816", "start_position": [3.5110244750976562, 0.16646166145801544, 2.2475461959838867], "start_rotation": [0, 0.37696494811680703, 0, -0.9262275249048114]}