{"episode_id": "6070", "start_position": [-2.6010689735412598, 0.08076925575733185, -2.894371271133423], "start_rotation": [0, 0.9323722514603552, 0, -0.3614996330658555]}