{"episode_id": "38683", "start_position": [-5.3018798828125, 0.050468042492866516, -2.1427347660064697], "start_rotation": [0, 0.9963882384392737, 0, -0.08491453526859305]}