{"episode_id": "20780", "start_position": [-8.164576530456543, 0.17923279106616974, 1.4236243963241577], "start_rotation": [0, 0.3564878583038676, 0, -0.9342999555185271]}