{"episode_id": "11253", "start_position": [6.620861053466797, 0.18360306322574615, -6.0270185470581055], "start_rotation": [0, 0.9120203830476754, 0, 0.410144877946283]}