{"episode_id": "31826", "start_position": [-3.109092950820923, 1.5974199771881104, 0.5191587209701538], "start_rotation": [0, 0.1309795194300054, 0, 0.9913850742722955]}