{"episode_id": "32681", "start_position": [-0.30500489473342896, 0.11346367746591568, 1.1691787242889404], "start_rotation": [0, 0.02818434167547095, 0, 0.9996027425354136]}