{"episode_id": "776", "start_position": [-4.852316379547119, 0.10841822624206543, -6.4839019775390625], "start_rotation": [0, 0.08508166860675048, 0, 0.9963739808260205]}