{"episode_id": "62636", "start_position": [4.527533531188965, 2.365107297897339, -6.089956283569336], "start_rotation": [0, 0.18788920634434345, 0, -0.9821902290998892]}