{"episode_id": "67079", "start_position": [0.47997650504112244, 0.1662864238023758, -1.1324858665466309], "start_rotation": [0, 0.161194696062571, 0, -0.9869226261269398]}