{"episode_id": "45236", "start_position": [-4.044661521911621, 0.0701034814119339, 2.3938820362091064], "start_rotation": [0, 0.7552629016880748, 0, -0.6554219628099973]}