{"episode_id": "3837", "start_position": [-2.763251543045044, 3.400176525115967, -1.1796905994415283], "start_rotation": [0, 0.7487085394637434, 0, -0.6628993309199129]}