{"episode_id": "14144", "start_position": [-3.0252809524536133, 0.18128342926502228, -1.0137948989868164], "start_rotation": [0, 0.7418011809799332, 0, -0.6706198684029399]}