{"episode_id": "19313", "start_position": [-5.472896099090576, 0.17923279106616974, 3.239518642425537], "start_rotation": [0, 0.11812108336019185, 0, -0.9929991992271769]}