{"episode_id": "52491", "start_position": [2.0781335830688477, 0.08076925575733185, -8.856675148010254], "start_rotation": [0, 0.5171683706986668, 0, -0.8558836815530988]}