{"episode_id": "18868", "start_position": [-8.518686294555664, 3.387357473373413, 5.863949775695801], "start_rotation": [0, 0.6262125527373149, 0, -0.7796523833056727]}