{"episode_id": "64806", "start_position": [-1.3645586967468262, 2.365107297897339, -8.684247016906738], "start_rotation": [0, 0.629700339606822, 0, 0.7768381313369298]}