{"episode_id": "21992", "start_position": [-1.0723093748092651, 3.0807693004608154, -9.633914947509766], "start_rotation": [0, 0.849053558060794, 0, -0.5283067816565542]}