{"episode_id": "48716", "start_position": [-0.8870629072189331, 0.43213748931884766, -2.845946788787842], "start_rotation": [0, 0.7594098713448316, 0, 0.650612517020712]}