{"episode_id": "55785", "start_position": [-3.410872220993042, 3.683565139770508, 2.9573092460632324], "start_rotation": [0, 0.9365901923092, 0, -0.350426613815526]}