{"episode_id": "58422", "start_position": [-2.0127367973327637, 0.14340916275978088, 0.5867189168930054], "start_rotation": [0, 0.5927777725820038, 0, -0.8053660734924946]}