{"episode_id": "36329", "start_position": [-3.3181276321411133, 0.18128342926502228, 1.08647882938385], "start_rotation": [0, 0.18959869546922892, 0, -0.9818616677905124]}