{"episode_id": "7360", "start_position": [-1.0793485641479492, 0.14340916275978088, 0.42568206787109375], "start_rotation": [0, 0.9876552348418038, 0, -0.1566433435852968]}