{"episode_id": "34826", "start_position": [-0.03735426813364029, 0.021137923002243042, 0.9206335544586182], "start_rotation": [0, 0.9276067493887669, 0, -0.37355818621522074]}