{"episode_id": "38088", "start_position": [7.433382511138916, 0.2086368203163147, -2.727328300476074], "start_rotation": [0, 0.7789512259460545, 0, -0.6270845139190879]}