{"episode_id": "34724", "start_position": [0.35879746079444885, 2.365107297897339, 2.965454339981079], "start_rotation": [0, 0.5453724196144256, 0, 0.8381938462694097]}