{"episode_id": "36046", "start_position": [0.8840516805648804, 0.17282123863697052, -0.17180001735687256], "start_rotation": [0, 0.6896154852301256, 0, 0.7241757262783796]}