{"episode_id": "63741", "start_position": [-1.7151625156402588, 2.7814598083496094, 0.5122808218002319], "start_rotation": [0, 0.9022879487829472, 0, -0.43113392058739897]}