{"episode_id": "52143", "start_position": [-1.4768766164779663, 0.09678955376148224, -6.845674991607666], "start_rotation": [0, 0.6673886820694329, 0, -0.7447095722801107]}