{"episode_id": "63909", "start_position": [-0.5772351622581482, 0.03514885902404785, -0.822728157043457], "start_rotation": [0, 0.9994647787688424, 0, 0.032713238918651785]}