{"episode_id": "32794", "start_position": [-0.3829711675643921, 1.5970072746276855, -0.9800186157226562], "start_rotation": [0, 0.8496044877274732, 0, 0.5274203394194594]}