{"episode_id": "58367", "start_position": [-3.343005418777466, 0.037133216857910156, -3.9954581260681152], "start_rotation": [0, 0.5713076439729502, 0, 0.8207359964922196]}