{"episode_id": "53472", "start_position": [-1.9908223152160645, 0.12194900214672089, 0.13340447843074799], "start_rotation": [0, 0.49763131245711517, 0, -0.8673886538698837]}