{"episode_id": "49014", "start_position": [-0.577450156211853, 0.04798765480518341, -0.62458336353302], "start_rotation": [0, 0.596162034267389, 0, -0.8028641409965752]}