{"episode_id": "51520", "start_position": [-1.919629693031311, 0.1649409383535385, -1.058751106262207], "start_rotation": [0, 0.10981249412974277, 0, -0.9939523208549821]}