{"episode_id": "57951", "start_position": [0.21642711758613586, 0.2331012785434723, -2.6996095180511475], "start_rotation": [0, 0.9483695378524167, 0, -0.3171674946673972]}