{"episode_id": "47471", "start_position": [-4.43430757522583, 0.17646045982837677, -5.429523944854736], "start_rotation": [0, 0.8181869409230001, 0, 0.5749522847185348]}