{"episode_id": "53872", "start_position": [-1.8914682865142822, -3.206904888153076, -1.6160190105438232], "start_rotation": [0, 0.9636175679935207, 0, 0.26728483431398126]}