{"episode_id": "67707", "start_position": [-0.8604647517204285, 0.1751515418291092, -3.117293357849121], "start_rotation": [0, 0.8542322143369209, 0, -0.5198916463928238]}