{"episode_id": "35839", "start_position": [5.175201416015625, -2.943950891494751, -0.8942874670028687], "start_rotation": [0, 0.03748160794945963, 0, -0.9992973176515201]}