{"episode_id": "25749", "start_position": [0.07790112495422363, 0.16243858635425568, 0.5583721995353699], "start_rotation": [0, 0.9231206043174317, 0, -0.3845105328656418]}