{"episode_id": "66995", "start_position": [1.476600170135498, 0.12324567139148712, -2.5682406425476074], "start_rotation": [0, 0.9865746113737865, 0, -0.16331116371106405]}