{"episode_id": "35549", "start_position": [-3.5342483520507812, 0.18321557343006134, -3.2759430408477783], "start_rotation": [0, 0.09786552392868131, 0, 0.995199647923051]}