{"episode_id": "549", "start_position": [-1.4281967878341675, 0.1662864238023758, -0.23191486299037933], "start_rotation": [0, 0.10634144978061118, 0, 0.9943296717178652]}