{"episode_id": "14591", "start_position": [3.4214863777160645, 0.18321557343006134, -4.932199001312256], "start_rotation": [0, 0.4882815214702777, 0, -0.8726861725675907]}