{"episode_id": "57446", "start_position": [-6.301392555236816, -2.599823474884033, -6.2887468338012695], "start_rotation": [0, 0.9558559035356988, 0, -0.2938358243576724]}