{"episode_id": "38223", "start_position": [2.7302792072296143, 0.18463699519634247, -1.0342973470687866], "start_rotation": [0, 0.9972106245220973, 0, -0.0746389331398075]}