{"episode_id": "954", "start_position": [-5.0456647872924805, 0.17000891268253326, 1.0226906538009644], "start_rotation": [0, 0.9264628027274748, 0, 0.3763863376403986]}