{"episode_id": "52491", "start_position": [4.71551513671875, -2.967862606048584, 0.7786883115768433], "start_rotation": [0, 0.278525123483798, 0, 0.9604289435394662]}