{"episode_id": "32505", "start_position": [-3.1464028358459473, 0.14340916275978088, -10.0669527053833], "start_rotation": [0, 0.24577795502062935, 0, -0.9693261560619715]}