{"episode_id": "3679", "start_position": [-3.482585906982422, 0.17949719727039337, 8.97338581085205], "start_rotation": [0, 0.9619951123142787, 0, 0.27306666563943366]}