{"episode_id": "41043", "start_position": [0.7288111448287964, 0.17949719727039337, 8.765708923339844], "start_rotation": [0, 0.2005381257628391, 0, 0.979685898701991]}