{"episode_id": "21820", "start_position": [-0.7082679867744446, 0.1514829844236374, 0.34455856680870056], "start_rotation": [0, 0.9429606847419517, 0, 0.33290411086526034]}