{"episode_id": "7440", "start_position": [-3.8779072761535645, 1.5970072746276855, -1.6217303276062012], "start_rotation": [0, 0.491308080514914, 0, -0.8709858609763713]}