{"episode_id": "40555", "start_position": [7.871359825134277, 0.14657917618751526, 6.838193416595459], "start_rotation": [0, 0.6401097527052094, 0, 0.7682834792520764]}