{"episode_id": "48605", "start_position": [-5.838348865509033, 0.20017647743225098, -2.966021776199341], "start_rotation": [0, 0.9950721503933875, 0, 0.0991534947012941]}