{"episode_id": "35915", "start_position": [-1.794836401939392, -3.206904888153076, -2.5630555152893066], "start_rotation": [0, 0.2675848753095669, 0, 0.963534293372874]}