{"episode_id": "41244", "start_position": [1.573538064956665, 0.12324567139148712, -2.3310370445251465], "start_rotation": [0, 0.23031034264944042, 0, -0.9731172314108395]}