{"episode_id": "63179", "start_position": [-8.851919174194336, 0.11509490013122559, 2.2820208072662354], "start_rotation": [0, 0.7765394686289554, 0, -0.630068610281023]}