{"episode_id": "26197", "start_position": [-0.20754355192184448, 0.17800255119800568, -1.031424880027771], "start_rotation": [0, 0.8472129084230117, 0, 0.531253506154474]}