{"episode_id": "24059", "start_position": [-7.263337135314941, 0.10841822624206543, 7.024170875549316], "start_rotation": [0, 0.6229755811465174, 0, 0.782241283297653]}