{"episode_id": "45898", "start_position": [6.58870267868042, 0.1005861759185791, 0.4733811020851135], "start_rotation": [0, 0.9760821577854396, 0, -0.2174019807934603]}