{"episode_id": "37280", "start_position": [2.293855667114258, 0.17646045982837677, -6.510965347290039], "start_rotation": [0, 0.21966675481641984, 0, -0.9755749673030889]}