{"episode_id": "27410", "start_position": [5.008859157562256, 0.2905499339103699, 4.256148815155029], "start_rotation": [0, 0.9396587626722989, 0, -0.34211315340565945]}