{"episode_id": "64784", "start_position": [0.37534087896347046, -2.852285146713257, 5.588706016540527], "start_rotation": [0, 0.5832647582577668, 0, -0.812282107259854]}