{"episode_id": "21492", "start_position": [-10.472211837768555, 0.2147633284330368, 1.1874428987503052], "start_rotation": [0, 0.6587154052181088, 0, 0.7523921948879738]}