{"episode_id": "47668", "start_position": [-2.7711706161499023, -0.03270988166332245, 7.154536724090576], "start_rotation": [0, 0.4413178326159528, 0, -0.8973508626034511]}