{"episode_id": "21049", "start_position": [-6.745365142822266, 3.0807693004608154, -8.237098693847656], "start_rotation": [0, 0.7076372966720952, 0, -0.7065758673763272]}