{"episode_id": "16277", "start_position": [1.3493859767913818, 0.1887628585100174, -0.2817520201206207], "start_rotation": [0, 0.9555136440184919, 0, -0.2949469038564445]}