{"episode_id": "23177", "start_position": [0.6482715010643005, 0.12194900214672089, 1.3927326202392578], "start_rotation": [0, 0.0492324054686693, 0, 0.9987873498657102]}