{"episode_id": "7108", "start_position": [-3.5674591064453125, 0.15964920818805695, 2.646507978439331], "start_rotation": [0, 0.9194448841748439, 0, 0.39321890209488636]}