{"episode_id": "45617", "start_position": [-13.885138511657715, 0.19700729846954346, 0.4111565053462982], "start_rotation": [0, 0.9903451158376786, 0, 0.1386237769520614]}