{"episode_id": "16394", "start_position": [-1.7258844375610352, 2.365107297897339, 3.1648311614990234], "start_rotation": [0, 0.24144460677756172, 0, -0.9704146030733609]}