{"episode_id": "45344", "start_position": [-2.5032925605773926, 0.1719042807817459, -1.2105698585510254], "start_rotation": [0, 0.8144357610821178, 0, 0.5802537299066604]}