{"episode_id": "52206", "start_position": [-0.6459907293319702, 2.365107297897339, 0.6172442436218262], "start_rotation": [0, 0.989381461367848, 0, 0.14534209266974726]}