{"episode_id": "30575", "start_position": [-0.8412737250328064, -1.0029926300048828, -4.921517848968506], "start_rotation": [0, 0.9710275242177477, 0, -0.23896766980399536]}