{"episode_id": "4130", "start_position": [2.6459810733795166, 0.09678955376148224, -6.069292068481445], "start_rotation": [0, 0.9591651668305043, 0, 0.2828465710221899]}