{"episode_id": "24238", "start_position": [2.411081314086914, 0.18463699519634247, 0.6513528823852539], "start_rotation": [0, 0.2907066718214799, 0, -0.9568122234579146]}