{"episode_id": "17331", "start_position": [2.149493932723999, 0.18128342926502228, 0.1763175129890442], "start_rotation": [0, 0.5596848328566195, 0, 0.8287055495592255]}