{"episode_id": "25232", "start_position": [0.7693917751312256, 0.16646166145801544, 1.3542976379394531], "start_rotation": [0, 0.45408553387335754, 0, 0.890958095494366]}