{"episode_id": "60708", "start_position": [-1.9794129133224487, 0.17282123863697052, -3.4402174949645996], "start_rotation": [0, 0.4812283280538503, 0, 0.876595286479739]}