{"episode_id": "27647", "start_position": [1.4681079387664795, 0.18321557343006134, -0.6053507924079895], "start_rotation": [0, 0.9098444863966734, 0, -0.41494940724571916]}