{"episode_id": "64047", "start_position": [-1.6308609247207642, 0.17282123863697052, 1.7084245681762695], "start_rotation": [0, 0.31018025784332476, 0, 0.9506777622539871]}