{"episode_id": "51649", "start_position": [-1.2570650577545166, 1.5970072746276855, 1.4588360786437988], "start_rotation": [0, 0.9864702794688346, 0, -0.16394019557350628]}