{"episode_id": "13408", "start_position": [2.1958975791931152, -2.699413776397705, 0.3305377662181854], "start_rotation": [0, 0.1547050743072294, 0, -0.9879606975905442]}