{"episode_id": "50886", "start_position": [-6.244621753692627, 0.16511733829975128, -1.6548616886138916], "start_rotation": [0, 0.5211354264360574, 0, -0.8534739992016797]}