{"episode_id": "7962", "start_position": [-1.6822179555892944, 0.1719042807817459, -6.241146564483643], "start_rotation": [0, 0.3262673092460778, 0, -0.9452775480869755]}