{"episode_id": "5410", "start_position": [2.972761631011963, 0.17800255119800568, 2.9932949542999268], "start_rotation": [0, 0.10165953830312602, 0, -0.9948192490457728]}