{"episode_id": "18351", "start_position": [-2.4622247219085693, 0.1649409383535385, -0.6843737363815308], "start_rotation": [0, 0.5845500644825814, 0, -0.8113576413107908]}