{"episode_id": "8127", "start_position": [2.959156036376953, 0.15289896726608276, -0.042625218629837036], "start_rotation": [0, 0.9733819041788929, 0, 0.22918915466721482]}