{"episode_id": "37766", "start_position": [-1.5885647535324097, -2.511791467666626, 2.9841482639312744], "start_rotation": [0, 0.8399799153615908, 0, 0.5426174912303646]}