{"episode_id": "54067", "start_position": [-1.5119972229003906, 0.18463699519634247, 4.1631269454956055], "start_rotation": [0, 0.3945369169366785, 0, 0.9188800907485701]}