{"episode_id": "61477", "start_position": [-3.3650002479553223, 2.7814598083496094, -3.2263054847717285], "start_rotation": [0, 0.3152591184826754, 0, -0.94900563128652]}