{"episode_id": "44418", "start_position": [-0.4035290479660034, 0.17282123863697052, -6.222580909729004], "start_rotation": [0, 0.9949244675302771, 0, -0.10062456911507583]}