{"episode_id": "52083", "start_position": [-1.9796838760375977, -2.511791467666626, -1.322536587715149], "start_rotation": [0, 0.9968998933408035, 0, 0.07868038292417294]}