{"episode_id": "47608", "start_position": [-2.599362850189209, 1.662041425704956, -5.233113765716553], "start_rotation": [0, 0.940367222246594, 0, -0.34016097266474427]}