{"episode_id": "52400", "start_position": [5.651905059814453, 0.09678955376148224, 1.2092220783233643], "start_rotation": [0, 0.9319237373569264, 0, 0.3626543088820241]}