{"episode_id": "12247", "start_position": [-5.402918338775635, 0.15562696754932404, 3.4535727500915527], "start_rotation": [0, 0.41918804275981336, 0, -0.9078994354041624]}