{"episode_id": "54725", "start_position": [-1.3689581155776978, 0.17002512514591217, -4.77556848526001], "start_rotation": [0, 0.9606761996075474, 0, 0.2776710995181166]}