{"episode_id": "5207", "start_position": [-3.7666118144989014, -2.8849050998687744, 2.949746608734131], "start_rotation": [0, 0.08272036825966916, 0, -0.9965727974789321]}