{"episode_id": "29102", "start_position": [1.864133596420288, 0.021137923002243042, 0.2976635694503784], "start_rotation": [0, 0.3205294655368577, 0, 0.9472385453108717]}