{"episode_id": "59238", "start_position": [-7.38194465637207, 0.037133216857910156, -3.905381679534912], "start_rotation": [0, 0.32258214461898993, 0, -0.9465414729281613]}