{"episode_id": "11141", "start_position": [-4.031368255615234, 0.12114477157592773, -6.649654388427734], "start_rotation": [0, 0.02975787027747503, 0, -0.9995571365142409]}