{"episode_id": "27578", "start_position": [-1.4063360691070557, 0.17282123863697052, 0.598296046257019], "start_rotation": [0, 0.8924508988083013, 0, 0.4511445369460382]}