{"episode_id": "61477", "start_position": [1.186721920967102, 0.021137923002243042, -0.07314892113208771], "start_rotation": [0, 0.9278525220215865, 0, 0.3729473117991083]}