{"episode_id": "21508", "start_position": [0.08163121342658997, 2.8899307250976562, -0.8701423406600952], "start_rotation": [0, 0.5249323075579727, 0, -0.8511439787026999]}