{"episode_id": "9365", "start_position": [1.1029362678527832, 0.17970331013202667, -2.4044783115386963], "start_rotation": [0, 0.9595901533986827, 0, 0.28140138148255894]}