{"episode_id": "65461", "start_position": [-1.2918813228607178, 0.14340753853321075, -0.9816029071807861], "start_rotation": [0, 0.17388066135275176, 0, -0.9847667315702382]}