{"episode_id": "3719", "start_position": [6.795602321624756, 0.09678955376148224, 0.3416948616504669], "start_rotation": [0, 0.37061371024807566, 0, -0.9287871003497816]}