{"episode_id": "65542", "start_position": [-9.175025939941406, -2.8849050998687744, -1.327930212020874], "start_rotation": [0, 0.9785466663534773, 0, -0.20602529400172304]}