{"episode_id": "13270", "start_position": [-0.07871052622795105, 0.18128342926502228, 0.3028647303581238], "start_rotation": [0, 0.9279099483981746, 0, -0.3728044093941178]}