{"episode_id": "60695", "start_position": [4.912643909454346, 0.021137923002243042, 2.0326218605041504], "start_rotation": [0, 0.562081129334609, 0, -0.8270821023610235]}