{"episode_id": "57973", "start_position": [-8.102265357971191, 0.14340753853321075, -0.9766990542411804], "start_rotation": [0, 0.7074870049777451, 0, -0.7067263528322827]}