{"episode_id": "24981", "start_position": [-3.1237268447875977, 0.17949719727039337, 7.689963340759277], "start_rotation": [0, 0.19522822928334504, 0, -0.9807578388628304]}