{"episode_id": "52988", "start_position": [0.4728989601135254, 0.1514829844236374, -0.16064810752868652], "start_rotation": [0, 0.9987682821295502, 0, 0.049617724776406254]}