{"episode_id": "65575", "start_position": [-3.7758636474609375, 0.2520555257797241, 6.141726016998291], "start_rotation": [0, 0.21577970717997808, 0, 0.9764420709746805]}