{"episode_id": "11255", "start_position": [3.627598285675049, -2.967862606048584, -1.095106840133667], "start_rotation": [0, 0.467827234998367, 0, -0.8838199353905651]}