{"episode_id": "16959", "start_position": [1.4653441905975342, 0.12114477157592773, -5.38244104385376], "start_rotation": [0, 0.9422848451920888, 0, -0.3348122914728809]}