{"episode_id": "39705", "start_position": [-1.6871657371520996, 0.12114477157592773, 0.07374852150678635], "start_rotation": [0, 0.7568282630093272, 0, 0.6536137852817095]}