{"episode_id": "15975", "start_position": [-6.322873115539551, 0.1672901213169098, -2.440181016921997], "start_rotation": [0, 0.8998525062506871, 0, -0.43619429958948]}