{"episode_id": "62007", "start_position": [2.684446096420288, 0.1514829844236374, -0.49475032091140747], "start_rotation": [0, 0.9971030022564709, 0, 0.07606315067844842]}