{"episode_id": "55291", "start_position": [-5.255688667297363, 0.17646045982837677, -5.048072814941406], "start_rotation": [0, 0.30175725535616227, 0, 0.9533847905436271]}