{"episode_id": "57043", "start_position": [1.4738054275512695, 0.14570780098438263, -0.7765966653823853], "start_rotation": [0, 0.45686457878072756, 0, -0.8895362593258964]}