{"episode_id": "37273", "start_position": [-14.128318786621094, 0.14771485328674316, 1.1189765930175781], "start_rotation": [0, 0.6392524492530159, 0, 0.7689969480589766]}