{"episode_id": "9123", "start_position": [-4.26896333694458, 0.15165157616138458, -0.2847304344177246], "start_rotation": [0, 0.9490266732126991, 0, 0.3151957701664742]}