{"episode_id": "44867", "start_position": [-2.1837754249572754, 0.17923279106616974, 4.149501800537109], "start_rotation": [0, 0.09718155730645733, 0, -0.9952666702545061]}