{"episode_id": "37894", "start_position": [-9.716217041015625, 0.16167880594730377, 0.21504728496074677], "start_rotation": [0, 0.4256361126027881, 0, -0.9048944135358482]}