{"episode_id": "16010", "start_position": [6.442755699157715, 0.19016236066818237, 6.470759391784668], "start_rotation": [0, 0.5880431475091374, 0, -0.8088295597142496]}