{"episode_id": "21091", "start_position": [4.292760848999023, 0.09678955376148224, -2.059276819229126], "start_rotation": [0, 0.8635977626438163, 0, -0.504181420082687]}