{"episode_id": "55944", "start_position": [0.6451112627983093, 0.17282123863697052, -3.798964262008667], "start_rotation": [0, 0.8152246948537348, 0, -0.579144797870649]}