{"episode_id": "43460", "start_position": [0.4184655249118805, 0.1719042807817459, -4.635231018066406], "start_rotation": [0, 0.10236592525884838, 0, 0.994746810673902]}