{"episode_id": "6520", "start_position": [-4.810120105743408, 3.0807693004608154, -6.791081428527832], "start_rotation": [0, 0.2866560194429466, 0, -0.9580335727505195]}