{"episode_id": "65332", "start_position": [0.24797850847244263, 0.1649409383535385, 0.41323816776275635], "start_rotation": [0, 0.9945976504545105, 0, 0.10380517188641025]}