{"episode_id": "66995", "start_position": [-8.710100173950195, 0.03310127556324005, -7.519808769226074], "start_rotation": [0, 0.5386319560825034, 0, 0.8425411656926539]}