{"episode_id": "38337", "start_position": [-9.951325416564941, 0.03310127556324005, -3.7244935035705566], "start_rotation": [0, 0.992909290991462, 0, -0.11887447103071458]}