{"episode_id": "61130", "start_position": [1.6663970947265625, 0.14570780098438263, -6.052740097045898], "start_rotation": [0, 0.44141657651751937, 0, 0.8973022935307549]}