{"episode_id": "29542", "start_position": [-10.376493453979492, 0.062041521072387695, 0.37719911336898804], "start_rotation": [0, 0.9312961213982772, 0, -0.36426300150924656]}