{"episode_id": "27555", "start_position": [-0.6939148902893066, 0.053327083587646484, 2.0432755947113037], "start_rotation": [0, 0.9696458728537516, 0, -0.24451356047811773]}