{"episode_id": "46868", "start_position": [0.196217879652977, 0.12324567139148712, 1.360929250717163], "start_rotation": [0, 0.7638070685831008, 0, 0.6454446234825189]}