{"episode_id": "27861", "start_position": [-3.4286327362060547, 0.17000891268253326, 0.18181169033050537], "start_rotation": [0, 0.8415894221191036, 0, -0.5401178062027147]}