{"episode_id": "27833", "start_position": [-0.8076104521751404, -1.002579927444458, 1.6570703983306885], "start_rotation": [0, 0.678947058750481, 0, 0.7341872318517061]}