{"episode_id": "65651", "start_position": [2.1715917587280273, 0.1514829844236374, -2.2861180305480957], "start_rotation": [0, 0.45027495865577155, 0, -0.8928899493260876]}