{"episode_id": "8939", "start_position": [-1.1653282642364502, 0.044724658131599426, 6.07314395904541], "start_rotation": [0, 0.895441045013089, 0, 0.4451801151285478]}