{"episode_id": "25463", "start_position": [-8.172588348388672, 0.15165157616138458, 4.885949611663818], "start_rotation": [0, 0.9270905792212628, 0, -0.374837375296519]}