{"episode_id": "68049", "start_position": [-0.4759676456451416, 0.15562696754932404, 4.372086524963379], "start_rotation": [0, 0.40833051345318555, 0, -0.9128341534928773]}