{"episode_id": "10068", "start_position": [-4.345611572265625, 0.17635054886341095, 1.0156853199005127], "start_rotation": [0, 0.769055820451302, 0, -0.639181621317427]}