{"episode_id": "43863", "start_position": [-5.459107398986816, -2.943950891494751, 0.887484073638916], "start_rotation": [0, 0.9922520672593165, 0, -0.12424103597287389]}