{"episode_id": "31614", "start_position": [0.6975006461143494, 3.3211450576782227, 0.9731744527816772], "start_rotation": [0, 0.8872479116180754, 0, 0.4612929040526897]}