{"episode_id": "48716", "start_position": [0.17591187357902527, 0.17970331013202667, -0.36812958121299744], "start_rotation": [0, 0.7147903154949558, 0, -0.6993388340959064]}