{"episode_id": "64395", "start_position": [-1.5511994361877441, 0.09678955376148224, -4.3724822998046875], "start_rotation": [0, 0.36186460573884727, 0, -0.9322306619680929]}