{"episode_id": "43605", "start_position": [-2.9163105487823486, -0.03270988166332245, 7.9966325759887695], "start_rotation": [0, 0.5550019848067194, 0, -0.8318490228765085]}