{"episode_id": "24726", "start_position": [-9.676002502441406, 3.426356315612793, 4.6924591064453125], "start_rotation": [0, 0.9553710402986554, 0, -0.2954084889752916]}