{"episode_id": "59241", "start_position": [4.8024163246154785, 0.1887628585100174, 1.0430152416229248], "start_rotation": [0, 0.12760555283647723, 0, 0.9918249960982517]}