{"episode_id": "43401", "start_position": [-4.371480941772461, 0.17949719727039337, 7.785301208496094], "start_rotation": [0, 0.9783649534670631, 0, 0.206886485366714]}