{"episode_id": "46166", "start_position": [2.8640694618225098, 0.5591557025909424, -0.4875418543815613], "start_rotation": [0, 0.8261942006683692, 0, -0.5633854300405313]}