{"episode_id": "44388", "start_position": [-2.9907360076904297, -0.9379585385322571, -0.9460839629173279], "start_rotation": [0, 0.8039040748639178, 0, -0.5947589750623259]}