{"episode_id": "37366", "start_position": [-1.8590186834335327, 0.16243858635425568, 1.3619767427444458], "start_rotation": [0, 0.08037935895845903, 0, 0.9967643445937596]}