{"episode_id": "6488", "start_position": [1.784757375717163, 0.14570780098438263, -3.382537364959717], "start_rotation": [0, 0.06364380007760294, 0, 0.997972678339283]}