{"episode_id": "59895", "start_position": [2.4669079780578613, 0.09678955376148224, -1.562477469444275], "start_rotation": [0, 0.9251059657433071, 0, -0.3797090361660402]}