{"episode_id": "64815", "start_position": [-0.6287764310836792, -0.9671739935874939, 1.110358715057373], "start_rotation": [0, 0.5709535241197038, 0, -0.8209823830602523]}