{"episode_id": "50406", "start_position": [5.539719581604004, 0.14657917618751526, 12.601058959960938], "start_rotation": [0, 0.8937685592640006, 0, 0.44852844109504664]}