{"episode_id": "42482", "start_position": [-3.5988082885742188, 0.05604910850524902, -3.0996861457824707], "start_rotation": [0, 0.8604893008550686, 0, 0.5094685104243002]}