{"episode_id": "44035", "start_position": [-0.5162054896354675, 0.08356514573097229, -8.377613067626953], "start_rotation": [0, 0.6799377109492011, 0, -0.7332698747590553]}