{"episode_id": "46528", "start_position": [1.951026439666748, 0.18463699519634247, 6.603375434875488], "start_rotation": [0, 0.950683798340177, 0, -0.3101617571098887]}