{"episode_id": "35219", "start_position": [-4.0595808029174805, 1.8042073249816895, -4.395316123962402], "start_rotation": [0, 0.17673784078977645, 0, -0.984257961935268]}