{"episode_id": "30576", "start_position": [0.5047668814659119, -2.8915817737579346, -0.8542599678039551], "start_rotation": [0, 0.6819136821017013, 0, -0.7314326559311525]}