{"episode_id": "25835", "start_position": [0.8922578692436218, 0.014962434768676758, 6.608071327209473], "start_rotation": [0, 0.9516760412672886, 0, 0.3071037487199108]}