{"episode_id": "58239", "start_position": [-1.6541576385498047, 2.365107297897339, -8.123514175415039], "start_rotation": [0, 0.9614590906844098, 0, 0.27494802588909023]}