{"episode_id": "19096", "start_position": [-1.306635856628418, 2.7814598083496094, -1.5518494844436646], "start_rotation": [0, 0.7760390744391468, 0, 0.6306848301201103]}