{"episode_id": "57617", "start_position": [0.5544587969779968, 0.12194900214672089, 2.2302980422973633], "start_rotation": [0, 0.20881305704288125, 0, 0.9779555752734408]}