{"episode_id": "37273", "start_position": [1.4269757270812988, 0.1662864238023758, -0.1122269332408905], "start_rotation": [0, 0.9907096048930223, 0, -0.1359944071376164]}