{"episode_id": "48947", "start_position": [-5.112167835235596, 0.08076925575733185, -5.68989372253418], "start_rotation": [0, 0.6719299875490302, 0, -0.7406146716291543]}