{"episode_id": "35758", "start_position": [-4.5036234855651855, 1.5970072746276855, -4.291179656982422], "start_rotation": [0, 0.8936683163497138, 0, -0.44872813635058356]}