{"episode_id": "67238", "start_position": [3.9620749950408936, 0.18321557343006134, -1.121596097946167], "start_rotation": [0, 0.7369734818099622, 0, 0.6759216575231934]}