{"episode_id": "64388", "start_position": [-0.44971662759780884, 0.0701034814119339, 7.935094833374023], "start_rotation": [0, 0.9596597744097825, 0, 0.28116386215117595]}