{"episode_id": "37994", "start_position": [-0.556063711643219, 0.18463699519634247, 2.936906099319458], "start_rotation": [0, 0.02534904505624648, 0, -0.9996786613280971]}