{"episode_id": "31519", "start_position": [1.7795045375823975, 0.19742000102996826, 16.255197525024414], "start_rotation": [0, 0.3986836063974432, 0, -0.9170885355242037]}