{"episode_id": "43088", "start_position": [5.499468803405762, 0.021137923002243042, 3.6856322288513184], "start_rotation": [0, 0.9502242072656937, 0, -0.3115669365100927]}