{"episode_id": "60415", "start_position": [-1.7893996238708496, 0.15964920818805695, 2.977509021759033], "start_rotation": [0, 0.45615253132854977, 0, 0.8899016058882895]}