{"episode_id": "8824", "start_position": [-8.478260040283203, 0.17000891268253326, -4.762172698974609], "start_rotation": [0, 0.11112474293838848, 0, 0.9938064658206229]}