{"episode_id": "23526", "start_position": [-1.4330917596817017, 0.1719042807817459, -8.178741455078125], "start_rotation": [0, 0.8268071590128367, 0, -0.5624854858617435]}