{"episode_id": "48417", "start_position": [2.078375816345215, 0.021137923002243042, -2.3078036308288574], "start_rotation": [0, 0.13157180474132013, 0, -0.9913066428694564]}