{"episode_id": "52843", "start_position": [1.2825003862380981, -2.374966859817505, -1.9305328130722046], "start_rotation": [0, 0.7836081587587466, 0, 0.6212553851088352]}