{"episode_id": "56453", "start_position": [-3.777029275894165, 0.08372417092323303, 2.4457507133483887], "start_rotation": [0, 0.9974686868763342, 0, 0.07110709318486871]}