{"episode_id": "67094", "start_position": [-7.939366340637207, 0.14340753853321075, 2.9031882286071777], "start_rotation": [0, 0.01768363423691679, 0, 0.999843632314661]}