{"episode_id": "21992", "start_position": [-3.499525308609009, -2.967862606048584, -3.084500789642334], "start_rotation": [0, 0.3595839982724873, 0, -0.9331127199788737]}