{"episode_id": "40362", "start_position": [-4.533483505249023, 0.17282123863697052, 2.4806199073791504], "start_rotation": [0, 0.5770635315895769, 0, 0.8166992595254176]}