{"episode_id": "53994", "start_position": [-3.7625317573547363, 0.08820843696594238, 3.020742416381836], "start_rotation": [0, 0.4009006194594109, 0, 0.9161215494229249]}