{"episode_id": "68046", "start_position": [-4.564517974853516, 0.15964920818805695, 5.761965751647949], "start_rotation": [0, 0.9614704028068077, 0, 0.27490846572362015]}