{"episode_id": "63072", "start_position": [-3.8567519187927246, -2.8849050998687744, 4.943507194519043], "start_rotation": [0, 0.9513806275071535, 0, -0.3080176969008354]}