{"episode_id": "37625", "start_position": [-4.025824069976807, 0.1672901213169098, -4.182825088500977], "start_rotation": [0, 0.4592960231758349, 0, -0.8882832673730058]}