{"episode_id": "21557", "start_position": [-1.1782300472259521, 0.1751515418291092, 3.240715980529785], "start_rotation": [0, 0.2848522729936683, 0, 0.9585714279960261]}