{"episode_id": "63910", "start_position": [-1.669284462928772, 0.17949719727039337, 5.682973384857178], "start_rotation": [0, 0.2158560587932395, 0, 0.9764251952311808]}