{"episode_id": "18058", "start_position": [-0.9575961232185364, 0.14340916275978088, -1.901921033859253], "start_rotation": [0, 0.4611018346703392, 0, -0.8873472251963417]}