{"episode_id": "55731", "start_position": [-6.428530693054199, -2.852285146713257, 4.6826934814453125], "start_rotation": [0, 0.9926404201998787, 0, -0.12109911719499933]}