{"episode_id": "68218", "start_position": [0.9378676414489746, -0.22653770446777344, -1.6047437191009521], "start_rotation": [0, 0.36851547364758436, 0, 0.9296216142508179]}