{"episode_id": "34451", "start_position": [-8.489415168762207, 0.15165157616138458, -0.10737966746091843], "start_rotation": [0, 0.437536653766998, 0, 0.8992005764068316]}