{"episode_id": "42623", "start_position": [7.783713340759277, 0.1850493848323822, 4.988443851470947], "start_rotation": [0, 0.9863410519347395, 0, -0.1647159047216493]}