{"episode_id": "63179", "start_position": [5.2195820808410645, -2.943950891494751, -2.3480687141418457], "start_rotation": [0, 0.9313224616575977, 0, 0.36419565128105585]}