{"episode_id": "35553", "start_position": [0.0011798590421676636, 0.1751515418291092, 1.8183584213256836], "start_rotation": [0, 0.7699932082942837, 0, -0.6380520818715945]}