{"episode_id": "62024", "start_position": [-2.34747052192688, 0.15289896726608276, -0.47222405672073364], "start_rotation": [0, 0.9653103934318831, 0, -0.2611050446321999]}