{"episode_id": "47698", "start_position": [-1.9136239290237427, 2.7005860805511475, -1.1497278213500977], "start_rotation": [0, 0.960069504987795, 0, -0.27976158705671217]}