{"episode_id": "16394", "start_position": [-0.9815518856048584, 3.1434075832366943, -0.15020515024662018], "start_rotation": [0, 0.27656385722754456, 0, 0.9609955425887377]}