{"episode_id": "30150", "start_position": [2.6310653686523438, 2.576350688934326, -1.1736516952514648], "start_rotation": [0, 0.9990177602613429, 0, -0.04431156375496127]}