{"episode_id": "47342", "start_position": [-1.9283088445663452, 2.365107297897339, -8.074710845947266], "start_rotation": [0, 0.880949663442313, 0, 0.4732099856098511]}