{"episode_id": "14594", "start_position": [4.375669479370117, 0.021137923002243042, 5.482686996459961], "start_rotation": [0, 0.49152328785555116, 0, 0.8708644311806912]}