{"episode_id": "3457", "start_position": [-3.6032941341400146, -1.002579927444458, -0.6964336633682251], "start_rotation": [0, 0.9773194541929825, 0, -0.2117703578311438]}