{"episode_id": "62007", "start_position": [4.726857662200928, 0.014962434768676758, 6.7905731201171875], "start_rotation": [0, 0.9655967549002048, 0, -0.2600440480499289]}