{"episode_id": "41358", "start_position": [-2.063389301300049, 0.06926380097866058, -0.13374710083007812], "start_rotation": [0, 0.8994625193316469, 0, -0.43699791340184535]}