{"episode_id": "6991", "start_position": [-2.1019561290740967, 0.15964920818805695, 5.605104923248291], "start_rotation": [0, 0.951831176137608, 0, -0.30662258907735074]}