{"episode_id": "41781", "start_position": [1.8070855140686035, 0.014962434768676758, 1.9422580003738403], "start_rotation": [0, 0.766353215115874, 0, 0.6424194499558392]}