{"episode_id": "14345", "start_position": [-7.862479209899902, 0.1672901213169098, -0.36404621601104736], "start_rotation": [0, 0.43682838299224025, 0, -0.8995448648135259]}