{"episode_id": "32933", "start_position": [0.22704975306987762, 0.17002512514591217, -4.827707290649414], "start_rotation": [0, 0.17016325701907717, 0, 0.9854158847718355]}