{"episode_id": "65289", "start_position": [1.4925625324249268, 0.03729018568992615, 15.33120346069336], "start_rotation": [0, 0.9478774108230335, 0, 0.31863523667576743]}