{"episode_id": "19208", "start_position": [-2.324336528778076, 1.5970072746276855, -2.8365440368652344], "start_rotation": [0, 0.4434551925245055, 0, -0.8962965425700659]}