{"episode_id": "53322", "start_position": [9.256708145141602, 0.5797033309936523, -0.2625938653945923], "start_rotation": [0, 0.04793877499404639, 0, 0.9988502759933894]}