{"episode_id": "25942", "start_position": [-3.492232322692871, 0.19961218535900116, 1.6349353790283203], "start_rotation": [0, 0.04294546518969363, 0, 0.9990774179309834]}