{"episode_id": "54621", "start_position": [-1.504595160484314, 0.0701034814119339, 5.184516429901123], "start_rotation": [0, 0.828336607381882, 0, -0.5602307246760695]}