{"episode_id": "56662", "start_position": [1.6082561016082764, 0.18321557343006134, -7.571269989013672], "start_rotation": [0, 0.35202677601862187, 0, -0.9359899299490005]}