{"episode_id": "19087", "start_position": [-7.6245903968811035, 0.17635054886341095, 1.296037197113037], "start_rotation": [0, 0.9480973538615123, 0, 0.3179802000137719]}