{"episode_id": "33112", "start_position": [-1.7123154401779175, 0.09678955376148224, -2.2261531352996826], "start_rotation": [0, 0.908412010090235, 0, -0.4180760934612489]}