{"episode_id": "27527", "start_position": [-3.9172096252441406, 0.044724658131599426, 6.2195634841918945], "start_rotation": [0, 0.44463512569937236, 0, 0.895711786789871]}