{"episode_id": "52393", "start_position": [-2.5042049884796143, 0.07897855341434479, 0.1231803297996521], "start_rotation": [0, 0.9901754432859987, 0, 0.1398305814669168]}