{"episode_id": "4520", "start_position": [-6.749705791473389, 0.10841822624206543, -6.736842155456543], "start_rotation": [0, 0.9965634515557255, 0, -0.08283288612223522]}