{"episode_id": "48260", "start_position": [-4.8224687576293945, 0.13571372628211975, -2.430638074874878], "start_rotation": [0, 0.9663155781361943, 0, 0.2573600657664524]}