{"episode_id": "12694", "start_position": [-4.2287774085998535, 0.037133216857910156, -1.958184003829956], "start_rotation": [0, 0.4158906219481464, 0, 0.9094146417204773]}