{"episode_id": "59662", "start_position": [-3.5634634494781494, 0.08820843696594238, 3.101126194000244], "start_rotation": [0, 0.1955008563494145, 0, 0.9807035307199855]}