{"episode_id": "52393", "start_position": [-4.530244827270508, 3.1651172637939453, -1.9191957712173462], "start_rotation": [0, 0.4363338471996262, 0, 0.8997848486099181]}