{"episode_id": "17932", "start_position": [-1.3579299449920654, -2.9218928813934326, 8.58596420288086], "start_rotation": [0, 0.8172098985209435, 0, 0.5763401615013387]}