{"episode_id": "56148", "start_position": [2.6322476863861084, 0.09678955376148224, -4.642422199249268], "start_rotation": [0, 0.9570480590142769, 0, -0.28992932369287033]}