{"episode_id": "46294", "start_position": [0.6818575859069824, 0.014962434768676758, 3.495372772216797], "start_rotation": [0, 0.6788072994815789, 0, 0.7343164509736425]}