{"episode_id": "51014", "start_position": [1.9421736001968384, 0.18463699519634247, -0.24786874651908875], "start_rotation": [0, 0.39843296559156344, 0, 0.9171974552569976]}