{"episode_id": "67689", "start_position": [-3.775662660598755, 1.5974199771881104, 0.40639546513557434], "start_rotation": [0, 0.5865340784491759, 0, 0.8099245488425301]}