{"episode_id": "32465", "start_position": [-4.2704176902771, -3.206904888153076, -1.79512357711792], "start_rotation": [0, 0.9586137887419661, 0, -0.28470968377238787]}