{"episode_id": "67261", "start_position": [6.459299087524414, 0.16646166145801544, 1.8571865558624268], "start_rotation": [0, 0.9503427902608454, 0, 0.3112050465516757]}