{"episode_id": "25913", "start_position": [-5.420094966888428, 0.03310127556324005, -9.23324203491211], "start_rotation": [0, 0.14726981892661123, 0, -0.9890963554848047]}