{"episode_id": "4825", "start_position": [-0.007436037063598633, 0.18321557343006134, -7.045327186584473], "start_rotation": [0, 0.9279699920993268, 0, -0.3726549258538994]}