{"episode_id": "12700", "start_position": [1.018417239189148, 0.18145985901355743, -1.26461923122406], "start_rotation": [0, 0.3145349063659032, 0, 0.9492459073798488]}