{"episode_id": "24198", "start_position": [0.07837167382240295, 0.14570780098438263, -1.5725605487823486], "start_rotation": [0, 0.7493442760518799, 0, -0.6621806067443262]}