{"episode_id": "40626", "start_position": [-6.4477996826171875, 0.1672901213169098, 0.09932220727205276], "start_rotation": [0, 0.7104046921208003, 0, 0.7037934167159785]}