{"episode_id": "59903", "start_position": [-0.8069134950637817, 0.14340916275978088, -7.312108516693115], "start_rotation": [0, 0.37264530480151353, 0, 0.9279738556712613]}