{"episode_id": "14457", "start_position": [3.881699323654175, 2.365107297897339, -6.883698463439941], "start_rotation": [0, 0.3408231476544403, 0, -0.940127428608973]}