{"episode_id": "51327", "start_position": [0.43122538924217224, 0.17970331013202667, -2.184007406234741], "start_rotation": [0, 0.9537412687799184, 0, -0.3006286616842636]}