{"episode_id": "8939", "start_position": [-2.330608606338501, 0.1662864238023758, -1.640137791633606], "start_rotation": [0, 0.9134812572191605, 0, 0.4068808089714996]}