{"episode_id": "40555", "start_position": [-0.41800621151924133, 1.5970072746276855, -0.5139864683151245], "start_rotation": [0, 0.16592394793787663, 0, -0.9861385518783397]}