{"episode_id": "45651", "start_position": [-4.086900234222412, 0.17702746391296387, 0.45037606358528137], "start_rotation": [0, 0.1608190850749698, 0, 0.9869839015281099]}