{"episode_id": "8254", "start_position": [-5.198508262634277, 0.1005861759185791, 0.6397378444671631], "start_rotation": [0, 0.20232368192872768, 0, -0.9793187059026306]}