{"episode_id": "63064", "start_position": [-4.97147798538208, 0.14340916275978088, -5.7389984130859375], "start_rotation": [0, 0.9984117615188164, 0, -0.05633785992469176]}