{"episode_id": "26658", "start_position": [2.7038662433624268, 0.1514829844236374, 1.4395968914031982], "start_rotation": [0, 0.8410568234882889, 0, 0.5409467808054589]}