{"episode_id": "56271", "start_position": [-1.0877177715301514, 0.15562696754932404, -0.019405528903007507], "start_rotation": [0, 0.44241572112666905, 0, -0.8968100856368473]}