{"episode_id": "7245", "start_position": [-0.31695735454559326, 0.16646166145801544, 1.5263487100601196], "start_rotation": [0, 0.8034366520966343, 0, 0.5953902468698592]}