{"episode_id": "3584", "start_position": [4.2170844078063965, 0.14657917618751526, 0.057952091097831726], "start_rotation": [0, 0.5193135178520537, 0, -0.8545837993878217]}