{"episode_id": "67548", "start_position": [-0.934638500213623, 0.1764119416475296, -2.324899196624756], "start_rotation": [0, 0.1147251485734849, 0, -0.9933972721347647]}