{"episode_id": "56874", "start_position": [9.170653343200684, 0.30776822566986084, -1.190004825592041], "start_rotation": [0, 0.7658081703515123, 0, -0.6430690835539127]}