{"episode_id": "46198", "start_position": [3.4544551372528076, 0.12114477157592773, -3.164680242538452], "start_rotation": [0, 0.8947003316532749, 0, 0.4466668966237815]}