{"episode_id": "8248", "start_position": [-6.288151741027832, 0.12324567139148712, -1.1003130674362183], "start_rotation": [0, 0.14257426008234128, 0, -0.9897841079558577]}