{"episode_id": "45299", "start_position": [-5.122472763061523, 0.16646166145801544, -1.2598694562911987], "start_rotation": [0, 0.9659822572320381, 0, 0.2586083500448053]}