{"episode_id": "1241", "start_position": [-2.610063076019287, 0.0701034814119339, -1.5088969469070435], "start_rotation": [0, 0.9049073568855284, 0, -0.42560859419711783]}