{"episode_id": "52477", "start_position": [-1.4645071029663086, 0.18321557343006134, 0.35332226753234863], "start_rotation": [0, 0.5858005396249951, 0, -0.8104552595764091]}