{"episode_id": "42895", "start_position": [0.49318110942840576, 0.14657917618751526, 14.065752029418945], "start_rotation": [0, 0.31218833807122615, 0, -0.9500202321910444]}