{"episode_id": "4281", "start_position": [-3.9134113788604736, 0.15964920818805695, 3.099891424179077], "start_rotation": [0, 0.9768316874155927, 0, -0.21400900556005995]}