{"episode_id": "25907", "start_position": [-1.178144931793213, 0.17949719727039337, 7.7090044021606445], "start_rotation": [0, 0.9360343180204648, 0, -0.3519087317586244]}