{"episode_id": "57908", "start_position": [5.431250095367432, 0.25830507278442383, -2.2437286376953125], "start_rotation": [0, 0.8050995828242903, 0, 0.5931396646120994]}