{"episode_id": "4254", "start_position": [-0.8988662958145142, 0.14570780098438263, -5.190546989440918], "start_rotation": [0, 0.22078734846345002, 0, -0.9753219708170626]}