{"episode_id": "5125", "start_position": [2.479555606842041, 0.18463699519634247, 4.382397174835205], "start_rotation": [0, 0.35549892668491023, 0, -0.9346766890887334]}