{"episode_id": "3942", "start_position": [2.2217330932617188, 0.09099389612674713, 6.844537734985352], "start_rotation": [0, 0.6061898747970342, 0, -0.7953199580631407]}