{"episode_id": "24757", "start_position": [-1.1743803024291992, 0.11509490013122559, 0.8519963026046753], "start_rotation": [0, 0.9992826029260246, 0, -0.037871882569910295]}