{"episode_id": "40439", "start_position": [-0.2930530309677124, 0.0701034814119339, 3.4169256687164307], "start_rotation": [0, 0.9603145253809597, 0, 0.27891936530535477]}