{"episode_id": "16588", "start_position": [-10.184770584106445, 0.15165157616138458, 1.3136093616485596], "start_rotation": [0, 0.9970120140017611, 0, 0.07724664352677224]}