{"episode_id": "47029", "start_position": [5.170217514038086, 0.22113794088363647, -1.2629538774490356], "start_rotation": [0, 0.21649362833722058, 0, -0.9762840308482903]}