{"episode_id": "53229", "start_position": [0.24766315519809723, 0.2331012785434723, -0.541978120803833], "start_rotation": [0, 0.9230868566188951, 0, 0.3845915432474399]}