{"episode_id": "41083", "start_position": [5.59635066986084, 0.15289896726608276, -2.2825746536254883], "start_rotation": [0, 0.047107538523101955, 0, -0.9988898236613958]}