{"episode_id": "49247", "start_position": [0.7535951137542725, 2.7814598083496094, 0.45171988010406494], "start_rotation": [0, 0.9792016081342235, 0, -0.2028896513559788]}