{"episode_id": "60099", "start_position": [-11.042064666748047, 0.062041521072387695, 0.16888810694217682], "start_rotation": [0, 0.8922200759736257, 0, -0.45160085919937915]}