{"episode_id": "43682", "start_position": [-2.2600817680358887, 0.1662864238023758, -0.29310911893844604], "start_rotation": [0, 0.02872467282233867, 0, -0.9995873614503384]}