{"episode_id": "3139", "start_position": [1.8378748893737793, 0.15964920818805695, 4.391728401184082], "start_rotation": [0, 0.9851314093237027, 0, -0.17180252141309008]}