{"episode_id": "51650", "start_position": [-2.8016650676727295, 1.662041425704956, 0.036334890872240067], "start_rotation": [0, 0.6687713690791519, 0, -0.7434681270236114]}