{"episode_id": "12952", "start_position": [1.9854345321655273, 0.18463699519634247, 1.2013225555419922], "start_rotation": [0, 0.5732503790882678, 0, 0.8193802553608167]}