{"episode_id": "64047", "start_position": [0.9748976230621338, 0.1662864238023758, -0.026298485696315765], "start_rotation": [0, 0.07382080864663652, 0, 0.9972715218087583]}