{"episode_id": "39219", "start_position": [-2.4166948795318604, 0.16243858635425568, -0.1087706908583641], "start_rotation": [0, 0.14076472923300953, 0, 0.9900430753275119]}