{"episode_id": "26924", "start_position": [-1.9005725383758545, 0.17702746391296387, 4.20184326171875], "start_rotation": [0, 0.617340536916249, 0, 0.7866960413526671]}