{"episode_id": "59966", "start_position": [-1.3805887699127197, 0.17000891268253326, -0.23660951852798462], "start_rotation": [0, 0.17092962141844864, 0, -0.985283240759603]}