{"episode_id": "19594", "start_position": [-5.2466020584106445, 0.050101980566978455, -6.778674125671387], "start_rotation": [0, 0.9978828381745446, 0, -0.06503722992806275]}