{"episode_id": "2457", "start_position": [-0.011914581060409546, 0.0701034814119339, 3.3463191986083984], "start_rotation": [0, 0.7312421269217809, 0, -0.6821179896578817]}