{"episode_id": "37191", "start_position": [4.816585063934326, 0.346015989780426, -2.7364611625671387], "start_rotation": [0, 0.7726568503827609, 0, 0.6348239059428936]}