{"episode_id": "47935", "start_position": [3.22072172164917, 2.365107297897339, -3.1403141021728516], "start_rotation": [0, 0.8739380776714807, 0, -0.4860372788129291]}