{"episode_id": "21845", "start_position": [-0.3678639531135559, 0.17282123863697052, -7.031513690948486], "start_rotation": [0, 0.47650185185486044, 0, -0.8791734670580594]}