{"episode_id": "59390", "start_position": [-4.526544094085693, 0.1649409383535385, 1.11115562915802], "start_rotation": [0, 0.6430109555320849, 0, 0.7658569782052751]}