{"episode_id": "39823", "start_position": [4.53741455078125, 2.365107297897339, -0.15190285444259644], "start_rotation": [0, 0.44875512926282896, 0, -0.8936547621762565]}