{"episode_id": "12812", "start_position": [-3.8926889896392822, 0.12194900214672089, 1.3552488088607788], "start_rotation": [0, 0.9912958811561372, 0, 0.13165286173447804]}