{"episode_id": "23569", "start_position": [3.508206367492676, 0.014962434768676758, 8.661952018737793], "start_rotation": [0, 0.24469314841472284, 0, 0.9696005688523962]}