{"episode_id": "34724", "start_position": [0.10758902132511139, 3.1434075832366943, -1.9454983472824097], "start_rotation": [0, 0.5658025128512452, 0, 0.8245407912597269]}