{"episode_id": "16035", "start_position": [-0.9976816177368164, 0.18128342926502228, 5.422615051269531], "start_rotation": [0, 0.9218813323447059, 0, 0.3874723333018112]}