{"episode_id": "25907", "start_position": [-2.4791150093078613, 0.17800255119800568, -5.945455551147461], "start_rotation": [0, 0.7432641692986844, 0, 0.6689980378422171]}