{"episode_id": "15366", "start_position": [0.8982220888137817, 0.14340916275978088, -1.9752321243286133], "start_rotation": [0, 0.7163695466754136, 0, 0.6977210564373576]}