{"episode_id": "55164", "start_position": [-8.188749313354492, 0.17702746391296387, 8.09091854095459], "start_rotation": [0, 0.29926987278329276, 0, 0.9541685088307368]}