{"episode_id": "18554", "start_position": [-2.077878952026367, 2.365107297897339, -6.94389533996582], "start_rotation": [0, 0.7259669003939362, 0, 0.6877296413071207]}