{"episode_id": "56219", "start_position": [-8.160329818725586, -3.1604597568511963, -1.9310338497161865], "start_rotation": [0, 0.6612145592006752, 0, 0.7501968453019893]}