{"episode_id": "21038", "start_position": [4.587383270263672, 0.014962434768676758, 4.776148796081543], "start_rotation": [0, 0.994118920942747, 0, -0.10829391037185966]}