{"episode_id": "39216", "start_position": [-5.436559677124023, 0.1005861759185791, -2.6357064247131348], "start_rotation": [0, 0.6660943735510407, 0, 0.7458674718230086]}