{"episode_id": "56825", "start_position": [-5.964295387268066, 0.18321557343006134, -2.938422679901123], "start_rotation": [0, 0.4219869366886712, 0, 0.906601911129748]}