{"episode_id": "11161", "start_position": [0.7943248748779297, 0.18360306322574615, -1.339461088180542], "start_rotation": [0, 0.896437765719424, 0, -0.4431696426787005]}