{"episode_id": "51736", "start_position": [0.9691748023033142, -2.374966859817505, -6.560252666473389], "start_rotation": [0, 0.2393072120852928, 0, 0.9709439006677805]}