{"episode_id": "50311", "start_position": [-7.221046447753906, 0.11509490013122559, 1.3246240615844727], "start_rotation": [0, 0.9386404859497807, 0, 0.3448971413856014]}