{"episode_id": "24355", "start_position": [0.3817545473575592, 0.43213748931884766, -0.8525022864341736], "start_rotation": [0, 0.33952419085932317, 0, -0.9405973228865379]}