{"episode_id": "6857", "start_position": [-4.6995625495910645, 0.4271291494369507, 1.2385984659194946], "start_rotation": [0, 0.8020442163172926, 0, -0.5972646608263208]}