{"episode_id": "14853", "start_position": [-4.376533031463623, 1.5974199771881104, 0.38277584314346313], "start_rotation": [0, 0.9954142910897719, 0, 0.09565766615513364]}