{"episode_id": "27450", "start_position": [4.181845664978027, 0.18128342926502228, 0.3840274512767792], "start_rotation": [0, 0.7193974610706381, 0, 0.6945986560634276]}