{"episode_id": "35908", "start_position": [-3.494588613510132, -2.8915817737579346, -1.3109562397003174], "start_rotation": [0, 0.2865299329830578, 0, -0.9580712904083518]}