{"episode_id": "68249", "start_position": [0.5476460456848145, 0.15289896726608276, -0.7529833912849426], "start_rotation": [0, 0.4900680017322817, 0, -0.8716842052475933]}