{"episode_id": "24582", "start_position": [-6.758746147155762, 0.17702746391296387, 4.459914684295654], "start_rotation": [0, 0.47220413170308156, 0, -0.88148922738882]}