{"episode_id": "64395", "start_position": [-0.31499049067497253, 0.17635054886341095, 1.350675106048584], "start_rotation": [0, 0.9869294249737062, 0, -0.16115306426211592]}