{"episode_id": "16637", "start_position": [-1.1844733953475952, 0.09678955376148224, 1.3438878059387207], "start_rotation": [0, 0.3552502840515613, 0, -0.9347712210382202]}