{"episode_id": "26316", "start_position": [-0.5208278894424438, 0.2331012785434723, -1.7373769283294678], "start_rotation": [0, 0.9999984460752258, 0, 0.0017629087139642194]}