{"episode_id": "38888", "start_position": [-4.77885627746582, 0.11509490013122559, 0.4104546904563904], "start_rotation": [0, 0.3907978457516136, 0, 0.9204765308012465]}