{"episode_id": "37273", "start_position": [-5.663514137268066, 0.14340753853321075, -2.4341881275177], "start_rotation": [0, 0.9206013841644531, 0, -0.390503638234643]}