{"episode_id": "22656", "start_position": [-2.647808790206909, 0.2885999083518982, -4.6148681640625], "start_rotation": [0, 0.9999815532649707, 0, -0.006073971499471831]}