{"episode_id": "63611", "start_position": [-1.7248773574829102, 0.18128342926502228, 4.558167457580566], "start_rotation": [0, 0.675053723558936, 0, 0.7377685750350279]}