{"episode_id": "41315", "start_position": [-6.546522617340088, 0.062041521072387695, -2.867459297180176], "start_rotation": [0, 0.7898644433899036, 0, -0.6132814696926345]}