{"episode_id": "30391", "start_position": [-5.2195868492126465, 0.17923279106616974, 3.7724053859710693], "start_rotation": [0, 0.8259230590577178, 0, -0.5637828487252354]}