{"episode_id": "46240", "start_position": [-3.8750624656677246, 0.09678955376148224, -3.9275174140930176], "start_rotation": [0, 0.9738469678496744, 0, 0.22720493658808372]}