{"episode_id": "17389", "start_position": [0.6095011234283447, 0.18360306322574615, -4.362070083618164], "start_rotation": [0, 0.9989303998008423, 0, -0.04623912146364168]}