{"episode_id": "35492", "start_position": [-2.2412452697753906, 0.15562696754932404, 2.480281114578247], "start_rotation": [0, 0.2045949196857086, 0, -0.9788467289820192]}