{"episode_id": "45459", "start_position": [0.9310991764068604, 0.15165157616138458, 2.7436184883117676], "start_rotation": [0, 0.6669880003930522, 0, -0.7450684581511137]}