{"episode_id": "4491", "start_position": [-5.707540035247803, 0.20017647743225098, -0.6489811539649963], "start_rotation": [0, 0.4893871909627102, 0, -0.8720666128924027]}