{"episode_id": "53969", "start_position": [0.1516193151473999, 0.021137923002243042, 1.3339171409606934], "start_rotation": [0, 0.3898048911311441, 0, 0.9208974681527998]}