{"episode_id": "43931", "start_position": [-0.9093013405799866, 0.17949719727039337, 1.3304486274719238], "start_rotation": [0, 0.2057567424738982, 0, -0.978603169280853]}