{"episode_id": "20847", "start_position": [-0.3754001259803772, 0.12768904864788055, 5.714735984802246], "start_rotation": [0, 0.6532334196564051, 0, 0.757156588457103]}