{"episode_id": "24815", "start_position": [1.285186529159546, 3.683565139770508, -7.945123672485352], "start_rotation": [0, 0.12129331353656746, 0, -0.9926167095567755]}