{"episode_id": "67273", "start_position": [2.33272385597229, 0.1005861759185791, -0.7724307179450989], "start_rotation": [0, 0.9815558585193604, 0, -0.19117556487773538]}