{"episode_id": "34150", "start_position": [-3.2368056774139404, 0.044724658131599426, 2.944833755493164], "start_rotation": [0, 0.11419806249284686, 0, -0.9934580023951087]}