{"episode_id": "180", "start_position": [-4.160806655883789, 0.12324567139148712, -3.4292309284210205], "start_rotation": [0, 0.9249443247727945, 0, 0.3801026125542932]}