{"episode_id": "66466", "start_position": [-4.22150993347168, 3.483800172805786, 6.762228012084961], "start_rotation": [0, 0.37992830541583705, 0, 0.9250159364810157]}