{"episode_id": "12486", "start_position": [2.1595335006713867, 0.14657917618751526, 10.409367561340332], "start_rotation": [0, 0.2677575078716647, 0, -0.9634863346090361]}