{"episode_id": "33112", "start_position": [0.6816579699516296, 0.17635054886341095, 1.5465317964553833], "start_rotation": [0, 0.9816728041820433, 0, -0.19057414706450543]}