{"episode_id": "62405", "start_position": [-8.942693710327148, 0.11509490013122559, 0.5963454842567444], "start_rotation": [0, 0.8870816465789362, 0, 0.46161255648303523]}