{"episode_id": "66108", "start_position": [-3.4856491088867188, 0.16511733829975128, -0.6263769865036011], "start_rotation": [0, 0.7114054794884901, 0, -0.7027817895718069]}