{"episode_id": "35123", "start_position": [-1.623305320739746, 0.1751515418291092, -2.0977282524108887], "start_rotation": [0, 0.941811855451943, 0, 0.33614048987018563]}