{"episode_id": "60298", "start_position": [-9.396965026855469, 0.08356514573097229, -5.562633037567139], "start_rotation": [0, 0.8583304847308018, 0, 0.5130972412533388]}