{"episode_id": "9061", "start_position": [-2.0076396465301514, 1.662041425704956, 0.3572874367237091], "start_rotation": [0, 0.4429676957861251, 0, 0.8965375733843679]}