{"episode_id": "5583", "start_position": [-4.134635925292969, -2.1628668308258057, 0.23095953464508057], "start_rotation": [0, 0.27310361902007774, 0, 0.961984622163024]}