{"episode_id": "56639", "start_position": [-0.7534778714179993, 0.17646045982837677, -4.870249271392822], "start_rotation": [0, 0.9992839038602203, 0, 0.037837540695427475]}