{"episode_id": "56088", "start_position": [-2.681915283203125, 0.12114477157592773, -7.5033159255981445], "start_rotation": [0, 0.7644814532992543, 0, 0.6446457225185475]}