{"episode_id": "8483", "start_position": [1.7062642574310303, 0.0701034814119339, -0.009416982531547546], "start_rotation": [0, 0.21001113954715106, 0, -0.9776989931804712]}