{"episode_id": "45728", "start_position": [1.1776292324066162, 0.17949719727039337, 0.16046059131622314], "start_rotation": [0, 0.9680370339003969, 0, 0.25080729853280165]}