{"episode_id": "4207", "start_position": [-10.992471694946289, -2.852285146713257, 8.697670936584473], "start_rotation": [0, 0.680820965404908, 0, -0.7324498706840824]}