{"episode_id": "29214", "start_position": [0.565072774887085, 0.021137923002243042, -1.3376737833023071], "start_rotation": [0, 0.584009541267697, 0, 0.8117467928537162]}