{"episode_id": "45976", "start_position": [10.129510879516602, 0.19309520721435547, -2.8613364696502686], "start_rotation": [0, 0.6885406738637385, 0, -0.7251977250621163]}