{"episode_id": "60741", "start_position": [-2.123225688934326, 0.14657917618751526, -4.449709415435791], "start_rotation": [0, 0.9999998088799349, 0, -0.000618255686292886]}