{"episode_id": "35842", "start_position": [-7.403907299041748, 3.683565139770508, -1.4287320375442505], "start_rotation": [0, 0.13718644175205974, 0, 0.9905452438931847]}