{"episode_id": "4063", "start_position": [-1.866654396057129, 0.16243858635425568, 1.2118680477142334], "start_rotation": [0, 0.19848286945900417, 0, -0.9801043569596658]}