{"episode_id": "9901", "start_position": [1.3906128406524658, 0.15562696754932404, -0.9410374760627747], "start_rotation": [0, 0.8563982904091525, 0, 0.5163157640284488]}