{"episode_id": "28022", "start_position": [-3.852116823196411, 0.17949719727039337, 1.4233713150024414], "start_rotation": [0, 0.7597280855082961, 0, 0.6502409061954648]}