{"episode_id": "5740", "start_position": [-4.667314529418945, 0.04994446039199829, 0.007551379501819611], "start_rotation": [0, 0.6734701452734128, 0, -0.7392144231719294]}