{"episode_id": "25232", "start_position": [5.000516414642334, 0.17646045982837677, -7.410706520080566], "start_rotation": [0, 0.5979096175511127, 0, 0.8015635278877664]}