{"episode_id": "57261", "start_position": [4.107080459594727, 0.18321557343006134, -0.9528055191040039], "start_rotation": [0, 0.493569521725385, 0, 0.8697063453969821]}