{"episode_id": "10942", "start_position": [2.763805389404297, 0.1514829844236374, 3.5257949829101562], "start_rotation": [0, 0.49433829144579866, 0, 0.8692696092757692]}