{"episode_id": "13003", "start_position": [-1.4299256801605225, 0.15562696754932404, 1.2821321487426758], "start_rotation": [0, 0.4277296739583675, 0, 0.903906702052523]}