{"episode_id": "59662", "start_position": [-1.9054954051971436, 0.1719042807817459, -2.2340691089630127], "start_rotation": [0, 0.5442312309746813, 0, 0.8389352580692881]}