{"episode_id": "69014", "start_position": [-3.3805909156799316, 0.1719042807817459, 0.8591715693473816], "start_rotation": [0, 0.37254490391339407, 0, 0.9280141672238414]}