{"episode_id": "21845", "start_position": [-4.319906234741211, 0.044724658131599426, 3.5301170349121094], "start_rotation": [0, 0.48791884692904175, 0, 0.8728889956984418]}