{"episode_id": "42696", "start_position": [1.3624943494796753, 0.14570780098438263, -0.7863098382949829], "start_rotation": [0, 0.5431165384813332, 0, -0.839657326311189]}