{"episode_id": "8649", "start_position": [4.656135082244873, 0.16646166145801544, 0.5929960012435913], "start_rotation": [0, 0.7591673497986778, 0, 0.6508954870020623]}