{"episode_id": "33112", "start_position": [-1.1027530431747437, 0.05919721722602844, 5.615476608276367], "start_rotation": [0, 0.9935243649630603, 0, -0.11361925991990844]}