{"episode_id": "51265", "start_position": [0.7637748718261719, 0.0701034814119339, 0.773093581199646], "start_rotation": [0, 0.9485156036960058, 0, 0.3167304051479768]}