{"episode_id": "51649", "start_position": [5.052108287811279, 0.14657917618751526, 9.814183235168457], "start_rotation": [0, 0.6528341803973408, 0, 0.7575008468014622]}