{"episode_id": "19201", "start_position": [-4.121316909790039, 0.15165157616138458, 6.7316131591796875], "start_rotation": [0, 0.9743932978107582, 0, -0.2248503973344835]}