{"episode_id": "7179", "start_position": [-2.464449405670166, -3.206904888153076, -2.2578678131103516], "start_rotation": [0, 0.9996826002004978, 0, 0.02519323036793002]}