{"episode_id": "24757", "start_position": [0.2458866834640503, 0.12194900214672089, -0.16702844202518463], "start_rotation": [0, 0.9903669691457201, 0, 0.13846756452368283]}