{"episode_id": "49506", "start_position": [-16.136301040649414, -2.852285146713257, 17.745506286621094], "start_rotation": [0, 0.5988757076926614, 0, 0.8008419861218653]}