{"episode_id": "48963", "start_position": [0.2670195996761322, 0.1887628585100174, 3.9595212936401367], "start_rotation": [0, 0.941097292335878, 0, 0.3381358992447843]}