{"episode_id": "60741", "start_position": [-2.516479015350342, 0.14340916275978088, -8.127137184143066], "start_rotation": [0, 0.8218130802644449, 0, -0.5697571948701174]}