{"episode_id": "19096", "start_position": [-3.8214426040649414, 0.0701034814119339, 2.212704658508301], "start_rotation": [0, 0.6076486311126921, 0, 0.7942059815355658]}