{"episode_id": "53229", "start_position": [-6.505614757537842, 0.12324567139148712, 0.5239508152008057], "start_rotation": [0, 0.949996872588554, 0, 0.31225941470509216]}