{"episode_id": "27527", "start_position": [-0.1005430817604065, 0.5571335554122925, -2.253472089767456], "start_rotation": [0, 0.5444365859353935, 0, 0.8388020051806105]}