{"episode_id": "39875", "start_position": [-1.9085135459899902, 0.035691067576408386, 2.6587207317352295], "start_rotation": [0, 0.8109633722520558, 0, 0.5850969226252805]}