{"episode_id": "19734", "start_position": [0.6093354225158691, 0.17282123863697052, -6.762382984161377], "start_rotation": [0, 0.9127440801456109, 0, 0.408531815357314]}