{"episode_id": "24483", "start_position": [5.732842445373535, 0.05604910850524902, 4.427504539489746], "start_rotation": [0, 0.9939866079414784, 0, 0.1095017042469828]}