{"episode_id": "55921", "start_position": [2.014894962310791, 0.1662864238023758, 0.350249707698822], "start_rotation": [0, 0.46517313873569716, 0, 0.885219719052157]}