{"episode_id": "53215", "start_position": [0.1479552686214447, 0.18128342926502228, 3.4070394039154053], "start_rotation": [0, 0.8642205051735227, 0, 0.5031132262598761]}