{"episode_id": "26595", "start_position": [-0.005350098013877869, 0.1649409383535385, 0.1459965705871582], "start_rotation": [0, 0.021665466124401997, 0, 0.9997652762411847]}