{"episode_id": "20950", "start_position": [0.25883662700653076, 0.14340916275978088, -1.8555479049682617], "start_rotation": [0, 0.6692556437636196, 0, -0.7430322222424429]}