{"episode_id": "67548", "start_position": [0.3766287863254547, 0.1719042807817459, -2.7118606567382812], "start_rotation": [0, 0.13502938818459123, 0, 0.9908415939626752]}