{"episode_id": "13830", "start_position": [9.773368835449219, 0.14657917618751526, 9.419429779052734], "start_rotation": [0, 0.4053898036654145, 0, -0.9141439203342746]}