{"episode_id": "58363", "start_position": [1.7614096403121948, 0.15562696754932404, 2.7011852264404297], "start_rotation": [0, 0.6590628804244835, 0, 0.7520878403794221]}