{"episode_id": "11030", "start_position": [-1.5367350578308105, 0.014962434768676758, 3.955315589904785], "start_rotation": [0, 0.9741263981285588, 0, 0.22600389480953742]}