{"episode_id": "40682", "start_position": [-1.5857471227645874, 0.1751515418291092, -2.4029312133789062], "start_rotation": [0, 0.8721375122702079, 0, 0.4892608299170627]}