{"episode_id": "7739", "start_position": [-0.9105845093727112, 0.1514829844236374, -2.244053602218628], "start_rotation": [0, 0.9952971580654421, 0, 0.09686881410884744]}