{"episode_id": "56294", "start_position": [0.6888340711593628, 0.12194900214672089, 2.0770821571350098], "start_rotation": [0, 0.9509029927526753, 0, 0.3094890924960126]}