{"episode_id": "26586", "start_position": [-2.959005832672119, 0.15562696754932404, 3.736304759979248], "start_rotation": [0, 0.9333365575664008, 0, 0.3590026048792691]}