{"episode_id": "1179", "start_position": [-0.05835244059562683, 0.15562696754932404, 4.641468524932861], "start_rotation": [0, 0.9996494329352218, 0, -0.026476616707756473]}