{"episode_id": "40264", "start_position": [-3.8212032318115234, 0.17702746391296387, 5.252193927764893], "start_rotation": [0, 0.9220692618090109, 0, -0.38702490414311264]}