{"episode_id": "45146", "start_position": [0.7207039594650269, 0.021137923002243042, -0.3991405963897705], "start_rotation": [0, 0.48684124849277144, 0, -0.8734904686177174]}