{"episode_id": "33963", "start_position": [-1.482519268989563, 0.1751515418291092, -0.773697018623352], "start_rotation": [0, 0.46575984315943225, 0, -0.8849111641854798]}