{"episode_id": "59524", "start_position": [1.3619778156280518, 0.044724658131599426, 6.016549110412598], "start_rotation": [0, 0.9993166772056838, 0, -0.03696185410109999]}