{"episode_id": "26658", "start_position": [4.475603103637695, 0.014962434768676758, 6.991880416870117], "start_rotation": [0, 0.7699543924071418, 0, -0.6380989214948957]}