{"episode_id": "6268", "start_position": [-4.958226203918457, -2.374966859817505, -3.1538329124450684], "start_rotation": [0, 0.41668574780481726, 0, 0.9090505968186481]}