{"episode_id": "28283", "start_position": [0.20405113697052002, 0.15289896726608276, -1.5840398073196411], "start_rotation": [0, 0.7950707661752017, 0, 0.6065166747696041]}