{"episode_id": "36658", "start_position": [-9.911301612854004, 0.03310127556324005, -7.921236991882324], "start_rotation": [0, 0.19666252590606292, 0, -0.9804712392029902]}