{"episode_id": "2312", "start_position": [-1.8771113157272339, 0.18128342926502228, 5.592669486999512], "start_rotation": [0, 0.4341772890623841, 0, 0.9008274427782709]}