{"episode_id": "31102", "start_position": [-3.019615411758423, 0.1719042807817459, -5.9045209884643555], "start_rotation": [0, 0.5974793949643802, 0, 0.8018842638392389]}