{"episode_id": "61378", "start_position": [-13.262346267700195, 0.03310127556324005, -6.986776351928711], "start_rotation": [0, 0.006764261779570167, 0, 0.99997712211959]}