{"episode_id": "53969", "start_position": [-1.4388415813446045, 0.0701034814119339, 8.691884994506836], "start_rotation": [0, 0.6008946967131794, 0, -0.7993281950875848]}