{"episode_id": "1467", "start_position": [-4.055111408233643, 0.17702746391296387, 7.749383926391602], "start_rotation": [0, 0.9447830781013651, 0, 0.32769640726335386]}