{"episode_id": "12446", "start_position": [-0.6559356451034546, -2.8849050998687744, 3.102969169616699], "start_rotation": [0, 0.5421189124372903, 0, 0.840301781967532]}