{"episode_id": "55946", "start_position": [-8.610087394714355, 0.23469756543636322, -3.5236990451812744], "start_rotation": [0, 0.5571054519005464, 0, -0.8304417592237808]}