{"episode_id": "23754", "start_position": [1.9087821245193481, 0.18321557343006134, -5.883693695068359], "start_rotation": [0, 0.9808234942091104, 0, 0.19489810980979574]}