{"episode_id": "31799", "start_position": [4.026284694671631, 0.09678955376148224, -4.709491729736328], "start_rotation": [0, 0.5279910229058276, 0, 0.8492499512692702]}