{"episode_id": "48479", "start_position": [-5.317508697509766, -3.206904888153076, -2.4800243377685547], "start_rotation": [0, 0.9998306895347435, 0, -0.01840087673126545]}