{"episode_id": "59109", "start_position": [0.8403447270393372, 2.7814598083496094, -1.8275985717773438], "start_rotation": [0, 0.8750203171739256, 0, -0.48408619535454916]}