{"episode_id": "30391", "start_position": [-6.51129674911499, 0.12324567139148712, -1.760408878326416], "start_rotation": [0, 0.44233358264981687, 0, 0.8968506016389673]}