{"episode_id": "25342", "start_position": [2.6063601970672607, 0.1514829844236374, 3.461616039276123], "start_rotation": [0, 0.02971422978418057, 0, -0.9995584347842466]}