{"episode_id": "6168", "start_position": [-4.446859836578369, 0.1649409383535385, 0.9582871198654175], "start_rotation": [0, 0.10132546580151808, 0, 0.9948533308885815]}