{"episode_id": "60153", "start_position": [3.405008316040039, 0.18360306322574615, -5.606783390045166], "start_rotation": [0, 0.9934769336813976, 0, -0.11403325060265582]}