{"episode_id": "35686", "start_position": [-2.9947643280029297, 0.12194900214672089, 1.2649043798446655], "start_rotation": [0, 0.9882430303450991, 0, -0.15289118017183187]}