{"episode_id": "10857", "start_position": [2.228583812713623, 0.14570780098438263, -1.5833630561828613], "start_rotation": [0, 0.4964214777573606, 0, -0.8680816300447777]}