{"episode_id": "5014", "start_position": [4.379217147827148, 0.014962434768676758, 4.848675727844238], "start_rotation": [0, 0.2822754374777808, 0, -0.9593334026274325]}