{"episode_id": "26166", "start_position": [-4.514187335968018, 0.15562696754932404, -1.7560784816741943], "start_rotation": [0, 0.8788179169482428, 0, -0.4771572789455813]}