{"episode_id": "20688", "start_position": [3.3783254623413086, 0.18128342926502228, 4.496766090393066], "start_rotation": [0, 0.03669036737988972, 0, 0.9993266817920597]}