{"episode_id": "58595", "start_position": [0.16708225011825562, -2.8849050998687744, 3.9604153633117676], "start_rotation": [0, 0.6973222214785483, 0, -0.7167577829589453]}