{"episode_id": "49359", "start_position": [0.3323899805545807, 0.12324567139148712, -1.0675877332687378], "start_rotation": [0, 0.7339257629057876, 0, 0.6792296920358809]}