{"episode_id": "28545", "start_position": [-3.974266290664673, 0.5010179281234741, 5.500421524047852], "start_rotation": [0, 0.6865817188020802, 0, -0.7270526414275525]}