{"episode_id": "22530", "start_position": [-6.347759246826172, 0.14791584014892578, 6.905900955200195], "start_rotation": [0, 0.4491935524365412, 0, 0.8934344701484492]}