{"episode_id": "41420", "start_position": [0.6212064027786255, 0.17970331013202667, -2.0946030616760254], "start_rotation": [0, 0.9102059158760996, 0, 0.41415599802991004]}