{"episode_id": "10924", "start_position": [-1.2244813442230225, 0.12114477157592773, -2.3179471492767334], "start_rotation": [0, 0.47549202874037483, 0, -0.8797200296710099]}