{"episode_id": "26711", "start_position": [3.0221166610717773, 0.12114477157592773, -3.436880588531494], "start_rotation": [0, 0.7971433214229512, 0, 0.6037901333334171]}