{"episode_id": "4130", "start_position": [-10.587470054626465, 0.23514866828918457, 3.527477264404297], "start_rotation": [0, 0.9253523838391539, 0, -0.37910811877773776]}