{"episode_id": "24757", "start_position": [3.394087314605713, 3.083144187927246, -4.554054260253906], "start_rotation": [0, 0.7851409056166431, 0, 0.6193171710258626]}