{"episode_id": "25462", "start_position": [-5.672844886779785, 0.17635054886341095, 0.5840195417404175], "start_rotation": [0, 0.26374165657430865, 0, 0.9645933540033538]}