{"episode_id": "7595", "start_position": [0.8699970841407776, 1.662041425704956, -8.454659461975098], "start_rotation": [0, 0.7917969056485529, 0, 0.6107844629698571]}