{"episode_id": "61770", "start_position": [-3.92204213142395, 0.15289896726608276, -0.9279174208641052], "start_rotation": [0, 0.525453725467157, 0, -0.8508221802425496]}