{"episode_id": "52440", "start_position": [2.171501874923706, 0.17646045982837677, -1.4345558881759644], "start_rotation": [0, 0.12314424283725865, 0, -0.9923887824114288]}