{"episode_id": "57985", "start_position": [8.677824020385742, 0.19309520721435547, -1.4368261098861694], "start_rotation": [0, 0.48037154471882254, 0, 0.87706509394939]}