{"episode_id": "42260", "start_position": [0.8428781628608704, 0.15964920818805695, 4.3954854011535645], "start_rotation": [0, 0.6778600229329462, 0, 0.7351909883216371]}