{"episode_id": "32689", "start_position": [11.321901321411133, 0.14657917618751526, 6.985284805297852], "start_rotation": [0, 0.9887774570954692, 0, 0.14939591808285022]}