{"episode_id": "57240", "start_position": [-7.140416145324707, 0.17923279106616974, 5.100523948669434], "start_rotation": [0, 0.5045237354471171, 0, -0.8633978227737705]}