{"episode_id": "50744", "start_position": [5.778129577636719, 0.021137923002243042, -0.4757164716720581], "start_rotation": [0, 0.25202416708067293, 0, -0.9677209407713017]}