{"episode_id": "59455", "start_position": [1.320508360862732, 0.18128342926502228, 6.105845928192139], "start_rotation": [0, 0.8196734529149301, 0, -0.5728310663594598]}