{"episode_id": "60544", "start_position": [-9.04446029663086, 0.17923279106616974, 5.046065330505371], "start_rotation": [0, 0.9615315222222568, 0, 0.27469461547862495]}