{"episode_id": "11222", "start_position": [2.442140817642212, 0.18321557343006134, -2.666428565979004], "start_rotation": [0, 0.9995253374817988, 0, -0.03080746227614592]}