{"episode_id": "17163", "start_position": [-4.292445659637451, 0.0253618061542511, -9.871661186218262], "start_rotation": [0, 0.7035049174037139, 0, 0.7106903905279666]}