{"episode_id": "50071", "start_position": [1.0478425025939941, 0.18321557343006134, -3.5566887855529785], "start_rotation": [0, 0.21487991933425818, 0, -0.9766404764635258]}