{"episode_id": "40329", "start_position": [-6.4966206550598145, -2.8915817737579346, -5.993271827697754], "start_rotation": [0, 0.9567661451226481, 0, -0.29085828774017736]}