{"episode_id": "60519", "start_position": [0.1863982081413269, 0.27920252084732056, 6.708643436431885], "start_rotation": [0, 0.49817061756601616, 0, -0.8670790251147205]}