{"episode_id": "6070", "start_position": [-3.544302463531494, 0.43213748931884766, -1.843371868133545], "start_rotation": [0, 0.9501271812883888, 0, 0.3118626931471303]}