{"episode_id": "50990", "start_position": [1.9434914588928223, 0.14570780098438263, -1.4320948123931885], "start_rotation": [0, 0.7530944942501302, 0, 0.6579123670597329]}