{"episode_id": "16893", "start_position": [-2.38972544670105, 0.12324567139148712, -2.9108726978302], "start_rotation": [0, 0.8838026839830899, 0, 0.46785982493080813]}