{"episode_id": "29649", "start_position": [-1.7049921751022339, 0.08741167932748795, 10.417130470275879], "start_rotation": [0, 0.5788502261499144, 0, 0.8154338818605669]}