{"episode_id": "29174", "start_position": [2.5316951274871826, 0.09812187403440475, -0.11242108047008514], "start_rotation": [0, 0.9436032348004143, 0, 0.3310784427808525]}