{"episode_id": "44704", "start_position": [3.186255931854248, 0.1887628585100174, 3.634174108505249], "start_rotation": [0, 0.491085342764788, 0, -0.8711114659569065]}