{"episode_id": "22630", "start_position": [-13.491128921508789, 0.13684877753257751, -0.06964084506034851], "start_rotation": [0, 0.9208533938860239, 0, -0.389908998317032]}