{"episode_id": "18020", "start_position": [-2.1689329147338867, 0.1719042807817459, -7.033792972564697], "start_rotation": [0, 0.8174017978174584, 0, -0.5760679655429444]}