{"episode_id": "10611", "start_position": [-4.002927303314209, 0.1005861759185791, -2.9266390800476074], "start_rotation": [0, 0.21419617109971567, 0, -0.9767906634925527]}