{"episode_id": "13003", "start_position": [0.6015686392784119, 0.17002512514591217, -4.149055004119873], "start_rotation": [0, 0.4310085067398767, 0, 0.9023478636966243]}