{"episode_id": "24867", "start_position": [-4.174933433532715, 0.1005861759185791, -1.9360936880111694], "start_rotation": [0, 0.30822490873929836, 0, 0.9513135159518397]}