{"episode_id": "53956", "start_position": [1.7560311555862427, 0.1887628585100174, 1.0034990310668945], "start_rotation": [0, 0.993794078613049, 0, 0.11123546787621727]}