{"episode_id": "48681", "start_position": [-5.046507358551025, 0.17635054886341095, -0.5450516939163208], "start_rotation": [0, 0.49893268962119475, 0, -0.8666407394228364]}