{"episode_id": "41237", "start_position": [1.30198073387146, 0.18128342926502228, 6.042572021484375], "start_rotation": [0, 0.6652272496591628, 0, -0.7466409487236191]}