{"episode_id": "2630", "start_position": [3.706176280975342, 0.1887628585100174, 3.834155559539795], "start_rotation": [0, 0.37010545508803416, 0, -0.9289897481210861]}