{"episode_id": "57109", "start_position": [-3.6346068382263184, 0.14340916275978088, -7.505463600158691], "start_rotation": [0, 0.46261970635311894, 0, 0.8865568268835078]}