{"episode_id": "55671", "start_position": [-2.0552051067352295, 0.1751515418291092, -2.267183780670166], "start_rotation": [0, 0.9788197715236047, 0, -0.20472385028246823]}