{"episode_id": "53180", "start_position": [-9.246213912963867, 3.683565139770508, -6.716415882110596], "start_rotation": [0, 0.7591925954100947, 0, 0.6508660408060052]}