{"episode_id": "29102", "start_position": [1.1191461086273193, 2.7814598083496094, -2.6523447036743164], "start_rotation": [0, 0.995433516809561, 0, 0.09545739160562336]}