{"episode_id": "20243", "start_position": [0.4019487500190735, 0.17949719727039337, 2.193329095840454], "start_rotation": [0, 0.7263870627944305, 0, 0.6872858466496163]}