{"episode_id": "31202", "start_position": [1.1231026649475098, 0.18463699519634247, 1.536078691482544], "start_rotation": [0, 0.9942332587988517, 0, -0.10723911179329819]}