{"episode_id": "35826", "start_position": [0.159865140914917, -0.9379585385322571, -0.2866065800189972], "start_rotation": [0, 0.13138859807712103, 0, 0.9913309418631745]}