{"episode_id": "14720", "start_position": [-2.7463150024414062, 0.17949719727039337, 0.6917688846588135], "start_rotation": [0, 0.9241304837303308, 0, 0.3820770197752605]}