{"episode_id": "45962", "start_position": [-3.364286422729492, 2.856675386428833, 1.2213369607925415], "start_rotation": [0, 0.6894402898317716, 0, 0.7243425203290794]}