{"episode_id": "13209", "start_position": [-1.464568018913269, 0.12194900214672089, -0.3942233622074127], "start_rotation": [0, 0.1329861144126516, 0, -0.9911179008440041]}