{"episode_id": "53472", "start_position": [-6.491191864013672, -2.8849050998687744, 1.9741294384002686], "start_rotation": [0, 0.2739152998008759, 0, -0.9617538190904137]}