{"episode_id": "30576", "start_position": [-0.2747701108455658, 0.1514829844236374, 1.0005993843078613], "start_rotation": [0, 0.7441602364340526, 0, 0.6680011545726661]}