{"episode_id": "58457", "start_position": [-1.5352215766906738, 0.025033235549926758, 0.4010137915611267], "start_rotation": [0, 0.8037494658525578, 0, -0.5949678950512608]}