{"episode_id": "62636", "start_position": [-5.79767370223999, -2.852285146713257, 4.821950435638428], "start_rotation": [0, 0.4850554383378022, 0, -0.874483402780706]}