{"episode_id": "29102", "start_position": [-2.059427499771118, 0.0701034814119339, 6.578364849090576], "start_rotation": [0, 0.7550686665394285, 0, -0.655645718975095]}