{"episode_id": "41971", "start_position": [-8.526333808898926, -2.8915817737579346, -2.5252156257629395], "start_rotation": [0, 0.303246015655994, 0, 0.952912301310443]}