{"episode_id": "19735", "start_position": [-5.370907306671143, 0.03310127556324005, -5.6139678955078125], "start_rotation": [0, 0.6982112392714457, 0, -0.7158917972396611]}