{"episode_id": "19176", "start_position": [-4.1097612380981445, 0.17923279106616974, 5.598172187805176], "start_rotation": [0, 0.995964483949041, 0, -0.08974824071880434]}