{"episode_id": "11141", "start_position": [0.7084901332855225, 0.15562696754932404, -0.0680888295173645], "start_rotation": [0, 0.9997029523195121, 0, 0.024372261356945066]}