{"episode_id": "28855", "start_position": [-3.616182804107666, -2.8915817737579346, -1.7472926378250122], "start_rotation": [0, 0.49189020637532066, 0, -0.8706572373052696]}