{"episode_id": "2989", "start_position": [-0.11791345477104187, 0.12324567139148712, -1.7698965072631836], "start_rotation": [0, 0.9983036656182214, 0, 0.05822191351392127]}