{"episode_id": "25027", "start_position": [-1.9474992752075195, 0.18708577752113342, 0.67875075340271], "start_rotation": [0, 0.7775456013128226, 0, 0.6288265562769126]}