{"episode_id": "68360", "start_position": [0.31950268149375916, 0.17002512514591217, -1.2301511764526367], "start_rotation": [0, 0.9788635317404497, 0, 0.20451451349137445]}