{"episode_id": "43761", "start_position": [-4.728732585906982, 0.044724658131599426, -0.24098187685012817], "start_rotation": [0, 0.3639589676162475, 0, 0.9314149826429223]}