{"episode_id": "45616", "start_position": [0.4768475294113159, 0.14340916275978088, 1.4638077020645142], "start_rotation": [0, 0.31987270886110386, 0, 0.9474605269486742]}