{"episode_id": "18682", "start_position": [-0.2544749081134796, 0.16511733829975128, 0.7908328771591187], "start_rotation": [0, 0.4453632821778978, 0, -0.89534995777502]}