{"episode_id": "63749", "start_position": [-6.5794453620910645, 0.12324567139148712, 0.3583238124847412], "start_rotation": [0, 0.43640927326124157, 0, -0.899748268245955]}