{"episode_id": "4355", "start_position": [-0.8973933458328247, 0.15165157616138458, 2.6093688011169434], "start_rotation": [0, 0.8297509620947946, 0, 0.5581338019711428]}