{"episode_id": "67094", "start_position": [-11.042983055114746, 0.14771485328674316, 10.708796501159668], "start_rotation": [0, 0.8103458667193623, 0, -0.5859518549256804]}