{"episode_id": "3719", "start_position": [-5.090104579925537, 0.17635054886341095, 0.7844374179840088], "start_rotation": [0, 0.5190359768975125, 0, 0.8547523937878413]}