{"episode_id": "28695", "start_position": [0.6252012848854065, 2.7814598083496094, 0.7854388952255249], "start_rotation": [0, 0.4409413417150351, 0, -0.8975359230507405]}