{"episode_id": "30435", "start_position": [3.499175786972046, 0.15289896726608276, 2.1797096729278564], "start_rotation": [0, 0.4895074411695463, 0, 0.8719991198617365]}