{"episode_id": "35827", "start_position": [-1.9847468137741089, 0.0701034814119339, 8.884991645812988], "start_rotation": [0, 0.37561543619634213, 0, -0.9267756169057491]}