{"episode_id": "17326", "start_position": [0.18570959568023682, 0.1719042807817459, 0.5206844806671143], "start_rotation": [0, 0.9001061661162201, 0, -0.4356706206752523]}