{"episode_id": "23209", "start_position": [2.9132330417633057, 0.1887628585100174, 3.6890108585357666], "start_rotation": [0, 0.7936830657220877, 0, 0.6083314813372627]}