{"episode_id": "22255", "start_position": [-5.570603370666504, 0.08820843696594238, 3.9873604774475098], "start_rotation": [0, 0.8658278972560125, 0, 0.500341935413405]}