{"episode_id": "34990", "start_position": [-5.221637725830078, 0.1005861759185791, -3.0683586597442627], "start_rotation": [0, 0.5736432482270805, 0, 0.8191052580489788]}