{"episode_id": "15756", "start_position": [-5.10325813293457, 0.16646166145801544, 1.3103625774383545], "start_rotation": [0, 0.6804647484319725, 0, -0.7327808172580751]}