{"episode_id": "13913", "start_position": [-3.42352557182312, 0.1649409383535385, -1.017679214477539], "start_rotation": [0, 0.4697383464878484, 0, 0.882805689740875]}