{"episode_id": "37766", "start_position": [1.5586490631103516, 0.1719042807817459, -7.428723335266113], "start_rotation": [0, 0.8654384167224597, 0, -0.5010153159943538]}