{"episode_id": "25462", "start_position": [-0.8947242498397827, -2.364851236343384, -1.076335072517395], "start_rotation": [0, 0.8112911527416286, 0, -0.5846423397968705]}