{"episode_id": "2550", "start_position": [-5.602053642272949, 0.16511733829975128, 0.39811182022094727], "start_rotation": [0, 0.6297525454718277, 0, -0.7767958106682564]}