{"episode_id": "42688", "start_position": [-2.593686103820801, 0.17635054886341095, 2.1359965801239014], "start_rotation": [0, 0.8624795660486143, 0, -0.5060918870606343]}