{"episode_id": "15684", "start_position": [-4.015510559082031, 0.1649409383535385, 0.8450638651847839], "start_rotation": [0, 0.05348933526259756, 0, -0.9985684207970756]}