{"episode_id": "1177", "start_position": [0.48190516233444214, -2.852285146713257, -0.5192950963973999], "start_rotation": [0, 0.9787779863513173, 0, 0.20492353069879654]}