{"episode_id": "2488", "start_position": [0.8137597441673279, 0.0701034814119339, 1.2297730445861816], "start_rotation": [0, 0.3672571280376421, 0, 0.930119455718212]}