{"episode_id": "49359", "start_position": [-6.682470798492432, 0.17923279106616974, -0.028496060520410538], "start_rotation": [0, 0.5857683053945338, 0, 0.8104785576406177]}