{"episode_id": "2209", "start_position": [-0.3290776014328003, -2.511791467666626, -0.3246150314807892], "start_rotation": [0, 0.3486045143735962, 0, 0.937269914463464]}