{"episode_id": "51305", "start_position": [-4.979543685913086, 0.08820843696594238, 4.004128932952881], "start_rotation": [0, 0.7120098099931962, 0, -0.7021695169070306]}