{"episode_id": "7626", "start_position": [-4.785675048828125, 0.17923279106616974, -0.14206063747406006], "start_rotation": [0, 0.9634484083941088, 0, 0.26789394237805836]}