{"episode_id": "13741", "start_position": [-2.513333320617676, 0.03310127556324005, -8.886772155761719], "start_rotation": [0, 0.8785092072291544, 0, 0.4777254157082316]}