{"episode_id": "7305", "start_position": [-0.0650305524468422, 3.1930949687957764, 1.068605661392212], "start_rotation": [0, 0.5191610395518359, 0, -0.8546764387833896]}