{"episode_id": "4317", "start_position": [-1.249193549156189, -2.8915817737579346, -1.329242467880249], "start_rotation": [0, 0.993487866669162, 0, 0.11393796022905338]}