{"episode_id": "25358", "start_position": [-3.918816089630127, 0.044724658131599426, 9.725247383117676], "start_rotation": [0, 0.9945452103612794, 0, -0.10430639744252715]}