{"episode_id": "33926", "start_position": [-1.8767509460449219, 0.16243858635425568, 1.088433027267456], "start_rotation": [0, 0.1815059771299713, 0, 0.983389841449511]}