{"episode_id": "3809", "start_position": [-2.066561698913574, 0.1751515418291092, -0.8216078877449036], "start_rotation": [0, 0.2846840709780134, 0, 0.9586213954066461]}