{"episode_id": "55774", "start_position": [-1.4077531099319458, 0.17000891268253326, -3.5249128341674805], "start_rotation": [0, 0.8547986130784169, 0, 0.5189598549784125]}