{"episode_id": "59981", "start_position": [-7.678964138031006, 0.08076925575733185, 1.231701374053955], "start_rotation": [0, 0.797261157055233, 0, 0.6036345313606165]}