{"episode_id": "20828", "start_position": [-1.0341023206710815, 0.17800255119800568, -0.14514721930027008], "start_rotation": [0, 0.998966154923345, 0, 0.045460106881392875]}