{"episode_id": "5636", "start_position": [-2.8226888179779053, 0.10280501842498779, 7.791459560394287], "start_rotation": [0, 0.05338037412618461, 0, -0.9985742514496098]}