{"episode_id": "47750", "start_position": [3.0183091163635254, 0.23213757574558258, 9.900936126708984], "start_rotation": [0, 0.950859609723446, 0, 0.3096223548075558]}