{"episode_id": "29456", "start_position": [1.0371683835983276, 0.17702746391296387, 2.3541359901428223], "start_rotation": [0, 0.9970110745035808, 0, -0.07725876854581032]}