{"episode_id": "61192", "start_position": [-1.4042648077011108, 0.12194900214672089, 0.004737325012683868], "start_rotation": [0, 0.5808279719919061, 0, -0.8140263306255944]}