{"episode_id": "52635", "start_position": [-2.741093635559082, 0.15964920818805695, -0.18181735277175903], "start_rotation": [0, 0.956746882880889, 0, 0.29092164253919356]}