{"episode_id": "56014", "start_position": [1.1006795167922974, 0.14570780098438263, -3.3164374828338623], "start_rotation": [0, 0.8912502179387786, 0, 0.45351190615471126]}