{"episode_id": "37951", "start_position": [-7.88002872467041, 0.15165157616138458, 1.8024407625198364], "start_rotation": [0, 0.6785703321240711, 0, 0.7345354343808254]}