{"episode_id": "49367", "start_position": [1.0370254516601562, 0.14570780098438263, -1.4228096008300781], "start_rotation": [0, 0.861118292286231, 0, 0.5084046485724194]}