{"episode_id": "64390", "start_position": [-3.277524948120117, 0.1719042807817459, 1.063353419303894], "start_rotation": [0, 0.9976291113953599, 0, 0.06881973624262493]}