{"episode_id": "3680", "start_position": [-8.982647895812988, 0.17000891268253326, -3.5650434494018555], "start_rotation": [0, 0.8494213375891376, 0, 0.5277152558418985]}