{"episode_id": "38808", "start_position": [-7.00018310546875, 0.1005861759185791, 1.2814449071884155], "start_rotation": [0, 0.4160527794432461, 0, -0.9093404668866055]}