{"episode_id": "33619", "start_position": [2.5410943031311035, 3.0807693004608154, -12.238320350646973], "start_rotation": [0, 0.980363442455501, 0, 0.19719919040604497]}