{"episode_id": "1682", "start_position": [-2.6404309272766113, 0.044724658131599426, 1.059773325920105], "start_rotation": [0, 0.1182973547703288, 0, 0.9929782151962564]}