{"episode_id": "29763", "start_position": [4.8481645584106445, 0.014962434768676758, 7.156270503997803], "start_rotation": [0, 0.9972701386798162, 0, 0.07383949144963102]}