{"episode_id": "742", "start_position": [-0.2057925909757614, 0.03514885902404785, 2.3800370693206787], "start_rotation": [0, 0.7122643700881043, 0, 0.7019112957511056]}