{"episode_id": "22979", "start_position": [-6.732410430908203, 0.08076925575733185, 0.5914733409881592], "start_rotation": [0, 0.6487694944807354, 0, 0.7609849821325064]}