{"episode_id": "35573", "start_position": [-0.37791264057159424, 0.15562696754932404, 2.473092555999756], "start_rotation": [0, 0.3383537519817355, 0, -0.9410189894576423]}