{"episode_id": "39239", "start_position": [-3.6111998558044434, 0.18128342926502228, 1.014843225479126], "start_rotation": [0, 0.9995440617741703, 0, -0.030193849903475227]}