{"episode_id": "11438", "start_position": [-9.51067066192627, 0.17923279106616974, 5.346611499786377], "start_rotation": [0, 0.5799868762119689, 0, -0.8146258180427884]}