{"episode_id": "44623", "start_position": [1.8797193765640259, 0.021137923002243042, 0.32769787311553955], "start_rotation": [0, 0.9998610287941451, 0, 0.016671025724707748]}