{"episode_id": "16832", "start_position": [-0.594052791595459, -0.034892842173576355, -10.750545501708984], "start_rotation": [0, 0.8400922492735647, 0, -0.5424435571656122]}