{"episode_id": "27947", "start_position": [0.927148163318634, 0.22503304481506348, -12.572986602783203], "start_rotation": [0, 0.49134923867347624, 0, -0.8709626430880921]}