{"episode_id": "13856", "start_position": [-9.842574119567871, 0.1348045915365219, -0.8997507095336914], "start_rotation": [0, 0.3659578942708217, 0, -0.9306314091093563]}