{"episode_id": "30890", "start_position": [-6.87082052230835, 0.17000891268253326, 0.17349062860012054], "start_rotation": [0, 0.8388881850079078, 0, -0.5443037874699552]}