{"episode_id": "55750", "start_position": [-5.5420823097229, 0.17000891268253326, -1.997004747390747], "start_rotation": [0, 0.521541482005257, 0, 0.8532259270250525]}