{"episode_id": "35752", "start_position": [-2.925168037414551, 0.17949719727039337, 4.7730584144592285], "start_rotation": [0, 0.5254524682705433, 0, 0.85082295666513]}