{"episode_id": "13448", "start_position": [0.2290712296962738, 0.1887628585100174, 2.38205623626709], "start_rotation": [0, 0.7266489431793042, 0, 0.6870089616419864]}