{"episode_id": "64849", "start_position": [-0.01862657070159912, 0.09678955376148224, -1.2440404891967773], "start_rotation": [0, 0.6340113222819375, 0, 0.7733237635158441]}