{"episode_id": "23746", "start_position": [-3.4570064544677734, 0.03310127556324005, -5.125421524047852], "start_rotation": [0, 0.9007027167330437, 0, 0.4344359746495616]}