{"episode_id": "24059", "start_position": [2.5850186347961426, 0.014962434768676758, 9.238978385925293], "start_rotation": [0, 0.23233328443796752, 0, 0.9726362346439015]}