{"episode_id": "27035", "start_position": [2.272927761077881, 3.3211450576782227, -0.10209682583808899], "start_rotation": [0, 0.9639941303718969, 0, 0.2659235164639081]}