{"episode_id": "31561", "start_position": [0.761626124382019, 0.12324567139148712, -1.1037061214447021], "start_rotation": [0, 0.5581967656278741, 0, 0.8297086059831971]}