{"episode_id": "6633", "start_position": [-1.6782981157302856, 0.15165157616138458, 3.8427798748016357], "start_rotation": [0, 0.9939366044503509, 0, -0.1099546558073216]}