{"episode_id": "39889", "start_position": [0.9788882732391357, 0.14570780098438263, -1.2846324443817139], "start_rotation": [0, 0.7490682364547229, 0, -0.662492850629055]}