{"episode_id": "38030", "start_position": [-4.071277141571045, 0.16646166145801544, 0.06464806944131851], "start_rotation": [0, 0.9994951111597469, 0, -0.03177298802072658]}