{"episode_id": "60527", "start_position": [-7.706477165222168, 0.062041521072387695, -5.208308696746826], "start_rotation": [0, 0.9936493584824497, 0, -0.11252089755870262]}