{"episode_id": "16407", "start_position": [0.3822389841079712, 0.1719042807817459, -2.4212119579315186], "start_rotation": [0, 0.6143068275527231, 0, 0.7890672478452702]}