{"episode_id": "43089", "start_position": [-0.3998931646347046, 0.12324567139148712, -1.4677411317825317], "start_rotation": [0, 0.9309180501314412, 0, 0.3652281258877462]}