{"episode_id": "43748", "start_position": [6.476722240447998, 0.17646045982837677, -1.8717395067214966], "start_rotation": [0, 0.6640141742314261, 0, -0.7477199853018223]}