{"episode_id": "57310", "start_position": [1.2339677810668945, 0.0701034814119339, 1.7113107442855835], "start_rotation": [0, 0.8476641366325862, 0, 0.530533233140896]}