{"episode_id": "21038", "start_position": [-5.826421737670898, 0.10841822624206543, 1.9714381694793701], "start_rotation": [0, 0.9983791421785596, 0, 0.05691299028168773]}