{"episode_id": "54417", "start_position": [-5.285165786743164, 0.12970110774040222, -1.2648060321807861], "start_rotation": [0, 0.9210963649044415, 0, 0.38933467166414054]}