{"episode_id": "56912", "start_position": [0.8482974171638489, 0.014962434768676758, 7.036901950836182], "start_rotation": [0, 0.9338171321446095, 0, 0.3577507005069549]}