{"episode_id": "30644", "start_position": [-5.449814319610596, 1.5970072746276855, 0.4763530194759369], "start_rotation": [0, 0.7302649438311327, 0, -0.6831640445832264]}