{"episode_id": "11578", "start_position": [0.6532339453697205, -2.374966859817505, -6.202116012573242], "start_rotation": [0, 0.9274187769891794, 0, 0.3740246142807912]}