{"episode_id": "13530", "start_position": [-3.481332302093506, 1.662041425704956, -7.637537002563477], "start_rotation": [0, 0.25585080675839406, 0, 0.9667162793090219]}