{"episode_id": "65385", "start_position": [0.8262073397636414, 2.3685336112976074, -1.8165425062179565], "start_rotation": [0, 0.8646776205276804, 0, -0.5023271967140429]}