{"episode_id": "28364", "start_position": [7.732954025268555, -2.943950891494751, 4.639479637145996], "start_rotation": [0, 0.6615469502563074, 0, 0.749903748894869]}