{"episode_id": "31633", "start_position": [0.6067679524421692, 0.12194900214672089, 2.0241451263427734], "start_rotation": [0, 0.703555667282422, 0, 0.7106401501708061]}