{"episode_id": "54981", "start_position": [-2.802431106567383, 0.15964920818805695, 3.5522263050079346], "start_rotation": [0, 0.942665319216138, 0, 0.33373956305349306]}