{"episode_id": "62599", "start_position": [1.3330219984054565, 2.365107297897339, 1.8366779088974], "start_rotation": [0, 0.46972757242169594, 0, -0.8828114225058602]}