{"episode_id": "35274", "start_position": [1.1813147068023682, 0.23514866828918457, 7.1692705154418945], "start_rotation": [0, 0.99652152489337, 0, -0.08333576917622175]}