{"episode_id": "52094", "start_position": [-11.533644676208496, 0.03310127556324005, -11.003522872924805], "start_rotation": [0, 0.7685751505509356, 0, -0.6397595157210298]}