{"episode_id": "23240", "start_position": [-1.767053484916687, 0.12194900214672089, 0.5815595984458923], "start_rotation": [0, 0.15054423634677638, 0, 0.9886032737669677]}