{"episode_id": "49901", "start_position": [-1.8085741996765137, 0.0701034814119339, 1.9081403017044067], "start_rotation": [0, 0.9580944711751078, 0, 0.2864524119355437]}