{"episode_id": "27111", "start_position": [-3.312537670135498, 0.0701034814119339, 6.407486438751221], "start_rotation": [0, 0.9904157908970322, 0, 0.1381179247665055]}