{"episode_id": "11253", "start_position": [-9.418656349182129, 0.19700729846954346, -5.059596061706543], "start_rotation": [0, 0.8522173788312061, 0, -0.5231878622617966]}