{"episode_id": "37206", "start_position": [1.0298209190368652, -2.699413776397705, -0.46403777599334717], "start_rotation": [0, 0.7001845686634103, 0, 0.7139618825999285]}