{"episode_id": "26565", "start_position": [-1.9622938632965088, 0.10841822624206543, 4.186610698699951], "start_rotation": [0, 0.6547508495081183, 0, -0.7558447757763477]}