{"episode_id": "41572", "start_position": [-4.74807596206665, -0.03270988166332245, 6.957934856414795], "start_rotation": [0, 0.22949631291691114, 0, 0.9733095306003857]}