{"episode_id": "49804", "start_position": [-7.2374773025512695, 0.10841822624206543, -4.668572425842285], "start_rotation": [0, 0.21355975157949159, 0, -0.9769300038924518]}