{"episode_id": "29232", "start_position": [-6.145036220550537, 0.03310127556324005, -10.136554718017578], "start_rotation": [0, 0.5473732546115602, 0, 0.8368885948177022]}