{"episode_id": "64784", "start_position": [-1.7635233402252197, 3.1434075832366943, -0.6783230900764465], "start_rotation": [0, 0.5617447997073434, 0, 0.8273105704641739]}