{"episode_id": "21468", "start_position": [2.748926877975464, 0.1887628585100174, 3.5149049758911133], "start_rotation": [0, 0.18597117787230674, 0, -0.9825551999764628]}