{"episode_id": "660", "start_position": [-3.3609068393707275, 0.09442301094532013, -0.7752177715301514], "start_rotation": [0, 0.14146185994081512, 0, -0.9899437065722905]}