{"episode_id": "20145", "start_position": [-8.673748016357422, 0.044724658131599426, 3.9872262477874756], "start_rotation": [0, 0.1168988133048728, 0, -0.9931438301917364]}