{"episode_id": "65798", "start_position": [-1.307466745376587, 0.1662864238023758, -1.7423902750015259], "start_rotation": [0, 0.9523395580091261, 0, -0.30503994205838414]}