{"episode_id": "33649", "start_position": [1.6295944452285767, 0.12114477157592773, -2.9056832790374756], "start_rotation": [0, 0.9901056785430594, 0, 0.14032371615941472]}