{"episode_id": "13630", "start_position": [-7.527748107910156, 0.044724658131599426, 5.152552604675293], "start_rotation": [0, 0.6657825082618488, 0, 0.7461458648900771]}