{"episode_id": "14457", "start_position": [-13.506535530090332, 0.14771485328674316, 14.601115226745605], "start_rotation": [0, 0.5356820191093866, 0, 0.8444197856533744]}