{"episode_id": "549", "start_position": [6.380904197692871, 0.14657917618751526, 11.856575012207031], "start_rotation": [0, 0.5028176125636914, 0, -0.8643925314900341]}