{"episode_id": "28000", "start_position": [-4.5200395584106445, -2.852285146713257, 7.6915788650512695], "start_rotation": [0, 0.8108562650109609, 0, 0.5852453481169024]}