{"episode_id": "10013", "start_position": [2.294510841369629, 2.365107297897339, -6.730178356170654], "start_rotation": [0, 0.8856975599183362, 0, -0.4642626760301814]}