{"episode_id": "62767", "start_position": [-5.466325759887695, -2.8849050998687744, 2.546232223510742], "start_rotation": [0, 0.9839361364964618, 0, 0.17852080914116428]}