{"episode_id": "34552", "start_position": [-6.9618239402771, -3.1261227130889893, -1.3468588590621948], "start_rotation": [0, 0.9709229013502082, 0, 0.2393923967750309]}