{"episode_id": "43803", "start_position": [-3.4733006954193115, 0.12324567139148712, -2.6852588653564453], "start_rotation": [0, 0.6199595273698486, 0, 0.78463379000866]}