{"episode_id": "35205", "start_position": [-3.5712506771087646, 0.15964920818805695, 5.354374885559082], "start_rotation": [0, 0.9895726843539672, 0, 0.14403437916165554]}