{"episode_id": "65793", "start_position": [-0.3396396040916443, 0.15562696754932404, 3.373612403869629], "start_rotation": [0, 0.07122830370211364, 0, 0.9974600386740912]}