{"episode_id": "25833", "start_position": [-3.0205554962158203, 0.581283450126648, 4.471717357635498], "start_rotation": [0, 0.515438731343163, 0, -0.8569264345504524]}