{"episode_id": "212", "start_position": [-16.232553482055664, 0.14771485328674316, 11.606346130371094], "start_rotation": [0, 0.011899754940899154, 0, -0.9999291954095283]}