{"episode_id": "31411", "start_position": [-2.113495349884033, 3.34033203125, -1.6128308773040771], "start_rotation": [0, 0.4019022739212833, 0, -0.9156825662951664]}