{"episode_id": "29456", "start_position": [-1.6667720079421997, 3.1651172637939453, -0.7683699131011963], "start_rotation": [0, 0.32097481226940294, 0, 0.9470877308299488]}