{"episode_id": "26238", "start_position": [2.2463130950927734, 0.17002512514591217, -5.56999397277832], "start_rotation": [0, 0.9002676261983156, 0, -0.43533688244766255]}