{"episode_id": "16832", "start_position": [-1.7342292070388794, -2.852285146713257, 7.571084022521973], "start_rotation": [0, 0.6224015181842287, 0, -0.782698121986994]}