{"episode_id": "42372", "start_position": [0.20124965906143188, 2.7814598083496094, -3.097315549850464], "start_rotation": [0, 0.33278397673763876, 0, 0.9430030884502355]}