{"episode_id": "18179", "start_position": [-1.1548621654510498, 0.17949719727039337, 2.923830032348633], "start_rotation": [0, 0.07968781403167477, 0, 0.9968198695325315]}