{"episode_id": "31042", "start_position": [5.859502792358398, 0.18360306322574615, -1.9395349025726318], "start_rotation": [0, 0.6010100637753952, 0, 0.7992414549062726]}