{"episode_id": "61376", "start_position": [-6.468233108520508, 1.5970072746276855, 3.2950961589813232], "start_rotation": [0, 0.547401789558847, 0, 0.8368699306270789]}