{"episode_id": "5189", "start_position": [0.8497991561889648, 2.7814598083496094, -1.8844091892242432], "start_rotation": [0, 0.44348766220444624, 0, -0.8962804770117638]}