{"episode_id": "13926", "start_position": [-0.7524248361587524, 0.1514829844236374, -0.11074654012918472], "start_rotation": [0, 0.513843654408949, 0, 0.8578838492614584]}