{"episode_id": "32816", "start_position": [0.1551634818315506, 0.1751515418291092, -3.081206798553467], "start_rotation": [0, 0.9869506003006293, 0, -0.16102332926078586]}