{"episode_id": "56685", "start_position": [-5.314840316772461, 0.602048397064209, 1.1314775943756104], "start_rotation": [0, 0.9842284275941298, 0, -0.17690223943067215]}