{"episode_id": "62951", "start_position": [-2.9085001945495605, 0.2192358374595642, -0.7672314047813416], "start_rotation": [0, 0.5888418682896519, 0, 0.8082482626947938]}