{"episode_id": "9533", "start_position": [-0.727634072303772, 0.2143717110157013, 7.449857234954834], "start_rotation": [0, 0.7662170017430897, 0, 0.6425819062499583]}