{"episode_id": "22117", "start_position": [2.600620985031128, 0.18463699519634247, -0.3887258768081665], "start_rotation": [0, 0.33435688244571354, 0, 0.9424465370307131]}