{"episode_id": "1300", "start_position": [6.323856830596924, 0.17646045982837677, -1.8108437061309814], "start_rotation": [0, 0.9110150616402709, 0, -0.412373080431511]}