{"episode_id": "41097", "start_position": [-3.3417816162109375, 0.18321557343006134, -0.5617115497589111], "start_rotation": [0, 0.26298037285121006, 0, -0.9648011834025902]}