{"episode_id": "24746", "start_position": [-0.014282122254371643, 3.2418594360351562, 0.6117692589759827], "start_rotation": [0, 0.5743623686811119, 0, -0.8186011662849146]}