{"episode_id": "17617", "start_position": [-4.304070472717285, 2.7005860805511475, -1.5214951038360596], "start_rotation": [0, 0.9332353285800395, 0, 0.35926566979062396]}