{"episode_id": "27111", "start_position": [-3.5628418922424316, 0.18145985901355743, -4.379144668579102], "start_rotation": [0, 0.4403485589694889, 0, -0.8978269023667617]}