{"episode_id": "18868", "start_position": [0.5868971347808838, 3.683565139770508, 3.9827423095703125], "start_rotation": [0, 0.21002786791798872, 0, -0.9776953997528186]}