{"episode_id": "57373", "start_position": [2.393110752105713, 0.17800255119800568, 0.40888577699661255], "start_rotation": [0, 0.6805253712175069, 0, -0.7327245178982852]}