{"episode_id": "59199", "start_position": [-3.1336731910705566, 0.044724658131599426, 6.896669387817383], "start_rotation": [0, 0.6870020047071381, 0, 0.7266555205380149]}