{"episode_id": "51501", "start_position": [-1.8079442977905273, 0.1649409383535385, -1.5426218509674072], "start_rotation": [0, 0.19370542724967946, 0, 0.9810597369447077]}