{"episode_id": "56912", "start_position": [-1.7952964305877686, 0.10841822624206543, -7.720186233520508], "start_rotation": [0, 0.949564107369285, 0, 0.3135729675784777]}