{"episode_id": "18629", "start_position": [1.810648798942566, 0.15289896726608276, -0.6712965369224548], "start_rotation": [0, 0.9285251504929916, 0, -0.3712695044061219]}