{"episode_id": "10295", "start_position": [9.93403148651123, 0.19309520721435547, -1.2988595962524414], "start_rotation": [0, 0.1642099952064795, 0, 0.9864254039076082]}