{"episode_id": "16364", "start_position": [-0.7487205862998962, 0.0701034814119339, 4.1055145263671875], "start_rotation": [0, 0.32612993780753224, 0, -0.9453249513609885]}