{"episode_id": "26316", "start_position": [-2.5811991691589355, 0.17923279106616974, -0.1709272265434265], "start_rotation": [0, 0.22897954857890282, 0, 0.9734312334893522]}