{"episode_id": "34150", "start_position": [-0.3909183740615845, 0.17282123863697052, -3.9406261444091797], "start_rotation": [0, 0.1298516414254019, 0, 0.9915334342416946]}