{"episode_id": "7699", "start_position": [-0.21828433871269226, 0.17949719727039337, 2.286644697189331], "start_rotation": [0, 0.34082370518344257, 0, -0.9401272264885374]}