{"episode_id": "65238", "start_position": [-2.0402042865753174, 0.044724658131599426, 0.5195865631103516], "start_rotation": [0, 0.8678214740956557, 0, -0.4968761305380278]}