{"episode_id": "3137", "start_position": [-3.516566753387451, 0.08820843696594238, 7.38770866394043], "start_rotation": [0, 0.49379721839814267, 0, 0.8695770851984642]}