{"episode_id": "27139", "start_position": [-0.3268488943576813, 0.16243858635425568, 2.3839166164398193], "start_rotation": [0, 0.31822059876754855, 0, 0.9480166931652748]}