{"episode_id": "39086", "start_position": [-1.646245002746582, 0.15562696754932404, 0.8882348537445068], "start_rotation": [0, 0.6278183852660351, 0, -0.7783598622243753]}