{"episode_id": "6226", "start_position": [-2.383829116821289, 3.3492419719696045, -2.118591547012329], "start_rotation": [0, 0.44776337630340335, 0, 0.8941520893233862]}