{"episode_id": "60298", "start_position": [-1.0806878805160522, 0.15165157616138458, 3.965111255645752], "start_rotation": [0, 0.2794335895447147, 0, 0.9601650217718597]}