{"episode_id": "19182", "start_position": [-5.0053300857543945, 0.22641192376613617, 1.8975261449813843], "start_rotation": [0, 0.38240055792234645, 0, -0.9239966522129169]}