{"episode_id": "62405", "start_position": [-3.0403504371643066, -2.943950891494751, -2.09448504447937], "start_rotation": [0, 0.4688490219058992, 0, 0.8832783223072338]}