{"episode_id": "66910", "start_position": [-5.901366233825684, 3.400176525115967, 1.5533497333526611], "start_rotation": [0, 0.7038201431753002, 0, -0.710378213391078]}