{"episode_id": "66055", "start_position": [-6.053341865539551, 3.400176525115967, 1.4666334390640259], "start_rotation": [0, 0.9278360202169292, 0, 0.3729883638774943]}