{"episode_id": "62797", "start_position": [-1.0010535717010498, 3.3211450576782227, -3.759739398956299], "start_rotation": [0, 0.2771726482060762, 0, 0.9608201304544107]}