{"episode_id": "34826", "start_position": [-2.859441041946411, 0.0701034814119339, -0.9840152263641357], "start_rotation": [0, 0.5375286638433475, 0, 0.8432454776319797]}