{"episode_id": "44781", "start_position": [-2.1362648010253906, 3.367098093032837, -1.829697847366333], "start_rotation": [0, 0.9997004696847744, 0, 0.024473882242939976]}