{"episode_id": "17769", "start_position": [4.844931125640869, 0.05604910850524902, -2.6313915252685547], "start_rotation": [0, 0.9914554069630848, 0, 0.13044606549706278]}