{"episode_id": "28307", "start_position": [-5.575087070465088, 0.1514829844236374, -0.23880788683891296], "start_rotation": [0, 0.4775149581413379, 0, 0.87862361950455]}