{"episode_id": "43277", "start_position": [0.5118973255157471, 0.17635054886341095, -1.2970476150512695], "start_rotation": [0, 0.2690647027881544, 0, 0.9631221032213528]}