{"episode_id": "31560", "start_position": [0.638696551322937, 0.17970331013202667, -3.00960111618042], "start_rotation": [0, 0.9999107516445948, 0, -0.013359968021722535]}