{"episode_id": "1467", "start_position": [-1.3220467567443848, -2.374966859817505, -5.36698055267334], "start_rotation": [0, 0.2542451447519484, 0, -0.9671398070444939]}