{"episode_id": "49730", "start_position": [8.364662170410156, 0.6306717991828918, 0.33137643337249756], "start_rotation": [0, 0.16656467630310454, 0, 0.9860305312758029]}