{"episode_id": "3536", "start_position": [5.301572322845459, 0.16646166145801544, 2.7699193954467773], "start_rotation": [0, 0.8328083911521065, 0, -0.5535613639215078]}