{"episode_id": "24426", "start_position": [-4.366842269897461, 1.622387409210205, 0.16091059148311615], "start_rotation": [0, 0.46403285156684465, 0, -0.8858179907107006]}