{"episode_id": "61376", "start_position": [2.315558910369873, 0.18360306322574615, -0.7558596134185791], "start_rotation": [0, 0.2592140042942123, 0, 0.9658199107378974]}