{"episode_id": "27533", "start_position": [-5.752590179443359, 0.03514885902404785, -0.1455341875553131], "start_rotation": [0, 0.6895130945615513, 0, -0.7242732166994394]}