{"episode_id": "6488", "start_position": [-4.083847999572754, 0.1649409383535385, 1.1218712329864502], "start_rotation": [0, 0.048241949074260444, 0, 0.9988356793534743]}