{"episode_id": "17489", "start_position": [-1.2102397680282593, 0.12257133424282074, -5.092512607574463], "start_rotation": [0, 0.9998897619835048, 0, 0.014848026150644794]}