{"episode_id": "1665", "start_position": [0.28913986682891846, 0.1672901213169098, 1.7740715742111206], "start_rotation": [0, 0.9980947096863872, 0, -0.06170049024153975]}