{"episode_id": "65569", "start_position": [6.9322004318237305, 0.18360306322574615, -5.671462059020996], "start_rotation": [0, 0.22668417349194925, 0, -0.9739683185238993]}