{"episode_id": "58854", "start_position": [5.03206729888916, 0.3551541864871979, -0.5464270710945129], "start_rotation": [0, 0.2811125901982243, 0, -0.9596747947258202]}