{"episode_id": "59510", "start_position": [-0.4437558948993683, 0.037133216857910156, -6.065104961395264], "start_rotation": [0, 0.48396469102224476, 0, 0.8750875258188424]}