{"episode_id": "41138", "start_position": [2.480308771133423, 0.08356514573097229, -6.630186557769775], "start_rotation": [0, 0.1606101154797923, 0, 0.987017928310103]}