{"episode_id": "43481", "start_position": [6.586143970489502, 0.18360306322574615, -5.7045135498046875], "start_rotation": [0, 0.2689926137730298, 0, -0.9631422396175726]}