{"episode_id": "34897", "start_position": [0.3965561091899872, 0.12194900214672089, 0.6667642593383789], "start_rotation": [0, 0.445321329328687, 0, -0.8953708246558691]}