{"episode_id": "40507", "start_position": [-0.794171154499054, 0.22113794088363647, -2.5300488471984863], "start_rotation": [0, 0.4173034208192764, 0, -0.9087672171532872]}