{"episode_id": "25561", "start_position": [6.385433197021484, -2.699413776397705, -3.4771618843078613], "start_rotation": [0, 0.9743436359315821, 0, 0.22506549962094255]}