{"episode_id": "56512", "start_position": [2.8826353549957275, 0.14657917618751526, 7.924880027770996], "start_rotation": [0, 0.7068408808624438, 0, 0.7073725815591133]}