{"episode_id": "36056", "start_position": [-5.44053316116333, 0.20017647743225098, -3.5283203125], "start_rotation": [0, 0.45925812204626376, 0, -0.8883028635181467]}