{"episode_id": "17873", "start_position": [5.723718643188477, 0.021137923002243042, 1.9959499835968018], "start_rotation": [0, 0.6414582567414816, 0, 0.767157939969456]}