{"episode_id": "55633", "start_position": [-1.620424509048462, 0.12194900214672089, 0.8900054693222046], "start_rotation": [0, 0.41664777346152126, 0, 0.9090680023351151]}