{"episode_id": "27555", "start_position": [-1.0415257215499878, 0.1514829844236374, -2.477288007736206], "start_rotation": [0, 0.2297737887525495, 0, -0.9732440629165424]}