{"episode_id": "61384", "start_position": [-4.198015213012695, 0.17800255119800568, -4.038395881652832], "start_rotation": [0, 0.429430055202666, 0, 0.9031001205229879]}