{"episode_id": "50689", "start_position": [-10.66931438446045, 0.15165157616138458, 3.222557544708252], "start_rotation": [0, 0.40282113368075817, 0, 0.9152787194402309]}