{"episode_id": "62587", "start_position": [2.8284153938293457, 0.014962434768676758, 7.204172134399414], "start_rotation": [0, 0.30919167702612294, 0, 0.9509997407243462]}