{"episode_id": "33026", "start_position": [-8.063458442687988, 0.062041521072387695, -1.3473103046417236], "start_rotation": [0, 0.617348922707951, 0, 0.7866894607348774]}