{"episode_id": "47671", "start_position": [-5.472038745880127, -2.8915817737579346, -7.162630081176758], "start_rotation": [0, 0.3238105897945027, 0, -0.9461219276271617]}