{"episode_id": "26316", "start_position": [-2.2960281372070312, 0.1390075385570526, 0.06621025502681732], "start_rotation": [0, 0.19066028628534756, 0, -0.9816560778773742]}