{"episode_id": "8248", "start_position": [-1.9104422330856323, 0.17923279106616974, 1.5708609819412231], "start_rotation": [0, 0.47340994553349014, 0, 0.8808422239368285]}