{"episode_id": "29964", "start_position": [0.6126586198806763, 0.027717411518096924, 7.476397514343262], "start_rotation": [0, 0.27447278986719176, 0, 0.9615948666785407]}