{"episode_id": "51952", "start_position": [-0.22298043966293335, 0.14657917618751526, 5.698683738708496], "start_rotation": [0, 0.1384423916200998, 0, 0.9903704883539831]}