{"episode_id": "16794", "start_position": [-2.1916873455047607, 2.7814598083496094, -0.19997960329055786], "start_rotation": [0, 0.9979824968993912, 0, 0.0634896517745735]}