{"episode_id": "61888", "start_position": [-10.371763229370117, 0.03310127556324005, -5.497533321380615], "start_rotation": [0, 0.990011944128617, 0, -0.14098351138582166]}