{"episode_id": "54933", "start_position": [-1.3181869983673096, -2.959801197052002, 8.114142417907715], "start_rotation": [0, 0.35518002560640716, 0, 0.9347979190232678]}