{"episode_id": "1704", "start_position": [-8.253416061401367, 0.17000891268253326, -3.376695394515991], "start_rotation": [0, 0.8605194061491619, 0, -0.5094176593333744]}