{"episode_id": "42328", "start_position": [-3.8813624382019043, 0.1672901213169098, -4.192582130432129], "start_rotation": [0, 0.9251634438815425, 0, 0.3795689688386604]}