{"episode_id": "37829", "start_position": [-3.9424142837524414, -2.8915817737579346, 0.7167232632637024], "start_rotation": [0, 0.08058070869562133, 0, -0.9967480872247066]}