{"episode_id": "8973", "start_position": [1.0406031608581543, 0.14570780098438263, -2.9529285430908203], "start_rotation": [0, 0.9050826240935881, 0, -0.4252357505712152]}