{"episode_id": "54914", "start_position": [-4.087007522583008, 0.3708920478820801, 2.1396636962890625], "start_rotation": [0, 0.9465014781573335, 0, 0.3226994760547073]}