{"episode_id": "52626", "start_position": [-3.676814556121826, 0.0701034814119339, 5.899020671844482], "start_rotation": [0, 0.7954313861005511, 0, -0.6060436535482869]}