{"episode_id": "13319", "start_position": [3.648547649383545, 0.16646166145801544, -2.6509451866149902], "start_rotation": [0, 0.3324204460099515, 0, 0.9431312989581805]}