{"episode_id": "50875", "start_position": [-7.287669658660889, 0.17923279106616974, 3.8093724250793457], "start_rotation": [0, 0.9002387110529116, 0, 0.4353966733012463]}