{"episode_id": "2996", "start_position": [-2.0029146671295166, 0.025033235549926758, -5.992843151092529], "start_rotation": [0, 0.9395797912310193, 0, -0.342329981027479]}