{"episode_id": "40244", "start_position": [1.0937641859054565, 0.14583328366279602, 8.331901550292969], "start_rotation": [0, 0.2199786049549, 0, -0.975504696740152]}