{"episode_id": "4702", "start_position": [2.0856077671051025, 3.056049346923828, -0.9073226451873779], "start_rotation": [0, 0.5210298486986789, 0, -0.8535384565238006]}