{"episode_id": "49486", "start_position": [-3.9389774799346924, 0.09678955376148224, -3.939237117767334], "start_rotation": [0, 0.2527502712136139, 0, 0.9675315500806393]}