{"episode_id": "62444", "start_position": [-0.8696651458740234, 2.365107297897339, -5.760753154754639], "start_rotation": [0, 0.14774663343347594, 0, -0.9890252435145799]}