{"episode_id": "26660", "start_position": [5.180880546569824, 0.3797033131122589, -3.428269386291504], "start_rotation": [0, 0.6387904480827851, 0, 0.7693807662257971]}