{"episode_id": "66632", "start_position": [-3.53178334236145, 2.7814598083496094, -5.234318256378174], "start_rotation": [0, 0.98744950339597, 0, -0.15793504437917572]}