{"episode_id": "60153", "start_position": [-1.1060762405395508, 1.5970072746276855, -0.05326613783836365], "start_rotation": [0, 0.14647425047597662, 0, 0.9892144832883821]}