{"episode_id": "35839", "start_position": [-1.9535906314849854, 0.11509490013122559, 0.274951308965683], "start_rotation": [0, 0.9378269667846595, 0, 0.34710312642136354]}