{"episode_id": "59238", "start_position": [5.389405250549316, 0.09678955376148224, -2.329672336578369], "start_rotation": [0, 0.7514071721034826, 0, 0.6598388149475956]}