{"episode_id": "35274", "start_position": [-4.010071754455566, 0.09678955376148224, -5.145694255828857], "start_rotation": [0, 0.5098351072141856, 0, 0.860272144993606]}