{"episode_id": "4314", "start_position": [-4.559305191040039, 0.037133216857910156, -4.159779071807861], "start_rotation": [0, 0.9483667070041336, 0, 0.31717595912385255]}