{"episode_id": "37176", "start_position": [-4.541589736938477, 1.5970072746276855, -2.9344286918640137], "start_rotation": [0, 0.8708935874887034, 0, -0.49147162610984585]}