{"episode_id": "55944", "start_position": [-6.428088188171387, 0.1907203197479248, 7.863753318786621], "start_rotation": [0, 0.1710288144152156, 0, 0.9852660273447602]}