{"episode_id": "32330", "start_position": [1.647958755493164, 0.12114477157592773, -3.677999496459961], "start_rotation": [0, 0.14723285391291607, 0, -0.989101858621577]}