{"episode_id": "61376", "start_position": [7.857583999633789, 0.14657917618751526, 8.794587135314941], "start_rotation": [0, 0.9288756618648272, 0, -0.37039169104500613]}