{"episode_id": "41308", "start_position": [1.2078170776367188, 0.16243858635425568, 0.05074566975235939], "start_rotation": [0, 0.05605419126456807, 0, -0.9984277278009036]}