{"episode_id": "45930", "start_position": [2.5981273651123047, 0.18128342926502228, 6.257748603820801], "start_rotation": [0, 0.2521145904317491, 0, -0.9676973872504934]}