{"episode_id": "11141", "start_position": [-6.786362648010254, 0.1672901213169098, 4.674895763397217], "start_rotation": [0, 0.9454984917498573, 0, 0.3256264763478932]}