{"episode_id": "16411", "start_position": [-1.825046181678772, 0.1751515418291092, -3.1440582275390625], "start_rotation": [0, 0.3204281030893123, 0, 0.9472728386006775]}