{"episode_id": "55731", "start_position": [-5.915506839752197, 0.14340753853321075, -2.3749520778656006], "start_rotation": [0, 0.6821464525262204, 0, -0.7312155751253476]}