{"episode_id": "49746", "start_position": [-3.5839765071868896, 0.581283450126648, 4.576699256896973], "start_rotation": [0, 0.1722447285424705, 0, 0.9850541880979597]}