{"episode_id": "29297", "start_position": [-3.783066987991333, -2.1628668308258057, -0.6099705696105957], "start_rotation": [0, 0.8956400362775404, 0, 0.44477963691784056]}