{"episode_id": "22811", "start_position": [-2.0104894638061523, 0.20125465095043182, -5.401750087738037], "start_rotation": [0, 0.8438823791217903, 0, 0.5365282193955384]}