{"episode_id": "6268", "start_position": [-7.4046711921691895, 0.17702746391296387, 8.33963394165039], "start_rotation": [0, 0.575812299917973, 0, -0.8175819196038855]}