{"episode_id": "24780", "start_position": [-1.8956422805786133, 0.17260891199111938, -5.32839822769165], "start_rotation": [0, 0.999560074153804, 0, 0.029659031636956084]}