{"episode_id": "47471", "start_position": [-4.949190139770508, 0.16646166145801544, -1.1010353565216064], "start_rotation": [0, 0.8675871067093638, 0, -0.4972852423626455]}