{"episode_id": "22532", "start_position": [-0.8133351802825928, 0.1719042807817459, -7.90614128112793], "start_rotation": [0, 0.9954142910897719, 0, 0.09565766615513364]}