{"episode_id": "332", "start_position": [0.05451473593711853, 0.14570780098438263, -2.3874671459198], "start_rotation": [0, 0.3211935744950423, 0, -0.947013562576111]}