{"episode_id": "18681", "start_position": [5.3032121658325195, 0.18360306322574615, -0.737431526184082], "start_rotation": [0, 0.6248816402509313, 0, -0.7807194987172447]}