{"episode_id": "20927", "start_position": [-15.243947982788086, -2.852285146713257, 14.974710464477539], "start_rotation": [0, 0.3456724289921571, 0, -0.9383552482054236]}