{"episode_id": "30859", "start_position": [1.447546124458313, 0.16516932845115662, 5.219171524047852], "start_rotation": [0, 0.8260616551429759, 0, 0.5635797564697007]}