{"episode_id": "60101", "start_position": [-8.71375560760498, 0.17000891268253326, 0.6851478815078735], "start_rotation": [0, 0.9945612917301148, 0, -0.10415294999242984]}