{"episode_id": "232", "start_position": [-4.645748138427734, 3.683565139770508, -6.428312301635742], "start_rotation": [0, 0.9999935724231472, 0, -0.0035854026819453306]}