{"episode_id": "17355", "start_position": [3.481139898300171, -2.364851236343384, 7.695494174957275], "start_rotation": [0, 0.11523092647513655, 0, 0.9933387305364075]}