{"episode_id": "39456", "start_position": [-6.442605972290039, 2.7005860805511475, -0.6982405185699463], "start_rotation": [0, 0.9871374811042344, 0, -0.1598736795072515]}