{"episode_id": "46240", "start_position": [0.44722697138786316, 0.17635054886341095, -1.562937617301941], "start_rotation": [0, 0.6107017142530049, 0, -0.7918607303108554]}