{"episode_id": "50990", "start_position": [-3.4077606201171875, 0.1649409383535385, -1.5526334047317505], "start_rotation": [0, 0.42201791695574187, 0, -0.9065874904102398]}