{"episode_id": "63909", "start_position": [2.0171163082122803, 0.09678955376148224, 0.2540798783302307], "start_rotation": [0, 0.9999058789503787, 0, -0.013719811969209902]}