{"episode_id": "28958", "start_position": [-0.7923765778541565, 0.16243858635425568, 0.48610955476760864], "start_rotation": [0, 0.9274462320361198, 0, 0.3739565304711282]}