{"episode_id": "15249", "start_position": [-9.128317832946777, -2.8849050998687744, -1.2441401481628418], "start_rotation": [0, 0.826702533621628, 0, 0.5626392457903918]}