{"episode_id": "13451", "start_position": [-0.35797303915023804, 0.1672901213169098, 0.8773545026779175], "start_rotation": [0, 0.6214194151763084, 0, -0.7834780854892719]}