{"episode_id": "40385", "start_position": [-3.017327308654785, 0.17282123863697052, -5.239721298217773], "start_rotation": [0, 0.6632377000321258, 0, 0.748408814256016]}