{"episode_id": "6226", "start_position": [0.6617743968963623, -2.374966859817505, -2.4072704315185547], "start_rotation": [0, 0.8730849180709928, 0, 0.48756817557852133]}