{"episode_id": "54153", "start_position": [3.591641426086426, 0.1514829844236374, 3.70039701461792], "start_rotation": [0, 0.6493886986857332, 0, 0.7604566509796925]}