{"episode_id": "52481", "start_position": [4.922868251800537, 0.15289896726608276, -2.410466194152832], "start_rotation": [0, 0.14140104022499284, 0, 0.9899523957359212]}