{"episode_id": "549", "start_position": [-6.962575912475586, 0.1618271768093109, 7.735406875610352], "start_rotation": [0, 0.9919247252609807, 0, 0.126827991452707]}