{"episode_id": "47905", "start_position": [0.5182573795318604, -2.8849050998687744, 3.4184770584106445], "start_rotation": [0, 0.8207783714860215, 0, -0.571246763580114]}