{"episode_id": "7952", "start_position": [-4.23010778427124, 3.683565139770508, -7.363450527191162], "start_rotation": [0, 0.8024964621452045, 0, -0.5966568764746035]}