{"episode_id": "24871", "start_position": [2.0020930767059326, 0.18463699519634247, -0.8949601054191589], "start_rotation": [0, 0.5752011380894562, 0, 0.8180120113669447]}