{"episode_id": "40962", "start_position": [1.7609243392944336, 0.18463699519634247, 1.1203041076660156], "start_rotation": [0, 0.9802859963720812, 0, -0.19758381845889078]}