{"episode_id": "65793", "start_position": [-6.467808723449707, -0.03270988166332245, 11.025612831115723], "start_rotation": [0, 0.23118525189903788, 0, 0.9729097487970703]}