{"episode_id": "55656", "start_position": [1.658185362815857, 0.17800255119800568, -1.4076151847839355], "start_rotation": [0, 0.3155857997728529, 0, 0.9488970455121719]}