{"episode_id": "59895", "start_position": [-1.203757882118225, 2.576350688934326, -0.40103209018707275], "start_rotation": [0, 0.016368386972960506, 0, 0.9998660289798346]}