{"episode_id": "14369", "start_position": [-0.35226571559906006, 0.18463699519634247, 4.397462368011475], "start_rotation": [0, 0.06953780432934462, 0, -0.9975793170315099]}