{"episode_id": "24951", "start_position": [-1.2955659627914429, 3.683565139770508, -8.406805038452148], "start_rotation": [0, 0.8213755119499732, 0, -0.5703878227740486]}