{"episode_id": "38453", "start_position": [0.01992100477218628, 2.365107297897339, -9.602502822875977], "start_rotation": [0, 0.8441020659540891, 0, 0.5361825269924771]}