{"episode_id": "40555", "start_position": [1.507794737815857, 0.18360306322574615, -2.3110437393188477], "start_rotation": [0, 0.6853187572349781, 0, 0.7282432292729574]}