{"episode_id": "40788", "start_position": [-0.18340301513671875, 2.7814598083496094, -1.6288478374481201], "start_rotation": [0, 0.9902105470279575, 0, 0.1395817773013121]}