{"episode_id": "13467", "start_position": [-3.528743267059326, 1.662041425704956, -5.2667131423950195], "start_rotation": [0, 0.9990406550993337, 0, -0.04379234474989978]}