{"episode_id": "639", "start_position": [-4.61587381362915, 0.17949719727039337, 9.087992668151855], "start_rotation": [0, 0.3267105418765683, 0, 0.9451244477986585]}