{"episode_id": "5054", "start_position": [-1.5533461570739746, 3.3211450576782227, -3.634957790374756], "start_rotation": [0, 0.953269211033816, 0, 0.30212217941582187]}