{"episode_id": "43277", "start_position": [3.8219668865203857, 0.23514866828918457, 5.809873580932617], "start_rotation": [0, 0.6098381118632376, 0, -0.7925260105000222]}