{"episode_id": "13172", "start_position": [4.844721794128418, 0.17646045982837677, -1.0829219818115234], "start_rotation": [0, 0.5990777983133372, 0, 0.800690821458598]}