{"episode_id": "46917", "start_position": [-12.87649917602539, 0.29911741614341736, 17.604970932006836], "start_rotation": [0, 0.3287798312824803, 0, 0.944406598103732]}