{"episode_id": "19302", "start_position": [3.4440667629241943, 2.365107297897339, -6.978245735168457], "start_rotation": [0, 0.28085355650783667, 0, -0.9597506341737417]}