{"episode_id": "37901", "start_position": [-8.957893371582031, -2.852285146713257, 0.1550283432006836], "start_rotation": [0, 0.9961771722239423, 0, 0.08735583289002465]}