{"episode_id": "2996", "start_position": [-5.551764965057373, 0.17702746391296387, 5.142019748687744], "start_rotation": [0, 0.07391786194461236, 0, 0.9972643329055427]}