{"episode_id": "3351", "start_position": [-3.4970173835754395, 0.07696913182735443, 0.32195019721984863], "start_rotation": [0, 0.33234997938958455, 0, 0.9431561329916393]}