{"episode_id": "4520", "start_position": [4.575055122375488, 0.014962434768676758, 7.081063270568848], "start_rotation": [0, 0.4358448694725813, 0, 0.9000218051549799]}