{"episode_id": "66582", "start_position": [-8.160185813903809, 0.044724658131599426, 5.226770401000977], "start_rotation": [0, 0.38878070958832095, 0, 0.9213303207058811]}