{"episode_id": "24689", "start_position": [-1.977203130722046, 0.1751515418291092, 1.2025351524353027], "start_rotation": [0, 0.007960023048621352, 0, -0.9999683185146745]}