{"episode_id": "48669", "start_position": [1.8485815525054932, 3.1651172637939453, 0.7658183574676514], "start_rotation": [0, 0.33404195810684995, 0, -0.9425582052181931]}