{"episode_id": "35758", "start_position": [-1.6284770965576172, 0.14657917618751526, -0.302229642868042], "start_rotation": [0, 0.4015551388121211, 0, 0.9158348489185035]}