{"episode_id": "23948", "start_position": [8.166961669921875, 0.19309520721435547, -3.0610766410827637], "start_rotation": [0, 0.3008442296948129, 0, -0.9536732928311114]}