{"episode_id": "33873", "start_position": [-8.087261199951172, 3.4631917476654053, 6.891475200653076], "start_rotation": [0, 0.9811330411999675, 0, 0.19333379287052443]}