{"episode_id": "11161", "start_position": [-6.340076446533203, 1.5970072746276855, 2.471461296081543], "start_rotation": [0, 0.592833194253687, 0, 0.8053252782515711]}