{"episode_id": "44623", "start_position": [0.8932991027832031, 0.0701034814119339, 2.1729724407196045], "start_rotation": [0, 0.6623879483141822, 0, -0.7491610013395841]}