{"episode_id": "65563", "start_position": [8.364228248596191, 0.6454998850822449, 0.5495133996009827], "start_rotation": [0, 0.9960791052799954, 0, -0.08846703354698736]}