{"episode_id": "42623", "start_position": [-0.06561940163373947, 1.5970072746276855, 0.3913804292678833], "start_rotation": [0, 0.9972351783287889, 0, 0.07431015478081383]}