{"episode_id": "8413", "start_position": [3.1497702598571777, 0.17646045982837677, -1.6157612800598145], "start_rotation": [0, 0.5221217418234531, 0, 0.8528709672132376]}