{"episode_id": "26711", "start_position": [-0.2794141173362732, 0.17646045982837677, -4.821276664733887], "start_rotation": [0, 0.9995914714123357, 0, 0.028581292478148924]}