{"episode_id": "64414", "start_position": [-2.5175588130950928, 0.0701034814119339, 5.251626014709473], "start_rotation": [0, 0.869611798226734, 0, -0.4937360837379278]}