{"episode_id": "6857", "start_position": [-1.4562774896621704, 0.17949719727039337, 0.5231276750564575], "start_rotation": [0, 0.1815839146088403, 0, 0.9833754531995037]}