{"episode_id": "65682", "start_position": [2.768007278442383, 0.044724658131599426, 2.0633304119110107], "start_rotation": [0, 0.3549832030759275, 0, 0.9348726787824932]}