{"episode_id": "12812", "start_position": [-4.450479984283447, 0.05604910850524902, -0.5663294792175293], "start_rotation": [0, 0.5501772472530799, 0, -0.8350479007847533]}