{"episode_id": "43471", "start_position": [-1.9152109622955322, 0.16243858635425568, 0.6826785206794739], "start_rotation": [0, 0.645509437161267, 0, 0.763752293964309]}