{"episode_id": "48254", "start_position": [-2.166189432144165, 0.15964920818805695, 3.391779899597168], "start_rotation": [0, 0.14845884740889448, 0, -0.9889185864498768]}