{"episode_id": "20780", "start_position": [2.3841686248779297, 0.12324567139148712, -2.3414416313171387], "start_rotation": [0, 0.3176079392530846, 0, -0.9482221242532832]}