{"episode_id": "29603", "start_position": [-0.044261038303375244, 0.17002512514591217, 1.449647307395935], "start_rotation": [0, 0.03986922836783357, 0, 0.9992049062276234]}