{"episode_id": "3832", "start_position": [-2.169116735458374, 0.1751515418291092, -2.9580235481262207], "start_rotation": [0, 0.9040694218110448, 0, -0.4273856344640554]}