{"episode_id": "17769", "start_position": [-1.418818473815918, 0.12194900214672089, -0.18136870861053467], "start_rotation": [0, 0.803483839846312, 0, 0.5953265650933327]}