{"episode_id": "31406", "start_position": [-3.2683238983154297, -2.967862606048584, 9.510089874267578], "start_rotation": [0, 0.9515388259725757, 0, 0.30752863714901807]}