{"episode_id": "35492", "start_position": [-3.6666100025177, 0.22065527737140656, 0.15682850778102875], "start_rotation": [0, 0.5069919219029515, 0, 0.8619508055133724]}