{"episode_id": "27467", "start_position": [-5.643249034881592, 0.1667099893093109, -11.747849464416504], "start_rotation": [0, 0.8986757974185127, 0, 0.43861350997683646]}