{"episode_id": "33224", "start_position": [2.481208324432373, 0.021137923002243042, 5.76765251159668], "start_rotation": [0, 0.7388298681095137, 0, -0.673891998757426]}