{"episode_id": "52111", "start_position": [-12.461992263793945, 0.03310127556324005, -10.234170913696289], "start_rotation": [0, 0.44062307593405214, 0, 0.8976922105902526]}