{"episode_id": "25158", "start_position": [0.4543616473674774, 0.1719042807817459, 0.18916411697864532], "start_rotation": [0, 0.34763494966595654, 0, -0.9376299599366201]}