{"episode_id": "27940", "start_position": [0.15205492079257965, 0.14657917618751526, 13.247737884521484], "start_rotation": [0, 0.07299433294386651, 0, 0.9973323555154922]}