{"episode_id": "27578", "start_position": [-7.660046577453613, 0.044724658131599426, 7.267687797546387], "start_rotation": [0, 0.9690948424505647, 0, -0.24668843980964184]}