{"episode_id": "39052", "start_position": [0.23274986445903778, 0.12194900214672089, 0.650126576423645], "start_rotation": [0, 0.8018826032047576, 0, -0.5974816237153753]}