{"episode_id": "62636", "start_position": [-1.249253273010254, 0.14340753853321075, -0.9364326000213623], "start_rotation": [0, 0.9739183740337485, 0, 0.2268986573769437]}