{"episode_id": "37280", "start_position": [-3.878566026687622, 0.12114477157592773, -1.9977593421936035], "start_rotation": [0, 0.8270963385126661, 0, -0.5620601807804403]}