{"episode_id": "7245", "start_position": [0.20509487390518188, 3.3211450576782227, 0.24056214094161987], "start_rotation": [0, 0.3212124585618528, 0, -0.9470071575572436]}