{"episode_id": "23325", "start_position": [6.0262556076049805, 0.16646166145801544, -1.8928393125534058], "start_rotation": [0, 0.9795469377075424, 0, -0.20121579666560968]}