{"episode_id": "55972", "start_position": [-3.1957714557647705, 0.17000891268253326, 0.29248255491256714], "start_rotation": [0, 0.3264671837973233, 0, -0.9452085367279777]}