{"episode_id": "57801", "start_position": [10.93177318572998, 0.19309520721435547, 1.1052511930465698], "start_rotation": [0, 0.26936388758732666, 0, -0.9630384707081239]}