{"episode_id": "44505", "start_position": [-2.9261021614074707, 0.17949719727039337, -0.6192115545272827], "start_rotation": [0, 0.4699937622928016, 0, 0.8826697363146975]}