{"episode_id": "68992", "start_position": [-1.054518699645996, 0.1719042807817459, -7.137962341308594], "start_rotation": [0, 0.9510429560957234, 0, 0.3090587252622193]}