{"episode_id": "61926", "start_position": [-8.45486831665039, 0.17000891268253326, -2.5696487426757812], "start_rotation": [0, 0.09802492971351584, 0, -0.99518395945406]}