{"episode_id": "21096", "start_position": [-4.107128143310547, 0.1649409383535385, 0.9892007112503052], "start_rotation": [0, 0.8864059312220812, 0, 0.462908765410977]}