{"episode_id": "44915", "start_position": [-5.3900041580200195, 0.11509490013122559, -0.8258222341537476], "start_rotation": [0, 0.4361409643879733, 0, 0.8998783579921947]}