{"episode_id": "26045", "start_position": [-11.59837532043457, 0.03310127556324005, -9.472450256347656], "start_rotation": [0, 0.9847420239928918, 0, 0.17402053379524746]}