{"episode_id": "59199", "start_position": [-1.8831114768981934, 0.1662864238023758, -1.6888171434402466], "start_rotation": [0, 0.6432026905251272, 0, 0.765695957218815]}