{"episode_id": "61776", "start_position": [0.6985538005828857, 0.08356514573097229, 1.6501104831695557], "start_rotation": [0, 0.8893616466184358, 0, 0.45720439797113127]}