{"episode_id": "8209", "start_position": [-1.5420864820480347, 0.23213766515254974, 7.199368000030518], "start_rotation": [0, 0.12834463848004599, 0, -0.9917296273548685]}