{"episode_id": "10924", "start_position": [6.816975116729736, 0.16646166145801544, -2.0856118202209473], "start_rotation": [0, 0.9999724126163945, 0, 0.007427920714937829]}