{"episode_id": "34401", "start_position": [-2.21873140335083, 0.18128342926502228, -0.8368087410926819], "start_rotation": [0, 0.045298157947901145, 0, -0.99897351160405]}