{"episode_id": "32501", "start_position": [4.9007487297058105, 0.1887628585100174, 2.7927563190460205], "start_rotation": [0, 0.7104506014456187, 0, -0.703747073106211]}