{"episode_id": "22558", "start_position": [-4.953307151794434, 0.16646166145801544, -1.3588273525238037], "start_rotation": [0, 0.9310147692850786, 0, -0.3649815055219262]}