{"episode_id": "41530", "start_position": [-0.16172149777412415, 1.662041425704956, -5.72806978225708], "start_rotation": [0, 0.9998239928289377, 0, -0.018761219672512267]}