{"episode_id": "20362", "start_position": [-6.501209259033203, 0.17000891268253326, -4.334982872009277], "start_rotation": [0, 0.8902418127757865, 0, -0.4554882158581947]}