{"episode_id": "63741", "start_position": [6.376953125, 0.021137923002243042, 2.4920029640197754], "start_rotation": [0, 0.9765885770269088, 0, -0.2151156693980178]}