{"episode_id": "55785", "start_position": [-7.218273639678955, 0.037133216857910156, -3.813807487487793], "start_rotation": [0, 0.9566146067316958, 0, 0.2913563010946614]}