{"episode_id": "41923", "start_position": [0.4782449007034302, 0.17282123863697052, -2.595177173614502], "start_rotation": [0, 0.2542242478097631, 0, 0.9671453002654565]}