{"episode_id": "47734", "start_position": [-8.483049392700195, 0.1672901213169098, -4.42357873916626], "start_rotation": [0, 0.9952695945222465, 0, 0.09715160430751008]}