{"episode_id": "50189", "start_position": [-2.9641735553741455, 3.1434075832366943, 0.7474780678749084], "start_rotation": [0, 0.437532880764655, 0, -0.8992024122797837]}