{"episode_id": "19488", "start_position": [2.407614231109619, 0.18321557343006134, -0.291426420211792], "start_rotation": [0, 0.09773004233345312, 0, -0.995212961544162]}