{"episode_id": "35995", "start_position": [0.8637049198150635, 0.12194900214672089, 1.81206476688385], "start_rotation": [0, 0.6564451312683812, 0, 0.7543737731615793]}