{"episode_id": "12856", "start_position": [-6.7162275314331055, 0.20017647743225098, -4.477142810821533], "start_rotation": [0, 0.7381016760589597, 0, 0.6746894958415719]}