{"episode_id": "20484", "start_position": [3.8111791610717773, 0.2344989776611328, 4.653938293457031], "start_rotation": [0, 0.7866334019409856, 0, 0.617420351908448]}