{"episode_id": "59142", "start_position": [2.310961961746216, 0.025109490379691124, 13.336660385131836], "start_rotation": [0, 0.5837569459441608, 0, 0.811928462404137]}