{"episode_id": "23703", "start_position": [0.6818535923957825, 0.15562696754932404, 3.9239816665649414], "start_rotation": [0, 0.6982544143811945, 0, 0.7158496858958416]}