{"episode_id": "49247", "start_position": [-2.4494845867156982, 0.0701034814119339, 4.815916061401367], "start_rotation": [0, 0.9970470034741075, 0, -0.07679370327899995]}