{"episode_id": "742", "start_position": [2.4826014041900635, 2.576350688934326, 0.08646542578935623], "start_rotation": [0, 0.9427558056448064, 0, 0.3334838690596772]}