{"episode_id": "32514", "start_position": [-4.80991268157959, 0.11509490013122559, -1.303684115409851], "start_rotation": [0, 0.2299575788022336, 0, 0.9732006534889989]}