{"episode_id": "10852", "start_position": [-1.9846670627593994, 0.14657917618751526, -0.16278375685214996], "start_rotation": [0, 0.5652908647892496, 0, -0.8248916523918898]}