{"episode_id": "35648", "start_position": [-0.19647422432899475, 0.1649409383535385, -0.07782788574695587], "start_rotation": [0, 0.7890422206832926, 0, 0.6143389731892144]}