{"episode_id": "12856", "start_position": [-1.5934007167816162, 0.15964920818805695, 0.5908603072166443], "start_rotation": [0, 0.9999219717179925, 0, -0.012492016474621092]}