{"episode_id": "29689", "start_position": [-5.139908790588379, 0.17000891268253326, 0.9093282222747803], "start_rotation": [0, 0.08021736949197524, 0, -0.9967773942218934]}