{"episode_id": "14396", "start_position": [-12.229437828063965, -2.852285146713257, 14.309123992919922], "start_rotation": [0, 0.9610479757355866, 0, -0.27638159912434707]}