{"episode_id": "54257", "start_position": [-5.303438186645508, 0.13523341715335846, -1.230229139328003], "start_rotation": [0, 0.7786952720396885, 0, -0.627402321722701]}