{"episode_id": "55269", "start_position": [-0.36322492361068726, 0.17949719727039337, 7.456782817840576], "start_rotation": [0, 0.7226572764404355, 0, 0.6912065254377248]}