{"episode_id": "8439", "start_position": [-1.0694701671600342, 0.21782460808753967, 1.5649826526641846], "start_rotation": [0, 0.6555070526690608, 0, -0.7551890517619553]}