{"episode_id": "45651", "start_position": [-3.8293628692626953, 0.025033235549926758, -9.14815902709961], "start_rotation": [0, 0.10947070959279184, 0, 0.9939900219525599]}