{"episode_id": "49901", "start_position": [5.711512565612793, 0.021137923002243042, 3.723403215408325], "start_rotation": [0, 0.6738799947683342, 0, 0.7388408168550449]}