{"episode_id": "65651", "start_position": [-0.699209988117218, -2.8915817737579346, -7.877202987670898], "start_rotation": [0, 0.9038402322295045, 0, -0.42787011417405085]}