{"episode_id": "16045", "start_position": [-0.36727577447891235, 0.14570780098438263, -1.0589889287948608], "start_rotation": [0, 0.9724572045017575, 0, -0.23308149950741902]}