{"episode_id": "55090", "start_position": [-2.11981201171875, 0.15964920818805695, 5.731081962585449], "start_rotation": [0, 0.9638436536783034, 0, 0.26646840575208663]}