{"episode_id": "3054", "start_position": [-4.682413578033447, 0.17000891268253326, -2.9006764888763428], "start_rotation": [0, 0.7600960082099997, 0, -0.6498107865396081]}