{"episode_id": "58211", "start_position": [2.564742088317871, 0.17646045982837677, -1.5174577236175537], "start_rotation": [0, 0.430046696620617, 0, -0.9028066452600441]}