{"episode_id": "43314", "start_position": [-1.2574248313903809, 0.0701034814119339, 1.8713747262954712], "start_rotation": [0, 0.7957417986157049, 0, -0.6056360210025845]}