{"episode_id": "54875", "start_position": [-3.706756591796875, 3.683565139770508, -3.327613353729248], "start_rotation": [0, 0.8750163383235149, 0, -0.4840933873406123]}