{"episode_id": "2026", "start_position": [-0.5712577700614929, 0.17646045982837677, -7.432004928588867], "start_rotation": [0, 0.945906457747237, 0, 0.32443947539113455]}