{"episode_id": "51495", "start_position": [-7.388462066650391, 0.17923279106616974, 0.6999660134315491], "start_rotation": [0, 0.10173020378574725, 0, -0.9948120252779971]}