{"episode_id": "11141", "start_position": [2.1137614250183105, 0.17002512514591217, 3.0292820930480957], "start_rotation": [0, 0.9856805034817929, 0, 0.16862367881136717]}