{"episode_id": "67161", "start_position": [-2.295574426651001, 0.15562696754932404, -1.421462893486023], "start_rotation": [0, 0.9991247080722254, 0, 0.04183082260236242]}