{"episode_id": "50807", "start_position": [0.3634212017059326, 0.05604910850524902, 3.86478853225708], "start_rotation": [0, 0.5618099041262726, 0, -0.8272663607482347]}