{"episode_id": "11224", "start_position": [0.04245234280824661, 0.08820843696594238, 7.03200626373291], "start_rotation": [0, 0.9269290029430702, 0, 0.37523675659903794]}