{"episode_id": "59158", "start_position": [0.6077529191970825, 0.17949719727039337, 0.9937664270401001], "start_rotation": [0, 0.9103899639468844, 0, -0.4137512701428124]}