{"episode_id": "48372", "start_position": [-4.480986595153809, 0.19742000102996826, 13.29109001159668], "start_rotation": [0, 0.7966453197183758, 0, 0.6044470486079047]}