{"episode_id": "57371", "start_position": [0.6978374719619751, 0.051483385264873505, -0.2853872776031494], "start_rotation": [0, 0.3479485055165868, 0, 0.937513646572024]}