{"episode_id": "11500", "start_position": [3.0497195720672607, 2.365107297897339, -8.988691329956055], "start_rotation": [0, 0.8213140321296729, 0, 0.570476345370164]}