{"episode_id": "16364", "start_position": [-1.5706088542938232, 0.18145985901355743, -1.9396770000457764], "start_rotation": [0, 0.4542744098725876, 0, 0.8908618077653303]}