{"episode_id": "6912", "start_position": [-1.1862884759902954, 0.1005861759185791, 1.6797306537628174], "start_rotation": [0, 0.3043557070345222, 0, -0.9525584515374981]}