{"episode_id": "43012", "start_position": [-0.3420100212097168, -2.8915817737579346, -4.712880611419678], "start_rotation": [0, 0.8046632140417246, 0, -0.5937315150537672]}