{"episode_id": "17389", "start_position": [-17.653608322143555, 0.19700729846954346, -4.616541862487793], "start_rotation": [0, 0.6337215085130306, 0, 0.7735612772418026]}