{"episode_id": "34589", "start_position": [-4.100705146789551, 2.943636655807495, 0.7476697564125061], "start_rotation": [0, 0.8570044460100017, 0, -0.5153090136210409]}