{"episode_id": "9888", "start_position": [-1.808307409286499, 0.12194900214672089, 0.5520648956298828], "start_rotation": [0, 0.4900031981669002, 0, -0.8717206351728801]}