{"episode_id": "45459", "start_position": [-4.1724114418029785, 0.037133216857910156, -4.969125270843506], "start_rotation": [0, 0.8890517500940675, 0, 0.45780671211186474]}