{"episode_id": "58265", "start_position": [0.48911210894584656, 0.16646166145801544, -3.4161970615386963], "start_rotation": [0, 0.20465503253956197, 0, 0.9788341624893518]}