{"episode_id": "43877", "start_position": [-5.057542324066162, 0.16646166145801544, 2.871615409851074], "start_rotation": [0, 0.5088900497816812, 0, 0.86083152662597]}