{"episode_id": "55376", "start_position": [-3.3349132537841797, 0.18145985901355743, 0.1471657156944275], "start_rotation": [0, 0.9186088545857531, 0, -0.3951680304334482]}