{"episode_id": "29497", "start_position": [0.20288541913032532, 0.1751515418291092, 1.3404428958892822], "start_rotation": [0, 0.14660306610617066, 0, 0.9891954008224411]}