{"episode_id": "6422", "start_position": [-2.828998327255249, 0.1672901213169098, -4.536381244659424], "start_rotation": [0, 0.020017612525026842, 0, 0.9997996275198335]}