{"episode_id": "9798", "start_position": [4.53156852722168, 0.14657917618751526, 1.2536975145339966], "start_rotation": [0, 0.09838192261601128, 0, 0.9951487312469314]}