{"episode_id": "41290", "start_position": [-1.8197420835494995, 0.12194900214672089, 0.4770479202270508], "start_rotation": [0, 0.017267177137825225, 0, 0.9998509111831079]}