{"episode_id": "46917", "start_position": [0.30179163813591003, 2.365107297897339, -10.970050811767578], "start_rotation": [0, 0.9265024076765774, 0, -0.37628883662620816]}