{"episode_id": "41420", "start_position": [-4.679807662963867, 0.08076925575733185, -7.802551746368408], "start_rotation": [0, 0.9795683693122985, 0, -0.2011114363800435]}