{"episode_id": "41060", "start_position": [-0.8845126628875732, 0.1662864238023758, -1.5129594802856445], "start_rotation": [0, 0.6714706590665619, 0, 0.7410311424040942]}