{"episode_id": "60130", "start_position": [1.0807946920394897, 0.1719042807817459, -5.7085862159729], "start_rotation": [0, 0.16657626393940161, 0, 0.986028573770553]}