{"episode_id": "20828", "start_position": [-2.351060628890991, 0.14340916275978088, 0.9207674264907837], "start_rotation": [0, 0.9768775438087861, 0, 0.21379958934037538]}