{"episode_id": "53322", "start_position": [-4.530712127685547, 0.08076925575733185, -1.3761670589447021], "start_rotation": [0, 0.5152178828010848, 0, -0.8570592355502434]}