{"episode_id": "50424", "start_position": [-0.1645117700099945, 0.17800255119800568, -1.2199134826660156], "start_rotation": [0, 0.5976783949711381, 0, -0.8017359516603483]}