{"episode_id": "53322", "start_position": [-0.16980794072151184, 0.032137393951416016, 2.2917747497558594], "start_rotation": [0, 0.9994042091555844, 0, 0.03451415248996997]}