{"episode_id": "60130", "start_position": [-2.834357261657715, 0.08820843696594238, 7.40229606628418], "start_rotation": [0, 0.8960304057285021, 0, 0.44399269364485705]}