{"episode_id": "16051", "start_position": [-2.5512924194335938, 0.17000891268253326, -2.536985397338867], "start_rotation": [0, 0.4885090297380182, 0, -0.8725588391990652]}