{"episode_id": "9798", "start_position": [6.340084075927734, 0.18360306322574615, -5.883893966674805], "start_rotation": [0, 0.33521947152286696, 0, -0.9421400670345836]}