{"episode_id": "65666", "start_position": [-5.332154750823975, 0.17000891268253326, -0.8996221423149109], "start_rotation": [0, 0.8501332728320077, 0, 0.526567582010077]}