{"episode_id": "13086", "start_position": [-2.5441455841064453, 1.662041425704956, -5.080833435058594], "start_rotation": [0, 0.9855635619286219, 0, -0.16930583391769868]}