{"episode_id": "47734", "start_position": [-1.7296783924102783, 0.17002512514591217, -4.276368618011475], "start_rotation": [0, 0.671626547972137, 0, -0.7408898569011664]}