{"episode_id": "1171", "start_position": [2.1802620887756348, 0.12324567139148712, -1.069556474685669], "start_rotation": [0, 0.7540683033717094, 0, 0.6567960062683935]}