{"episode_id": "64155", "start_position": [-7.438143730163574, 0.044724658131599426, 5.339658737182617], "start_rotation": [0, 0.9132437551184026, 0, -0.4074136027886638]}