{"episode_id": "55454", "start_position": [5.907993793487549, 0.16646166145801544, 2.9952518939971924], "start_rotation": [0, 0.7278590393536196, 0, 0.6857267814743901]}