{"episode_id": "21492", "start_position": [7.750523567199707, 0.09678955376148224, -4.610674858093262], "start_rotation": [0, 0.5860434123712218, 0, 0.8102796546972496]}