{"episode_id": "4846", "start_position": [3.904493808746338, 0.17646045982837677, -2.5220251083374023], "start_rotation": [0, 0.38745898494402037, 0, -0.9218869426269956]}