{"episode_id": "37176", "start_position": [3.870793342590332, 0.18360306322574615, -3.8280134201049805], "start_rotation": [0, 0.40189934458500526, 0, 0.9156838520046879]}