{"episode_id": "10142", "start_position": [-1.9256744384765625, 0.16646166145801544, -2.211120843887329], "start_rotation": [0, 0.1744660365496268, 0, 0.9846631922087188]}