{"episode_id": "33980", "start_position": [-4.962320327758789, 0.20489013195037842, 1.6671961545944214], "start_rotation": [0, 0.4469788097045161, 0, -0.8945445453833666]}