{"episode_id": "55921", "start_position": [-3.5399868488311768, 0.044724658131599426, 6.371248245239258], "start_rotation": [0, 0.07244411476725825, 0, 0.9973724731691708]}