{"episode_id": "55946", "start_position": [4.840632915496826, 0.014962434768676758, 0.6547627449035645], "start_rotation": [0, 0.9674621285170703, 0, 0.2530158688407111]}