{"episode_id": "41569", "start_position": [3.006269693374634, 0.2321375012397766, 8.950204849243164], "start_rotation": [0, 0.409502539665183, 0, 0.9123089772701819]}