{"episode_id": "25010", "start_position": [-1.2450438737869263, 3.1651172637939453, 1.4477837085723877], "start_rotation": [0, 0.9744505009599247, 0, 0.22460236236280276]}