{"episode_id": "37056", "start_position": [-2.9023900032043457, 0.15964920818805695, 2.9823293685913086], "start_rotation": [0, 0.44624151711964916, 0, 0.8949125702540746]}