{"episode_id": "58403", "start_position": [-1.234859585762024, 0.11509490013122559, -0.33119553327560425], "start_rotation": [0, 0.9243290406238581, 0, 0.3815964159414735]}