{"episode_id": "47671", "start_position": [1.3686764240264893, 0.19819751381874084, 9.659502029418945], "start_rotation": [0, 0.960126922199544, 0, -0.2795644706818642]}