{"episode_id": "31015", "start_position": [-1.085252285003662, 0.18463699519634247, 4.166914939880371], "start_rotation": [0, 0.4567308535763072, 0, 0.8896049277018747]}