{"episode_id": "44165", "start_position": [0.15425999462604523, 3.3211450576782227, -0.27048295736312866], "start_rotation": [0, 0.0453105118547414, 0, 0.998972951343259]}