{"episode_id": "45651", "start_position": [-6.295592784881592, 0.16511733829975128, -1.5323305130004883], "start_rotation": [0, 0.3210150784384936, 0, 0.9470740833826717]}