{"episode_id": "40432", "start_position": [2.2045223712921143, 0.18360306322574615, -2.531686782836914], "start_rotation": [0, 0.9863051997836225, 0, -0.16493044861331238]}