{"episode_id": "9066", "start_position": [0.15052349865436554, 0.1751515418291092, 1.8260040283203125], "start_rotation": [0, 0.684467908816315, 0, -0.7290429903651914]}