{"episode_id": "17076", "start_position": [-4.45693302154541, 3.1434075832366943, -0.08020498603582382], "start_rotation": [0, 0.2580243173313801, 0, -0.9661384226215596]}