{"episode_id": "5365", "start_position": [-0.7210118770599365, -0.03270988166332245, 8.244989395141602], "start_rotation": [0, 0.6845236508659549, 0, 0.7289906524813224]}