{"episode_id": "37491", "start_position": [2.20942759513855, 2.7005860805511475, -2.5653438568115234], "start_rotation": [0, 0.7411783673744027, 0, -0.6713081466332842]}