{"episode_id": "55291", "start_position": [3.708298683166504, 0.16646166145801544, 1.6263635158538818], "start_rotation": [0, 0.2998309124799984, 0, -0.9539923605152253]}