{"episode_id": "57327", "start_position": [-8.55759334564209, 0.31019872426986694, 4.294320106506348], "start_rotation": [0, 0.3540483261162873, 0, -0.9352271289768358]}