{"episode_id": "21539", "start_position": [-6.441091537475586, 0.03310127556324005, -5.712749481201172], "start_rotation": [0, 0.0007565381236872079, 0, -0.9999997138249928]}