{"episode_id": "57518", "start_position": [1.1908519268035889, 2.365107297897339, -6.204316139221191], "start_rotation": [0, 0.9128954153747172, 0, 0.408193533250862]}