{"episode_id": "39686", "start_position": [-1.7885956764221191, 0.09678955376148224, -2.9478230476379395], "start_rotation": [0, 0.33051473128565406, 0, 0.9438008330167822]}