{"episode_id": "13135", "start_position": [2.3486504554748535, 0.1005861759185791, -2.259493350982666], "start_rotation": [0, 0.9855839122114275, 0, 0.16918732810118245]}