{"episode_id": "60504", "start_position": [-3.617471218109131, 0.11509490013122559, 4.872347831726074], "start_rotation": [0, 0.9227671671313162, 0, -0.3853579573129967]}