{"episode_id": "62391", "start_position": [-0.1609654724597931, 0.08546152710914612, -1.799020528793335], "start_rotation": [0, 0.896501923402867, 0, 0.4430398417015787]}