{"episode_id": "2627", "start_position": [2.80179762840271, 0.18463699519634247, -0.6127438545227051], "start_rotation": [0, 0.9203465324062922, 0, 0.39110389960688685]}