{"episode_id": "25027", "start_position": [-6.430243015289307, 0.16511733829975128, 0.3974190652370453], "start_rotation": [0, 0.9760398038475814, 0, 0.2175920524862405]}