{"episode_id": "62851", "start_position": [-5.963685989379883, 0.17635054886341095, 1.4848358631134033], "start_rotation": [0, 0.24164881952563091, 0, 0.9703637709755394]}