{"episode_id": "34492", "start_position": [-5.955996990203857, 0.1514829844236374, 1.2321337461471558], "start_rotation": [0, 0.8051844543874057, 0, 0.5930244467244632]}