{"episode_id": "68028", "start_position": [1.3401203155517578, -2.374966859817505, -6.48071813583374], "start_rotation": [0, 0.6099961919516109, 0, 0.7924043448925135]}