{"episode_id": "54981", "start_position": [0.6950777769088745, 0.20017647743225098, -3.8978447914123535], "start_rotation": [0, 0.7428703821218263, 0, 0.6694352809392194]}