{"episode_id": "27589", "start_position": [1.5514893531799316, 0.14657917618751526, 4.247314453125], "start_rotation": [0, 0.756267097149845, 0, 0.6542630035150596]}