{"episode_id": "36600", "start_position": [-8.496651649475098, 0.062041521072387695, -1.261328101158142], "start_rotation": [0, 0.9660446088311289, 0, 0.2583753350231233]}