{"episode_id": "4776", "start_position": [-2.5497968196868896, 2.576350688934326, 0.854840874671936], "start_rotation": [0, 0.6417516094732184, 0, 0.7669125580785164]}