{"episode_id": "57039", "start_position": [-3.75057053565979, 0.03310127556324005, -6.589238166809082], "start_rotation": [0, 0.9406359442831385, 0, 0.3394171774123526]}