{"episode_id": "1164", "start_position": [2.480025053024292, 0.1887628585100174, -0.8026480674743652], "start_rotation": [0, 0.8936428752585763, 0, -0.44877880018956406]}