{"episode_id": "43451", "start_position": [-1.2802282571792603, 0.08820843696594238, -0.8107947707176208], "start_rotation": [0, 0.6276737425140969, 0, 0.7784765076470498]}