{"episode_id": "61409", "start_position": [-1.3163177967071533, 0.17635054886341095, -1.0645990371704102], "start_rotation": [0, 0.08890404146383638, 0, 0.9960401956805741]}