{"episode_id": "2740", "start_position": [-7.299461364746094, 0.03514885902404785, 5.0016889572143555], "start_rotation": [0, 0.34464221193112027, 0, -0.9387341187765708]}