{"episode_id": "1927", "start_position": [1.923664927482605, 0.15289896726608276, -0.7640709280967712], "start_rotation": [0, 0.7462340293588006, 0, -0.6656836887192962]}