{"episode_id": "43411", "start_position": [-1.435734510421753, 0.16646166145801544, -0.6771769523620605], "start_rotation": [0, 0.38316138051649734, 0, 0.9236814150348008]}