{"episode_id": "9870", "start_position": [-3.711210250854492, 0.025033235549926758, -2.9833004474639893], "start_rotation": [0, 0.13564929450740584, 0, 0.9907569171596246]}