{"episode_id": "45195", "start_position": [-4.769325256347656, 0.1514829844236374, -1.0671849250793457], "start_rotation": [0, 0.8541616393620779, 0, 0.5200075901775738]}