{"episode_id": "65857", "start_position": [-0.49122440814971924, 0.17646045982837677, -7.0733208656311035], "start_rotation": [0, 0.8927128124975456, 0, -0.4506260471862695]}