{"episode_id": "55467", "start_position": [2.166917324066162, 0.15289896726608276, -3.0743558406829834], "start_rotation": [0, 0.9904338088610138, 0, 0.13798865991473575]}