{"episode_id": "180", "start_position": [-5.0543131828308105, 0.17923279106616974, -0.40358084440231323], "start_rotation": [0, 0.6283743962190198, 0, 0.7779110605823666]}