{"episode_id": "20476", "start_position": [-0.2638310194015503, 0.18463699519634247, -0.24620400369167328], "start_rotation": [0, 0.02040802577237323, 0, -0.9997917345547892]}