{"episode_id": "20558", "start_position": [1.0467231273651123, 0.17970331013202667, -3.172732353210449], "start_rotation": [0, 0.2422844762644799, 0, 0.9702052528002756]}