{"episode_id": "9987", "start_position": [-2.0268704891204834, 0.16243858635425568, 1.2546837329864502], "start_rotation": [0, 0.6610062685734126, 0, 0.7503803788124084]}