{"episode_id": "37766", "start_position": [10.842039108276367, 0.19309520721435547, -1.4521095752716064], "start_rotation": [0, 0.9099789594731124, 0, 0.4146544263796442]}