{"episode_id": "26552", "start_position": [-0.6500573754310608, 0.0701034814119339, 8.756558418273926], "start_rotation": [0, 0.5345294741084232, 0, 0.8451498336445276]}