{"episode_id": "58321", "start_position": [-6.900852203369141, 0.1005861759185791, 0.6703380942344666], "start_rotation": [0, 0.9989871803984401, 0, -0.044995704234675075]}