{"episode_id": "14256", "start_position": [0.052718549966812134, -2.967862606048584, -1.361419916152954], "start_rotation": [0, 0.7059541443988511, 0, -0.7082575421455716]}