{"episode_id": "54417", "start_position": [-11.099384307861328, 0.062041521072387695, -5.542611598968506], "start_rotation": [0, 0.927911784850442, 0, -0.37279983843299475]}