{"episode_id": "856", "start_position": [-0.8048095703125, 0.17949719727039337, 7.978362083435059], "start_rotation": [0, 0.9969697802788727, 0, 0.07778982716715728]}