{"episode_id": "60755", "start_position": [-3.4333348274230957, 0.12114477157592773, -4.062963485717773], "start_rotation": [0, 0.02645051835847773, 0, -0.9996501238326176]}