{"episode_id": "5528", "start_position": [-0.6848833560943604, 0.18604911863803864, 0.2306637167930603], "start_rotation": [0, 0.808569937265967, 0, -0.5884000820442755]}