{"episode_id": "6114", "start_position": [0.4146190285682678, 0.14570780098438263, -5.722808837890625], "start_rotation": [0, 0.9507781784506442, 0, -0.309872321097053]}