{"episode_id": "53180", "start_position": [0.9220825433731079, 0.15165157616138458, 2.871657133102417], "start_rotation": [0, 0.4235191730002549, 0, 0.9058871398254753]}