{"episode_id": "50875", "start_position": [-3.241330623626709, 0.12324567139148712, -2.901686668395996], "start_rotation": [0, 0.03346983869131037, 0, 0.99943972799663]}