{"episode_id": "47750", "start_position": [1.0734974145889282, 0.08076925575733185, 0.40656206011772156], "start_rotation": [0, 0.5587907443945836, 0, 0.8293086904036079]}