{"episode_id": "31799", "start_position": [-5.153417110443115, 0.17635054886341095, 1.9203776121139526], "start_rotation": [0, 0.9998776329161317, 0, 0.01564350325321602]}