{"episode_id": "36041", "start_position": [1.0358456373214722, 0.17282123863697052, -5.542971134185791], "start_rotation": [0, 0.7080883284247247, 0, -0.706123869550293]}