{"episode_id": "35908", "start_position": [-2.469437837600708, 0.014962434768676758, 4.814934730529785], "start_rotation": [0, 0.12369025427723059, 0, -0.9923208760259123]}