{"episode_id": "18681", "start_position": [3.5403077602386475, 0.14657917618751526, 5.954871654510498], "start_rotation": [0, 0.49198001445531375, 0, 0.870606492840795]}