{"episode_id": "42918", "start_position": [0.4365406632423401, 0.18145985901355743, -3.4346227645874023], "start_rotation": [0, 0.9963012589623169, 0, 0.08592904858138685]}