{"episode_id": "44165", "start_position": [3.6866815090179443, 0.17646045982837677, -4.823166847229004], "start_rotation": [0, 0.8280185271544489, 0, -0.5607007389766641]}