{"episode_id": "60504", "start_position": [0.6620542407035828, 0.12194900214672089, 0.7252316474914551], "start_rotation": [0, 0.8130660793336854, 0, -0.5821714100133647]}