{"episode_id": "10828", "start_position": [-9.058877944946289, 0.17923279106616974, 5.031116485595703], "start_rotation": [0, 0.7402734805845769, 0, -0.6723058633860008]}