{"episode_id": "27368", "start_position": [0.47582969069480896, 0.14340916275978088, 0.7814149856567383], "start_rotation": [0, 0.7913472626004633, 0, 0.6113669192675978]}