{"episode_id": "58287", "start_position": [9.38797664642334, 0.14657917618751526, 14.231270790100098], "start_rotation": [0, 0.6810017560157615, 0, -0.7322817820371126]}