{"episode_id": "27296", "start_position": [-4.3498053550720215, 0.12114477157592773, -4.218335151672363], "start_rotation": [0, 0.9930182806735544, 0, 0.11796056225763789]}