{"episode_id": "7649", "start_position": [-4.1864423751831055, 0.17702746391296387, 0.9154535531997681], "start_rotation": [0, 0.9418529898668734, 0, -0.3360252155401904]}