{"episode_id": "62301", "start_position": [1.1469918489456177, 0.14570780098438263, -0.3164196312427521], "start_rotation": [0, 0.060655027199605804, 0, -0.9981587888083815]}