{"episode_id": "55869", "start_position": [-3.435089588165283, 0.03514885902404785, 5.6696858406066895], "start_rotation": [0, 0.37312442523608663, 0, -0.9277813122133038]}