{"episode_id": "53528", "start_position": [1.6379823684692383, 0.18463699519634247, 0.13812483847141266], "start_rotation": [0, 0.9995183688573863, 0, -0.03103272976503848]}