{"episode_id": "11663", "start_position": [0.03268112242221832, 0.15964920818805695, 2.071225166320801], "start_rotation": [0, 0.8791287919579396, 0, 0.47658427077545656]}