{"episode_id": "11469", "start_position": [1.1445789337158203, 0.1751515418291092, 1.0236196517944336], "start_rotation": [0, 0.9823606532491217, 0, 0.1869961147937543]}