{"episode_id": "47823", "start_position": [-8.955920219421387, -2.852285146713257, 6.0491743087768555], "start_rotation": [0, 0.6414986367824616, 0, 0.7671241744373876]}