{"episode_id": "12700", "start_position": [-1.0959389209747314, 0.0701034814119339, -1.8597716093063354], "start_rotation": [0, 0.4015569247497212, 0, -0.9158340658577551]}