{"episode_id": "58463", "start_position": [4.394050121307373, 0.09678955376148224, -4.167075157165527], "start_rotation": [0, 0.761925260918684, 0, 0.6476649571915987]}