{"episode_id": "35680", "start_position": [-3.8889026641845703, 0.12324567139148712, -4.123529434204102], "start_rotation": [0, 0.8236591980683904, 0, -0.5670851130450666]}