{"episode_id": "65993", "start_position": [-3.329979419708252, 0.1649409383535385, -1.8331907987594604], "start_rotation": [0, 0.8056119090254981, 0, -0.5924436277286579]}