{"episode_id": "37107", "start_position": [-1.9021921157836914, 0.12114477157592773, -1.1614644527435303], "start_rotation": [0, 0.7908484676993521, 0, -0.6120120106154672]}