{"episode_id": "64241", "start_position": [-4.5803704261779785, 0.17635054886341095, -0.5163577795028687], "start_rotation": [0, 0.9886212598594886, 0, 0.1504260767082544]}