{"episode_id": "39897", "start_position": [0.5734303593635559, -2.699413776397705, -1.18851900100708], "start_rotation": [0, 0.536365519052291, 0, 0.8439857996268458]}