{"episode_id": "4034", "start_position": [-6.034257888793945, 0.12324567139148712, -4.012648582458496], "start_rotation": [0, 0.6063219967298217, 0, -0.795219237871898]}