{"episode_id": "17076", "start_position": [-13.06430435180664, 0.320086270570755, 17.973873138427734], "start_rotation": [0, 0.8552417368356073, 0, -0.5182292654553714]}