{"episode_id": "46082", "start_position": [-3.9858860969543457, 0.037133216857910156, -2.2734739780426025], "start_rotation": [0, 0.14968931547274686, 0, -0.9887330827039724]}