{"episode_id": "2877", "start_position": [2.359804153442383, 0.18360306322574615, 0.460992693901062], "start_rotation": [0, 0.6903869806797563, 0, 0.7234402649202557]}