{"episode_id": "1020", "start_position": [-3.445033550262451, 0.19284279644489288, -11.882381439208984], "start_rotation": [0, 0.4349529100141046, 0, 0.9004532003776]}