{"episode_id": "8133", "start_position": [-1.217265248298645, 2.8337090015411377, -1.1524038314819336], "start_rotation": [0, 0.7356858063557168, 0, 0.6773229616119173]}