{"episode_id": "62169", "start_position": [-10.723228454589844, 0.15165157616138458, 7.490729331970215], "start_rotation": [0, 0.5778593276395406, 0, 0.8161363841049963]}