{"episode_id": "38893", "start_position": [0.33745479583740234, 0.17970331013202667, -2.1566882133483887], "start_rotation": [0, 0.9827737516848476, 0, -0.18481275118153945]}