{"episode_id": "48733", "start_position": [-2.4260544776916504, 0.17002512514591217, -0.1802026778459549], "start_rotation": [0, 0.7156779087054357, 0, 0.6984304768486367]}