{"episode_id": "46587", "start_position": [-0.6796811819076538, -0.9379585385322571, -2.304652690887451], "start_rotation": [0, 0.7012969208003664, 0, 0.7128692929814866]}