{"episode_id": "40011", "start_position": [-4.892634868621826, -2.8849050998687744, -1.280591607093811], "start_rotation": [0, 0.6295559574887627, 0, -0.7769551443876327]}