{"episode_id": "2438", "start_position": [-1.1649363040924072, 0.14657917618751526, 13.972702026367188], "start_rotation": [0, 0.5873585322505144, 0, 0.8093268527563641]}