{"episode_id": "3136", "start_position": [-3.9086432456970215, 0.15165157616138458, 6.918203830718994], "start_rotation": [0, 0.34365918201247714, 0, -0.9390944396696826]}