{"episode_id": "9425", "start_position": [-2.212200403213501, 0.0701034814119339, 4.790776252746582], "start_rotation": [0, 0.28985541715281127, 0, -0.957070445237533]}