{"episode_id": "44543", "start_position": [6.214017868041992, 0.16646166145801544, -1.890981912612915], "start_rotation": [0, 0.7924485349164693, 0, -0.6099387834108776]}