{"episode_id": "52106", "start_position": [1.6919156312942505, 0.021137923002243042, 5.112488746643066], "start_rotation": [0, 0.7257401243451442, 0, 0.6879689469122096]}