{"episode_id": "65542", "start_position": [-1.414359450340271, 0.12194900214672089, 0.4641382694244385], "start_rotation": [0, 0.6807008981185166, 0, -0.7325614563302145]}