{"episode_id": "10013", "start_position": [-1.704980731010437, 3.1434075832366943, -1.3229972124099731], "start_rotation": [0, 0.5993911902082011, 0, 0.8004562455879747]}