{"episode_id": "38453", "start_position": [-5.704257965087891, 0.14340753853321075, -0.32602792978286743], "start_rotation": [0, 0.9996782832886703, 0, 0.025363949239366957]}