{"episode_id": "32818", "start_position": [-3.891116142272949, 0.17635054886341095, 0.9117265939712524], "start_rotation": [0, 0.3794019976610089, 0, 0.925231929934779]}