{"episode_id": "64241", "start_position": [-3.6084909439086914, 0.09678955376148224, -4.104629039764404], "start_rotation": [0, 0.9242642308021147, 0, -0.3817533649619544]}