{"episode_id": "63711", "start_position": [0.10769903659820557, 0.1514829844236374, 0.6923601031303406], "start_rotation": [0, 0.9880967332553243, 0, -0.15383382505208779]}