{"episode_id": "64904", "start_position": [0.4256913661956787, 0.16552764177322388, 10.713489532470703], "start_rotation": [0, 0.951220869723526, 0, 0.3085107080838828]}