{"episode_id": "2811", "start_position": [-2.1038007736206055, 0.16243858635425568, -0.04273771867156029], "start_rotation": [0, 0.712213469762774, 0, -0.7019629431020346]}