{"episode_id": "63064", "start_position": [-1.8726863861083984, 0.17800255119800568, 0.14543062448501587], "start_rotation": [0, 0.031816286342989185, 0, 0.9994937338089424]}