{"episode_id": "27151", "start_position": [-5.768614768981934, 0.1514829844236374, 0.4876185655593872], "start_rotation": [0, 0.16442188469571628, 0, 0.9863901073272727]}