{"episode_id": "68028", "start_position": [-6.612443923950195, 3.1651172637939453, -0.9047653675079346], "start_rotation": [0, 0.3720102491073662, 0, -0.9282286219240793]}