{"episode_id": "43863", "start_position": [-2.8900251388549805, -2.8849050998687744, 2.8881607055664062], "start_rotation": [0, 0.8055769848688874, 0, 0.592491115080684]}