{"episode_id": "23416", "start_position": [-0.9141728281974792, 0.18145985901355743, -5.146519184112549], "start_rotation": [0, 0.9970619877597733, 0, -0.07659890707137934]}