{"episode_id": "7245", "start_position": [6.2537336349487305, 0.17646045982837677, -6.366642951965332], "start_rotation": [0, 0.9017247497024931, 0, -0.4323106241743039]}