{"episode_id": "19313", "start_position": [-3.4628939628601074, 0.08396278321743011, -0.702019214630127], "start_rotation": [0, 0.8615401323393862, 0, 0.5076894723831024]}