{"episode_id": "35202", "start_position": [-7.405400276184082, 3.683565139770508, -5.2317891120910645], "start_rotation": [0, 0.8435024147399791, 0, 0.5371253823157348]}