{"episode_id": "22927", "start_position": [-6.098089218139648, 0.1005861759185791, -2.540581703186035], "start_rotation": [0, 0.8270375180864863, 0, 0.5621467278899209]}