{"episode_id": "11739", "start_position": [0.38751542568206787, 0.15964920818805695, 1.026703119277954], "start_rotation": [0, 0.8109673659101467, 0, 0.5850913872454099]}