{"episode_id": "53307", "start_position": [9.204647064208984, 0.14657917618751526, 11.262832641601562], "start_rotation": [0, 0.8675104071065797, 0, -0.49741903216682054]}