{"episode_id": "54562", "start_position": [-13.046842575073242, 0.19700729846954346, -4.79172945022583], "start_rotation": [0, 0.7932955699485611, 0, -0.6088367093892972]}