{"episode_id": "9231", "start_position": [1.0054337978363037, 0.14247746765613556, 4.182821273803711], "start_rotation": [0, 0.8251355313715468, 0, 0.5649348235577225]}