{"episode_id": "38882", "start_position": [-3.6008598804473877, 0.08076925575733185, -5.640470027923584], "start_rotation": [0, 0.9018772385654836, 0, 0.43199241493051443]}