{"episode_id": "68347", "start_position": [-14.592354774475098, 0.19700729846954346, 2.6985974311828613], "start_rotation": [0, 0.9994766382867526, 0, -0.0323488719897926]}