{"episode_id": "14596", "start_position": [-0.4011325538158417, 0.17282123863697052, -6.757390022277832], "start_rotation": [0, 0.27734287635626903, 0, -0.9607710075426045]}