{"episode_id": "46084", "start_position": [-4.4476823806762695, 0.11509490013122559, 0.6542222499847412], "start_rotation": [0, 0.8408687829189868, 0, 0.54123903214046]}