{"episode_id": "12867", "start_position": [2.6914150714874268, 0.17646045982837677, -0.7850887775421143], "start_rotation": [0, 0.9821093136157344, 0, -0.18831169934242287]}