{"episode_id": "58099", "start_position": [-0.2425726354122162, 0.1649409383535385, 0.225335493683815], "start_rotation": [0, 0.5350030695366202, 0, -0.8448501142725816]}