{"episode_id": "28867", "start_position": [-0.2730242908000946, 0.12114477157592773, -2.380375385284424], "start_rotation": [0, 0.5006027903375994, 0, 0.865677102796539]}