{"episode_id": "48743", "start_position": [-3.0089871883392334, 0.22503304481506348, -1.6874264478683472], "start_rotation": [0, 0.9169828580837611, 0, -0.398926607260705]}