{"episode_id": "55934", "start_position": [-1.5514819622039795, 0.17002512514591217, -4.308159351348877], "start_rotation": [0, 0.8637571622887931, 0, 0.5039082898651417]}