{"episode_id": "29714", "start_position": [-1.0425431728363037, 0.17282123863697052, 2.2381985187530518], "start_rotation": [0, 0.8617625682972692, 0, 0.5073118132684222]}