{"episode_id": "31752", "start_position": [-1.5107694864273071, 0.032137393951416016, 1.9775609970092773], "start_rotation": [0, 0.9837490520935032, 0, -0.17954888611499115]}