{"episode_id": "5014", "start_position": [1.7572625875473022, 0.1514829844236374, -2.4751956462860107], "start_rotation": [0, 0.6095083610527321, 0, 0.7927796401313624]}