{"episode_id": "4119", "start_position": [-1.3351573944091797, 3.0807693004608154, -7.321520805358887], "start_rotation": [0, 0.9805301754297463, 0, 0.19636846761053806]}