{"episode_id": "5583", "start_position": [-3.1794142723083496, 3.683565139770508, -8.04298210144043], "start_rotation": [0, 0.004025986253301407, 0, 0.9999918956845042]}