{"episode_id": "57282", "start_position": [9.685437202453613, 0.24466590583324432, -1.3950873613357544], "start_rotation": [0, 0.9229591615656417, 0, 0.38489789046193496]}