{"episode_id": "50772", "start_position": [0.8528662919998169, -2.699413776397705, 0.4850586950778961], "start_rotation": [0, 0.14320496432116017, 0, -0.9896930525136444]}