{"episode_id": "56564", "start_position": [1.3095451593399048, 0.22503304481506348, -12.644139289855957], "start_rotation": [0, 0.33559157038143866, 0, 0.9420075890824446]}