{"episode_id": "16010", "start_position": [-4.0096564292907715, 0.0701034814119339, 1.4715290069580078], "start_rotation": [0, 0.05542750588956924, 0, -0.9984627141715717]}