{"episode_id": "52393", "start_position": [-0.778103232383728, 0.17702746391296387, 1.5092134475708008], "start_rotation": [0, 0.6979908384864073, 0, 0.7161066885520914]}