{"episode_id": "20145", "start_position": [-1.7737880945205688, 0.17282123863697052, 0.0330410934984684], "start_rotation": [0, 0.8032230614428617, 0, 0.5956783641919159]}