{"episode_id": "16919", "start_position": [0.21037229895591736, 0.12324567139148712, 0.9245647192001343], "start_rotation": [0, 0.3944904762124413, 0, -0.9189000294796389]}