{"episode_id": "22381", "start_position": [0.6789826154708862, 0.3544922471046448, 5.097620964050293], "start_rotation": [0, 0.9259835393135608, 0, -0.3775638819065339]}