{"episode_id": "41091", "start_position": [-0.6869893074035645, 0.08891120553016663, -3.709536075592041], "start_rotation": [0, 0.08843699123615545, 0, -0.9960817730392902]}