{"episode_id": "54396", "start_position": [0.9460994005203247, 0.11509490013122559, 1.940427541732788], "start_rotation": [0, 0.9429878505358111, 0, -0.33282715295157445]}