{"episode_id": "44274", "start_position": [-8.462815284729004, 0.17635054886341095, -1.6514556407928467], "start_rotation": [0, 0.015390847081410655, 0, 0.9998815538983188]}