{"episode_id": "49359", "start_position": [0.34162765741348267, 0.2331012785434723, -1.1567481756210327], "start_rotation": [0, 0.9951542278812855, 0, 0.098326307415678]}