{"episode_id": "41181", "start_position": [-2.414224147796631, 0.13865244388580322, -13.040704727172852], "start_rotation": [0, 0.22479969362633984, 0, -0.9744049967777791]}