{"episode_id": "50789", "start_position": [1.250800609588623, 0.20356696844100952, -2.7664008140563965], "start_rotation": [0, 0.6489664799839405, 0, 0.760817000242012]}