{"episode_id": "68049", "start_position": [-7.736428260803223, 0.1672901213169098, -2.5990073680877686], "start_rotation": [0, 0.6192958976342797, 0, 0.7851576855468917]}