{"episode_id": "26120", "start_position": [-3.056328058242798, 0.581283450126648, 4.628401279449463], "start_rotation": [0, 0.9931594512856421, 0, -0.11676602383399999]}