{"episode_id": "34341", "start_position": [-5.585330009460449, 0.12472575157880783, -4.1858696937561035], "start_rotation": [0, 0.975553818971328, 0, 0.21976065683023757]}