{"episode_id": "807", "start_position": [0.8028991222381592, 0.12194900214672089, 2.14158296585083], "start_rotation": [0, 0.9069803363174587, 0, -0.4211729686642645]}