{"episode_id": "8487", "start_position": [1.1468031406402588, 0.14570780098438263, -0.1736290454864502], "start_rotation": [0, 0.38041703643239444, 0, 0.9248150509112588]}