{"episode_id": "9825", "start_position": [1.1684683561325073, 0.18360306322574615, -1.958554983139038], "start_rotation": [0, 0.6207286482825659, 0, -0.7840254748420479]}