{"episode_id": "21835", "start_position": [-1.9596503973007202, 0.1662864238023758, -1.4691088199615479], "start_rotation": [0, 0.20952041295582438, 0, -0.9778042731318067]}