{"episode_id": "58658", "start_position": [-1.660117506980896, 0.16511733829975128, -0.3737204074859619], "start_rotation": [0, 0.590078432307807, 0, 0.8073459256880912]}