{"episode_id": "13294", "start_position": [0.7825012803077698, 0.0701034814119339, 2.392021417617798], "start_rotation": [0, 0.1950037194267653, 0, 0.9808025027546206]}