{"episode_id": "55577", "start_position": [4.055460453033447, 0.1887628585100174, 0.16871881484985352], "start_rotation": [0, 0.4714897638062427, 0, 0.8818715340830168]}