{"episode_id": "7344", "start_position": [-5.045892238616943, -1.002579927444458, 3.5797030925750732], "start_rotation": [0, 0.92070521358355, 0, 0.39025877271378495]}