{"episode_id": "37273", "start_position": [1.032970905303955, 2.365107297897339, -11.845626831054688], "start_rotation": [0, 0.25088285173365155, 0, -0.9680174557857883]}