{"episode_id": "22041", "start_position": [6.8722028732299805, 0.15289896726608276, -2.8400347232818604], "start_rotation": [0, 0.8905396010628869, 0, -0.4549057253308143]}