{"episode_id": "65107", "start_position": [-5.287906646728516, 3.683565139770508, -4.072785377502441], "start_rotation": [0, 0.019866983827362437, 0, 0.9998026319997378]}