{"episode_id": "31799", "start_position": [-7.8612494468688965, 0.152650386095047, 6.5495219230651855], "start_rotation": [0, 0.9582059339500416, 0, -0.2860793388955735]}