{"episode_id": "39313", "start_position": [2.2887380123138428, 0.1887628585100174, 4.931689262390137], "start_rotation": [0, 0.6935218453486764, 0, 0.7204355974160123]}