{"episode_id": "34341", "start_position": [-6.905637741088867, 3.225097894668579, 0.1281198263168335], "start_rotation": [0, 0.5694681373781707, 0, 0.822013406527556]}