{"episode_id": "39086", "start_position": [-8.272424697875977, 0.1672901213169098, 4.690498352050781], "start_rotation": [0, 0.991835862662871, 0, 0.12752106310644704]}