{"episode_id": "43863", "start_position": [-1.3121459484100342, 0.12194900214672089, 0.12795482575893402], "start_rotation": [0, 0.0890216401273015, 0, 0.9960296921222004]}