{"episode_id": "9432", "start_position": [0.8246288299560547, 0.12194900214672089, 1.8753126859664917], "start_rotation": [0, 0.1405159949676757, 0, -0.9900784085910793]}