{"episode_id": "13689", "start_position": [-3.996823787689209, 0.09678955376148224, -4.8188700675964355], "start_rotation": [0, 0.08220304796770578, 0, -0.9966156023787802]}