{"episode_id": "27739", "start_position": [2.223510265350342, 0.18463699519634247, 2.0236434936523438], "start_rotation": [0, 0.9519118110879975, 0, -0.30637216569259135]}