{"episode_id": "68189", "start_position": [2.745706796646118, 0.18463699519634247, -0.8873298168182373], "start_rotation": [0, 0.6100070294311914, 0, -0.792396002037197]}