{"episode_id": "8637", "start_position": [-5.138811111450195, 0.17646045982837677, -5.39749813079834], "start_rotation": [0, 0.9734886872919185, 0, -0.2287351650154764]}