{"episode_id": "56926", "start_position": [-3.9969301223754883, 0.08356514573097229, -12.058256149291992], "start_rotation": [0, 0.9412541773280413, 0, -0.3376989393861228]}