{"episode_id": "51305", "start_position": [8.959840774536133, 0.19309520721435547, -2.958925247192383], "start_rotation": [0, 0.38999040715566685, 0, -0.9208189194008544]}