{"episode_id": "33183", "start_position": [-8.834039688110352, 0.17000891268253326, -4.529382228851318], "start_rotation": [0, 0.9692180272301198, 0, 0.24620401233967482]}