{"episode_id": "27296", "start_position": [-4.140993595123291, 0.16646166145801544, 0.3236546516418457], "start_rotation": [0, 0.9998596100175788, 0, 0.01675590210926258]}