{"episode_id": "49804", "start_position": [-3.980612277984619, 0.1514829844236374, -0.6648508906364441], "start_rotation": [0, 0.5486697204833832, 0, 0.8360391963446966]}