{"episode_id": "26168", "start_position": [-1.7230956554412842, 0.14340916275978088, -2.5768020153045654], "start_rotation": [0, 0.8420444248506349, 0, 0.5394081817862643]}