{"episode_id": "55375", "start_position": [-2.437143325805664, 0.03514885902404785, 2.015928268432617], "start_rotation": [0, 0.4229371144439993, 0, -0.9061590352834228]}