{"episode_id": "55273", "start_position": [2.2438039779663086, 0.15964920818805695, 2.524118423461914], "start_rotation": [0, 0.6745331349467846, 0, -0.7382445731997378]}