{"episode_id": "10079", "start_position": [2.0755069255828857, 0.16243858635425568, 1.1795518398284912], "start_rotation": [0, 0.883532005820874, 0, 0.46837078761398343]}