{"episode_id": "37056", "start_position": [-1.9904229640960693, 0.028939716517925262, -3.560011386871338], "start_rotation": [0, 0.39380187713019554, 0, -0.9191953446187238]}