{"episode_id": "45682", "start_position": [0.0562240295112133, 3.059791326522827, -0.04135674238204956], "start_rotation": [0, 0.7093980837778788, 0, 0.7048080297018995]}