{"episode_id": "61130", "start_position": [-4.234189987182617, 0.1649409383535385, 1.2108582258224487], "start_rotation": [0, 0.8979411743063325, 0, -0.44011549334846706]}