{"episode_id": "33225", "start_position": [3.2511818408966064, 0.08356514573097229, 4.370628833770752], "start_rotation": [0, 0.9814008824843916, 0, -0.19196954930107354]}