{"episode_id": "895", "start_position": [-0.6083106994628906, 0.23514866828918457, 8.147451400756836], "start_rotation": [0, 0.8903340584525186, 0, 0.45530787864857686]}