{"episode_id": "937", "start_position": [1.4833645820617676, 0.025033235549926758, -0.2833574414253235], "start_rotation": [0, 0.5026999595038443, 0, -0.8644609596244548]}