{"episode_id": "59242", "start_position": [-0.5091730356216431, 0.15289896726608276, 2.3543357849121094], "start_rotation": [0, 0.40466835994381023, 0, -0.9144635140126625]}