{"episode_id": "39244", "start_position": [0.9770268201828003, 0.17800255119800568, -3.417647123336792], "start_rotation": [0, 0.9407183404614877, 0, 0.3391887437981758]}