{"episode_id": "5636", "start_position": [2.4023306369781494, 2.576350688934326, -0.00235653854906559], "start_rotation": [0, 0.4734607975689951, 0, -0.8808148915438084]}