{"episode_id": "56523", "start_position": [-0.9622703790664673, 0.14340916275978088, -2.393052101135254], "start_rotation": [0, 0.5186975038722879, 0, -0.8549578349115574]}