{"episode_id": "58570", "start_position": [-3.3994011878967285, 0.17646045982837677, -5.362405300140381], "start_rotation": [0, 0.9051715597173255, 0, 0.4250464062651325]}