{"episode_id": "60519", "start_position": [-5.795636177062988, 3.683565139770508, -2.7049143314361572], "start_rotation": [0, 0.7158668034031478, 0, 0.6982368651004893]}