{"episode_id": "30605", "start_position": [4.929765224456787, 2.365107297897339, -4.587989330291748], "start_rotation": [0, 0.9988019337379179, 0, 0.048935643056934576]}