{"episode_id": "17411", "start_position": [-10.892723083496094, 0.14771485328674316, 14.859580039978027], "start_rotation": [0, 0.9255046111494821, 0, -0.37873633934578543]}