{"episode_id": "41297", "start_position": [-0.31501245498657227, 0.15964920818805695, 2.585304021835327], "start_rotation": [0, 0.8920726740942521, 0, 0.4518919606878732]}