{"episode_id": "56196", "start_position": [1.698336124420166, 1.5974199771881104, 4.64673376083374], "start_rotation": [0, 0.23437298986842392, 0, 0.9721467490148469]}