{"episode_id": "888", "start_position": [-3.5158605575561523, 0.18321557343006134, -0.9691544771194458], "start_rotation": [0, 0.575018374622029, 0, 0.818140494564986]}