{"episode_id": "63644", "start_position": [-8.26760196685791, 3.1434075832366943, 3.889493942260742], "start_rotation": [0, 0.9546728138279554, 0, 0.29765721650551974]}