{"episode_id": "55376", "start_position": [-0.15345871448516846, 0.021137923002243042, 5.210296630859375], "start_rotation": [0, 0.4150370489469351, 0, 0.9098045108711098]}