{"episode_id": "42328", "start_position": [1.221679449081421, 0.15562696754932404, 3.9830474853515625], "start_rotation": [0, 0.5732477496204422, 0, 0.8193820949685798]}