{"episode_id": "39735", "start_position": [-10.645049095153809, 0.2234242856502533, 16.49510955810547], "start_rotation": [0, 0.16596624659760895, 0, -0.9861314339327703]}