{"episode_id": "48075", "start_position": [0.15666824579238892, -2.7671568393707275, 0.14690573513507843], "start_rotation": [0, 0.9909289160083056, 0, 0.13438706566706649]}