{"episode_id": "13741", "start_position": [-0.5600323677062988, 0.2677803039550781, 1.461918592453003], "start_rotation": [0, 0.8358212822220638, 0, -0.5490016249380919]}