{"episode_id": "4811", "start_position": [-0.7198931574821472, 0.1719042807817459, -2.1170730590820312], "start_rotation": [0, 0.9784195782622683, 0, 0.20662799634387627]}