{"episode_id": "58287", "start_position": [1.3473014831542969, 1.6660019159317017, -3.27310848236084], "start_rotation": [0, 0.4750932557686505, 0, -0.8799354512253406]}