{"episode_id": "52988", "start_position": [-1.4772059917449951, -2.8915817737579346, -3.8798539638519287], "start_rotation": [0, 0.5131535166254093, 0, -0.8582968416433651]}