{"episode_id": "26924", "start_position": [-1.8024733066558838, -2.511791467666626, 0.4798499047756195], "start_rotation": [0, 0.8510849493476765, 0, -0.5250280078185]}