{"episode_id": "4983", "start_position": [-3.036388397216797, 0.17000891268253326, -1.439502239227295], "start_rotation": [0, 0.8976943857208854, 0, -0.44061864445935794]}