{"episode_id": "46460", "start_position": [-6.377696990966797, 0.1672901213169098, 1.5165668725967407], "start_rotation": [0, 0.9993822285949036, 0, -0.035144859776132506]}