{"episode_id": "583", "start_position": [-0.4323807954788208, 0.12324567139148712, 0.22018370032310486], "start_rotation": [0, 0.7467830418228308, 0, -0.6650677322241999]}