{"episode_id": "46487", "start_position": [3.308992862701416, 2.365107297897339, -10.035035133361816], "start_rotation": [0, 0.3733670562008668, 0, -0.9276836968190714]}