{"episode_id": "27441", "start_position": [-3.258324384689331, 0.13050468266010284, 0.010134628042578697], "start_rotation": [0, 0.7805950230362974, 0, -0.6250371269060443]}