{"episode_id": "42536", "start_position": [-1.9122446775436401, 0.18321557343006134, 0.848616361618042], "start_rotation": [0, 0.9378032603252379, 0, -0.3471671714366928]}