{"episode_id": "50", "start_position": [1.8387559652328491, 0.18321557343006134, -9.657880783081055], "start_rotation": [0, 0.40210212136958423, 0, -0.915594825231161]}