{"episode_id": "43581", "start_position": [-1.3361232280731201, 0.19742000102996826, 16.03472328186035], "start_rotation": [0, 0.8033076355795691, 0, 0.5955643060321549]}