{"episode_id": "22503", "start_position": [-0.26049864292144775, 0.18145985901355743, -4.9046854972839355], "start_rotation": [0, 0.019627602575943547, 0, 0.9998073600534859]}