{"episode_id": "40385", "start_position": [-8.988438606262207, 0.044724658131599426, 6.2190375328063965], "start_rotation": [0, 0.8875701721145236, 0, 0.4606725405020305]}