{"episode_id": "50311", "start_position": [0.7428472638130188, 0.12194900214672089, 0.44133448600769043], "start_rotation": [0, 0.021119370602970346, 0, -0.9997769612195184]}