{"episode_id": "52111", "start_position": [0.278495192527771, 0.12324567139148712, 0.3826218843460083], "start_rotation": [0, 0.4680043916238803, 0, 0.8837261393784624]}