{"episode_id": "54305", "start_position": [-1.6738479137420654, 0.17282123863697052, 1.874753475189209], "start_rotation": [0, 0.009791539682192346, 0, 0.999952061726287]}