{"episode_id": "63910", "start_position": [-4.199433326721191, 0.17800255119800568, -6.348917007446289], "start_rotation": [0, 0.23724454969707293, 0, 0.9714499594106909]}