{"episode_id": "29943", "start_position": [-2.6964478492736816, 0.03514885902404785, 5.953492164611816], "start_rotation": [0, 0.337267540161398, 0, -0.9414088412339666]}