{"episode_id": "53114", "start_position": [2.861292839050293, 0.09767600893974304, 0.012598693370819092], "start_rotation": [0, 0.9809452863494015, 0, -0.1942841866670852]}