{"episode_id": "33214", "start_position": [-1.3883837461471558, 0.17800255119800568, -3.3922224044799805], "start_rotation": [0, 0.018310537318268615, 0, -0.9998323480579713]}