{"episode_id": "55250", "start_position": [-1.759205937385559, 0.15165157616138458, 2.9247384071350098], "start_rotation": [0, 0.42273681939740937, 0, -0.9062524932521632]}