{"episode_id": "9834", "start_position": [0.417974054813385, 0.1719042807817459, -3.4751603603363037], "start_rotation": [0, 0.8623538799312231, 0, -0.5063060198808281]}