{"episode_id": "28724", "start_position": [2.961989402770996, 0.16243858635425568, 1.7682546377182007], "start_rotation": [0, 0.925080346153831, 0, 0.3797714485844194]}