{"episode_id": "35693", "start_position": [-4.874579429626465, -2.8849050998687744, 1.3904948234558105], "start_rotation": [0, 0.9507378731488055, 0, 0.309995962168035]}