{"episode_id": "13269", "start_position": [-0.3794589042663574, 3.1651172637939453, -0.6149921417236328], "start_rotation": [0, 0.7238048838870369, 0, -0.6900047029269243]}