{"episode_id": "47809", "start_position": [0.28650256991386414, 0.16243858635425568, 2.284738540649414], "start_rotation": [0, 0.9702342443475432, 0, 0.24216835279481022]}