{"episode_id": "8221", "start_position": [2.2428829669952393, 0.18463699519634247, -0.965920090675354], "start_rotation": [0, 0.7525799692681213, 0, -0.6585008654940353]}