{"episode_id": "55932", "start_position": [-5.7016825675964355, 0.19309520721435547, -1.2016056776046753], "start_rotation": [0, 0.020292114994214308, 0, -0.9997940938358566]}