{"episode_id": "39208", "start_position": [-5.952558517456055, 0.08356514573097229, -6.316635608673096], "start_rotation": [0, 0.15115503743852146, 0, 0.9885100680604924]}