{"episode_id": "54831", "start_position": [6.503814697265625, 0.16646166145801544, 0.9308264255523682], "start_rotation": [0, 0.482029325649895, 0, 0.8761550828554883]}