{"episode_id": "9533", "start_position": [-0.9977496862411499, 2.7814598083496094, -5.232853889465332], "start_rotation": [0, 0.4461129427222188, 0, -0.8949766713918985]}