{"episode_id": "28303", "start_position": [5.1755571365356445, 0.2013477236032486, -0.2906731069087982], "start_rotation": [0, 0.5655743443575435, 0, -0.8246973147795104]}