{"episode_id": "38337", "start_position": [1.194896936416626, 0.12324567139148712, -3.194385290145874], "start_rotation": [0, 0.9454061649334121, 0, -0.3258944358314481]}