{"episode_id": "19125", "start_position": [1.6092894077301025, 3.1179518699645996, 1.679421067237854], "start_rotation": [0, 0.08231322632792143, 0, -0.9966065084934417]}