{"episode_id": "18537", "start_position": [-6.332164764404297, 1.5970072746276855, 0.551831841468811], "start_rotation": [0, 0.9422044975585475, 0, 0.33503833330000454]}