{"episode_id": "17803", "start_position": [-3.1143879890441895, 1.5974199771881104, 6.673249244689941], "start_rotation": [0, 0.637821931995826, 0, 0.7701838631554883]}