{"episode_id": "34475", "start_position": [0.9716566801071167, 0.15289896726608276, -4.664817810058594], "start_rotation": [0, 0.994990556238859, 0, 0.09996896016007176]}