{"episode_id": "16330", "start_position": [-5.842550754547119, -2.8849050998687744, 1.6687002182006836], "start_rotation": [0, 0.7097427911039078, 0, -0.7044609076989543]}