{"episode_id": "48733", "start_position": [-5.538230895996094, 0.1672901213169098, 3.964325428009033], "start_rotation": [0, 0.6462671388443714, 0, -0.7631112535206842]}