{"episode_id": "56926", "start_position": [-3.537259101867676, 0.037133216857910156, -2.9423866271972656], "start_rotation": [0, 0.99048179761678, 0, -0.13764377425017088]}