{"episode_id": "8310", "start_position": [-2.1862404346466064, 3.4011833667755127, -1.718702793121338], "start_rotation": [0, 0.9718550121373234, 0, -0.23557978560046902]}