{"episode_id": "58198", "start_position": [1.855597734451294, 0.18463699519634247, -0.7592786550521851], "start_rotation": [0, 0.1974567217741953, 0, -0.9803116050655465]}