{"episode_id": "21433", "start_position": [1.5731090307235718, 0.19661344587802887, 5.860998153686523], "start_rotation": [0, 0.20970569827720792, 0, -0.9777645524920959]}