{"episode_id": "21096", "start_position": [2.049671173095703, 0.14570780098438263, -0.03481677174568176], "start_rotation": [0, 0.24727785012915388, 0, -0.9689446139153175]}