{"episode_id": "2025", "start_position": [-0.5416963696479797, 0.18463699519634247, 2.3145673274993896], "start_rotation": [0, 0.2686336937966923, 0, 0.9632424090316751]}