{"episode_id": "3204", "start_position": [-2.716136932373047, 0.15964920818805695, 4.641824722290039], "start_rotation": [0, 0.9946459950825088, 0, 0.10334091380632222]}