{"episode_id": "58089", "start_position": [-4.006950378417969, 0.171956405043602, 12.434343338012695], "start_rotation": [0, 0.6519229822343322, 0, -0.7582851872710521]}