{"episode_id": "46330", "start_position": [-2.791398525238037, 0.15165157616138458, 3.516205310821533], "start_rotation": [0, 0.8751456316795668, 0, 0.48385961120160875]}