{"episode_id": "9463", "start_position": [1.995469093322754, 0.14570780098438263, -0.5288600325584412], "start_rotation": [0, 0.7594483475741413, 0, 0.6505676039943169]}