{"episode_id": "9973", "start_position": [6.590662956237793, 0.1005861759185791, -3.1861228942871094], "start_rotation": [0, 0.5698253416556752, 0, 0.8217658303963441]}