{"episode_id": "37074", "start_position": [-1.9958503246307373, 3.1651172637939453, -0.9416078925132751], "start_rotation": [0, 0.04070745259995399, 0, -0.9991711081205373]}