{"episode_id": "29484", "start_position": [-3.9614086151123047, -0.46834760904312134, -5.795819282531738], "start_rotation": [0, 0.9946387114567694, 0, -0.10341099395914038]}