{"episode_id": "59855", "start_position": [1.0618035793304443, 0.16243858635425568, -0.36309269070625305], "start_rotation": [0, 0.09998338891901937, 0, 0.9949891064430143]}