{"episode_id": "32465", "start_position": [-0.8030105829238892, 0.08820843696594238, 3.1067042350769043], "start_rotation": [0, 0.9945790566369295, 0, 0.10398317219240494]}