{"episode_id": "16637", "start_position": [-1.3404741287231445, -2.364851236343384, 3.8613955974578857], "start_rotation": [0, 0.9963346309486543, 0, -0.08554123667804298]}