{"episode_id": "30733", "start_position": [-11.70383071899414, -2.852285146713257, 18.424222946166992], "start_rotation": [0, 0.4476875206577487, 0, 0.8941900714318617]}