{"episode_id": "9064", "start_position": [-6.617985725402832, -2.511791467666626, 7.27982234954834], "start_rotation": [0, 0.5848551484575655, 0, -0.8111377536045767]}