{"episode_id": "18658", "start_position": [2.2410120964050293, 0.14570780098438263, -1.2990299463272095], "start_rotation": [0, 0.9162171079761875, 0, -0.4006821820991685]}