{"episode_id": "65992", "start_position": [5.234049320220947, 0.021137923002243042, 6.016096115112305], "start_rotation": [0, 0.9926907336045223, 0, -0.1206859868241351]}