{"episode_id": "4592", "start_position": [-2.2526445388793945, 0.15964920818805695, 5.3332977294921875], "start_rotation": [0, 0.8822793096988801, 0, -0.4707262683102225]}