{"episode_id": "14864", "start_position": [5.957616329193115, 0.021137923002243042, 0.545075535774231], "start_rotation": [0, 0.9039295914707601, 0, 0.4276812991744024]}