{"episode_id": "6706", "start_position": [-1.4854117631912231, 0.12194900214672089, -0.2208494246006012], "start_rotation": [0, 0.49761447795288244, 0, 0.8673983118104855]}