{"episode_id": "13596", "start_position": [-9.044471740722656, 0.15165157616138458, 2.423584222793579], "start_rotation": [0, 0.8108182149181126, 0, 0.5852980628338055]}