{"episode_id": "23948", "start_position": [2.3778796195983887, 0.1719042807817459, -8.414505958557129], "start_rotation": [0, 0.9964530198271742, 0, 0.08415093152963407]}