{"episode_id": "57985", "start_position": [-0.23974564671516418, 0.1719042807817459, -8.74144172668457], "start_rotation": [0, 0.6759259365991179, 0, 0.7369695571952788]}