{"episode_id": "42000", "start_position": [-4.144874572753906, 0.17646045982837677, -5.635625839233398], "start_rotation": [0, 0.5119481339015659, 0, -0.8590163608422743]}