{"episode_id": "44794", "start_position": [0.7315038442611694, 0.14570780098438263, -4.829408645629883], "start_rotation": [0, 0.8627015790894942, 0, 0.5057133431465827]}