{"episode_id": "43460", "start_position": [-1.4355214834213257, -2.511791467666626, 2.4338409900665283], "start_rotation": [0, 0.9198156551493029, 0, 0.39235081310258396]}