{"episode_id": "45146", "start_position": [-1.2331398725509644, 2.7814598083496094, -1.307359218597412], "start_rotation": [0, 0.46425563227844496, 0, 0.885701252058357]}