{"episode_id": "34937", "start_position": [-1.9293371438980103, -2.511791467666626, 4.8348164558410645], "start_rotation": [0, 0.9742643186617003, 0, 0.2254086009509239]}