{"episode_id": "66565", "start_position": [-2.3261566162109375, 0.17282123863697052, -3.821911573410034], "start_rotation": [0, 0.48355244512591067, 0, 0.875315390480913]}