{"episode_id": "66431", "start_position": [-1.9524710178375244, 0.1751515418291092, -2.876267433166504], "start_rotation": [0, 0.8704162887915537, 0, -0.49231644722306245]}