{"episode_id": "12725", "start_position": [-0.3182627260684967, 0.15562696754932404, 1.1660215854644775], "start_rotation": [0, 0.9952573079517631, 0, 0.0972773918678401]}