{"episode_id": "68439", "start_position": [-1.4734455347061157, 0.08301219344139099, 4.665888786315918], "start_rotation": [0, 0.3722063065262218, 0, -0.9281500231008499]}