{"episode_id": "61415", "start_position": [-2.760817766189575, 0.17282123863697052, -4.685806751251221], "start_rotation": [0, 0.9389182957323394, 0, 0.34414013706494523]}