{"episode_id": "28511", "start_position": [-4.0393853187561035, 0.0701034814119339, 1.310633659362793], "start_rotation": [0, 0.6439927183983001, 0, -0.7650316193792043]}