{"episode_id": "7205", "start_position": [2.6390509605407715, 0.08356514573097229, -7.70235538482666], "start_rotation": [0, 0.5501171662039023, 0, -0.8350874825117355]}