{"episode_id": "52106", "start_position": [-1.1338566541671753, 0.0701034814119339, -1.6175988912582397], "start_rotation": [0, 0.09956093591265423, 0, 0.9950314668593131]}