{"episode_id": "51167", "start_position": [-2.8523013591766357, 0.10841822624206543, -6.599101543426514], "start_rotation": [0, 0.8850895728969271, 0, 0.46542072144365804]}