{"episode_id": "55655", "start_position": [1.7237317562103271, 0.17800255119800568, -5.416286468505859], "start_rotation": [0, 0.8431583267554404, 0, 0.5376653569116815]}