{"episode_id": "66196", "start_position": [1.0848315954208374, 0.17970331013202667, -3.21996808052063], "start_rotation": [0, 0.9720443462920304, 0, -0.234797335678451]}