{"episode_id": "44660", "start_position": [-0.6292003393173218, -6.767862796783447, 2.150278329849243], "start_rotation": [0, 0.06669731371569965, 0, -0.9977732549748513]}