{"episode_id": "54537", "start_position": [-0.2540339231491089, 0.12324567139148712, -1.9446853399276733], "start_rotation": [0, 0.2995349252106025, 0, -0.9540853361094482]}