{"episode_id": "14058", "start_position": [-3.8017425537109375, -2.408884286880493, -2.2016470432281494], "start_rotation": [0, 0.7222497790696671, 0, 0.6916323131793489]}