{"episode_id": "22442", "start_position": [-6.543694019317627, -2.599823474884033, -2.37479567527771], "start_rotation": [0, 0.29146655488370815, 0, -0.9565810197700049]}