{"episode_id": "59605", "start_position": [-3.937481164932251, 0.1649409383535385, 1.072035789489746], "start_rotation": [0, 0.7158721209709704, 0, 0.6982314132266783]}