{"episode_id": "29100", "start_position": [-2.846296787261963, 0.15964920818805695, 3.099125623703003], "start_rotation": [0, 0.1398643536667848, 0, 0.9901706734565373]}