{"episode_id": "64155", "start_position": [-0.08483494073152542, 0.17282123863697052, -7.280767440795898], "start_rotation": [0, 0.26691417868702927, 0, -0.9637203023781478]}