{"episode_id": "3584", "start_position": [2.0963666439056396, 0.18360306322574615, -2.593287229537964], "start_rotation": [0, 0.08357757829580582, 0, 0.9965012736601034]}