{"episode_id": "10511", "start_position": [-7.6098480224609375, 3.4824249744415283, 6.088375091552734], "start_rotation": [0, 0.9851170185217063, 0, 0.1718850191811494]}