{"episode_id": "32683", "start_position": [-2.416952610015869, 0.12198664993047714, 8.282148361206055], "start_rotation": [0, 0.08687554034890609, 0, 0.9962191729178301]}