{"episode_id": "19", "start_position": [-8.58558464050293, 0.15165157616138458, 5.661801338195801], "start_rotation": [0, 0.40210212136958423, 0, -0.915594825231161]}