{"episode_id": "29821", "start_position": [-3.5439469814300537, 0.14340916275978088, -9.686192512512207], "start_rotation": [0, 0.9989761118976754, 0, -0.04524077649425335]}