{"episode_id": "729", "start_position": [0.9280411005020142, 0.17607514560222626, 0.61444091796875], "start_rotation": [0, 0.16378760462978031, 0, 0.9864956262293507]}