{"episode_id": "20741", "start_position": [4.271110534667969, 0.021137923002243042, 1.843867301940918], "start_rotation": [0, 0.22904373777570058, 0, 0.9734161320759669]}