{"episode_id": "25078", "start_position": [-0.38900190591812134, 0.1751515418291092, -0.22424590587615967], "start_rotation": [0, 0.5257543976933752, 0, 0.8506364166352604]}