{"episode_id": "42429", "start_position": [2.185403347015381, 0.16243858635425568, 0.3760235905647278], "start_rotation": [0, 0.8452528131061933, 0, -0.5343666175352524]}