{"episode_id": "4776", "start_position": [5.024394512176514, 0.09678955376148224, -3.544837474822998], "start_rotation": [0, 0.9955783971986079, 0, 0.09393431232223427]}