{"episode_id": "16339", "start_position": [8.52856731414795, -2.943950891494751, -2.9526968002319336], "start_rotation": [0, 0.9941467174413211, 0, 0.10803843853298728]}