{"episode_id": "11255", "start_position": [5.0189738273620605, 0.24863409996032715, -2.9236886501312256], "start_rotation": [0, 0.8174524226632008, 0, -0.5759961255790387]}