{"episode_id": "21171", "start_position": [2.802473545074463, 0.1662864238023758, -0.46584412455558777], "start_rotation": [0, 0.9999786629036234, 0, -0.006532513871520476]}