{"episode_id": "25957", "start_position": [-1.7765824794769287, 0.014962434768676758, 4.537353515625], "start_rotation": [0, 0.9901994055706801, 0, -0.13966079337978757]}