{"episode_id": "30477", "start_position": [-3.742976427078247, 0.12114477157592773, -7.315684795379639], "start_rotation": [0, 0.9972844185411031, 0, -0.07364637489472235]}