{"episode_id": "55876", "start_position": [-0.8969250917434692, -1.002579927444458, 5.857269287109375], "start_rotation": [0, 0.530190201742657, 0, 0.8478787354192112]}