{"episode_id": "24981", "start_position": [-2.2771010398864746, 0.17800255119800568, -3.96683406829834], "start_rotation": [0, 0.05762546411057913, 0, 0.9983382722735017]}