{"episode_id": "44340", "start_position": [0.7475748062133789, -2.8849050998687744, 5.167520999908447], "start_rotation": [0, 0.9612706653400034, 0, 0.27560607387499136]}