{"episode_id": "64184", "start_position": [-5.129806995391846, 0.17923279106616974, 3.0472164154052734], "start_rotation": [0, 0.9992913833763356, 0, 0.03763948870281734]}