{"episode_id": "57282", "start_position": [-0.9117838740348816, 0.08076925575733185, 0.5977058410644531], "start_rotation": [0, 0.8203424212184766, 0, 0.571872636125744]}