{"episode_id": "16425", "start_position": [-2.3312089443206787, 0.16511733829975128, 1.0567736625671387], "start_rotation": [0, 0.8030471022930076, 0, -0.5959155573559091]}