{"episode_id": "4437", "start_position": [3.023383140563965, 0.1514829844236374, 0.8275672793388367], "start_rotation": [0, 0.8497457728762954, 0, 0.5271926796522003]}