{"episode_id": "34175", "start_position": [2.720674514770508, 0.15289896726608276, -1.676703691482544], "start_rotation": [0, 0.8984861706294823, 0, -0.4390018236722586]}