{"episode_id": "57848", "start_position": [-1.1668435335159302, 0.1751515418291092, 1.428955078125], "start_rotation": [0, 0.8683411455959935, 0, 0.49596739294538056]}