{"episode_id": "21919", "start_position": [-3.4564058780670166, 0.044724658131599426, 5.385932922363281], "start_rotation": [0, 0.24606611378994495, 0, -0.969253046239378]}