{"episode_id": "41971", "start_position": [3.822061061859131, 0.1514829844236374, -2.8975703716278076], "start_rotation": [0, 0.9939047339571492, 0, 0.11024236852303479]}