{"episode_id": "39604", "start_position": [-3.5302939414978027, -0.16991569101810455, -5.592344284057617], "start_rotation": [0, 0.43798539877831216, 0, 0.898982085726408]}