{"episode_id": "8596", "start_position": [-3.9855895042419434, 0.17702746391296387, 2.926553726196289], "start_rotation": [0, 0.9188580645714977, 0, -0.3945882121553069]}