{"episode_id": "56014", "start_position": [-4.294804573059082, 0.1649409383535385, 0.9985659122467041], "start_rotation": [0, 0.2575695842203723, 0, -0.966259752491298]}