{"episode_id": "26823", "start_position": [-0.000942528247833252, 0.5448586344718933, -2.2350597381591797], "start_rotation": [0, 0.40088486483462604, 0, 0.9161284435855725]}