{"episode_id": "67367", "start_position": [-3.1020305156707764, 0.18128342926502228, -0.7481274008750916], "start_rotation": [0, 0.07876887332446925, 0, -0.9968929052787936]}