{"episode_id": "2886", "start_position": [3.6328883171081543, 0.1887628585100174, 4.0515289306640625], "start_rotation": [0, 0.9803827625908977, 0, -0.19710311721187826]}