{"episode_id": "10828", "start_position": [-4.974145889282227, 0.03310127556324005, -3.2536544799804688], "start_rotation": [0, 0.20821229673382285, 0, -0.9780836566924255]}