{"episode_id": "39823", "start_position": [-4.51892614364624, 3.1434075832366943, -1.3645358085632324], "start_rotation": [0, 0.8572063162935561, 0, -0.5149731364900811]}