{"episode_id": "25463", "start_position": [-7.612153053283691, 0.037133216857910156, -3.885857582092285], "start_rotation": [0, 0.17050379872461516, 0, -0.985357018861933]}