{"episode_id": "29994", "start_position": [-9.35544490814209, 0.03310127556324005, -8.450188636779785], "start_rotation": [0, 0.04652196312377649, 0, 0.9989172673185253]}