{"episode_id": "4163", "start_position": [-4.259219169616699, 0.11509490013122559, 5.38676118850708], "start_rotation": [0, 0.7315443274059789, 0, -0.6817938816388235]}