{"episode_id": "23569", "start_position": [-4.068922996520996, 0.1514829844236374, -2.3419723510742188], "start_rotation": [0, 0.8230786244247982, 0, -0.5679274408011836]}