{"episode_id": "10433", "start_position": [-2.277282953262329, 0.17923279106616974, 5.0078558921813965], "start_rotation": [0, 0.004738755020858917, 0, -0.9999887720373926]}