{"episode_id": "58422", "start_position": [-0.16239815950393677, 0.17800255119800568, -4.539015293121338], "start_rotation": [0, 0.5256141118962797, 0, 0.8507231073477934]}