{"episode_id": "28141", "start_position": [4.112936496734619, 0.1887628585100174, 3.7017455101013184], "start_rotation": [0, 0.9932023537529571, 0, -0.11640053479080685]}