{"episode_id": "9956", "start_position": [-0.16884176433086395, 0.1719042807817459, 0.7655879855155945], "start_rotation": [0, 0.6316711413446442, 0, 0.7752364601799598]}