{"episode_id": "46084", "start_position": [-3.7322306632995605, 0.12194900214672089, 1.1766791343688965], "start_rotation": [0, 0.7861286858666908, 0, 0.61806285219022]}