{"episode_id": "67398", "start_position": [0.20185969769954681, 0.044724658131599426, 5.999905586242676], "start_rotation": [0, 0.8444362417676105, 0, -0.5356560777116169]}