{"episode_id": "5051", "start_position": [-2.535531997680664, 0.1836138218641281, 0.35746851563453674], "start_rotation": [0, 0.8853567935105606, 0, -0.46491219405894113]}