{"episode_id": "48605", "start_position": [2.73258638381958, 0.15964920818805695, 1.2650662660598755], "start_rotation": [0, 0.8052870313408298, 0, 0.5928851466804287]}