{"episode_id": "7739", "start_position": [-0.6994993090629578, 0.10841822624206543, -6.254268169403076], "start_rotation": [0, 0.7298818140368617, 0, -0.683573359295299]}