{"episode_id": "56673", "start_position": [-1.443479061126709, -2.374966859817505, -7.180608749389648], "start_rotation": [0, 0.5006135659397702, 0, -0.8656708714038306]}