{"episode_id": "35963", "start_position": [1.5205202102661133, 0.20889411866664886, 5.517977714538574], "start_rotation": [0, 0.6498978381573902, 0, -0.7600215786136276]}