{"episode_id": "30031", "start_position": [-10.440169334411621, -2.852285146713257, 14.899070739746094], "start_rotation": [0, 0.9956461441327473, 0, -0.09321349512593399]}