{"episode_id": "35497", "start_position": [-0.8008220195770264, -2.967862606048584, 0.932548463344574], "start_rotation": [0, 0.1353789300000813, 0, -0.9907938964850526]}