{"episode_id": "65875", "start_position": [1.2842341661453247, 0.15562696754932404, 2.4614648818969727], "start_rotation": [0, 0.697037513068727, 0, 0.7170346612089016]}