{"episode_id": "14183", "start_position": [-5.428611755371094, 0.037133216857910156, -4.653472423553467], "start_rotation": [0, 0.7447527023510774, 0, -0.6673405519978294]}