{"episode_id": "25834", "start_position": [-1.8046317100524902, 0.15562696754932404, 0.11964964866638184], "start_rotation": [0, 0.19402167695421024, 0, 0.9809972420307185]}