{"episode_id": "29700", "start_position": [-1.7819246053695679, 3.400176525115967, 1.6363730430603027], "start_rotation": [0, 0.5906468981028693, 0, 0.8069301343743823]}