{"episode_id": "37790", "start_position": [-4.382770538330078, 0.17635054886341095, 0.1883241981267929], "start_rotation": [0, 0.07948122418310304, 0, 0.9968363632022837]}