{"episode_id": "18689", "start_position": [-1.13246750831604, 0.17282123863697052, 1.9405248165130615], "start_rotation": [0, 0.11501187016220374, 0, 0.993364117391902]}