{"episode_id": "63675", "start_position": [1.1387416124343872, 0.14570780098438263, -3.3352277278900146], "start_rotation": [0, 0.2567872940144472, 0, 0.9664679434066801]}