{"episode_id": "55694", "start_position": [5.017538070678711, 0.021137923002243042, 0.2692762017250061], "start_rotation": [0, 0.9760809995502886, 0, 0.21740718092305378]}