{"episode_id": "55090", "start_position": [-1.7749907970428467, 0.09901373833417892, -4.33563232421875], "start_rotation": [0, 0.9951803652877991, 0, 0.09806141211324015]}