{"episode_id": "18932", "start_position": [-4.330530643463135, 0.1639670431613922, 1.2401667833328247], "start_rotation": [0, 0.9984304861284016, 0, -0.056005038785842]}