{"episode_id": "1548", "start_position": [3.9991888999938965, 0.14657917618751526, 8.057497024536133], "start_rotation": [0, 0.8126758106559988, 0, 0.5827160773263556]}