{"episode_id": "31643", "start_position": [-3.3663501739501953, 1.5974199771881104, 5.632280349731445], "start_rotation": [0, 0.9957798652905286, 0, -0.09177396080575663]}