{"episode_id": "50934", "start_position": [-2.302131175994873, 0.15289896726608276, 0.9647290706634521], "start_rotation": [0, 0.7011457639112699, 0, 0.7130179645347526]}