{"episode_id": "65107", "start_position": [-9.267733573913574, 0.15165157616138458, 2.6873855590820312], "start_rotation": [0, 0.9716817806518568, 0, 0.23629328629742463]}