{"episode_id": "39305", "start_position": [3.871582508087158, 0.18128342926502228, 2.6389658451080322], "start_rotation": [0, 0.3573135951828636, 0, -0.9339844724070613]}