{"episode_id": "22255", "start_position": [1.677507758140564, 0.1719042807817459, -6.920082092285156], "start_rotation": [0, 0.3351527282451825, 0, -0.9421638120570174]}