{"episode_id": "60519", "start_position": [-2.6357858180999756, 0.0441720150411129, -3.3778069019317627], "start_rotation": [0, 0.9880084269702476, 0, -0.15439996190341826]}