{"episode_id": "35031", "start_position": [2.1572201251983643, 0.18463699519634247, -0.5776586532592773], "start_rotation": [0, 0.9694348282918522, 0, -0.2453489631010228]}