{"episode_id": "62148", "start_position": [-1.5602810382843018, 0.10819579660892487, 0.8898297548294067], "start_rotation": [0, 0.07077950039052407, 0, -0.9974919860953609]}