{"episode_id": "65992", "start_position": [-0.9734443426132202, 2.7814598083496094, 1.0246970653533936], "start_rotation": [0, 0.7973589538371108, 0, -0.6035053427566225]}