{"episode_id": "55269", "start_position": [1.0908799171447754, 0.14340916275978088, -5.657275676727295], "start_rotation": [0, 0.9946295882782955, 0, -0.103498705892143]}