{"episode_id": "29075", "start_position": [-5.454710483551025, -2.8915817737579346, -6.676205158233643], "start_rotation": [0, 0.9545244415059269, 0, -0.2981326727613033]}