{"episode_id": "27368", "start_position": [-0.3200306296348572, 0.17800255119800568, 1.449837327003479], "start_rotation": [0, 0.7389071123874971, 0, -0.6738073012836613]}