{"episode_id": "51529", "start_position": [-1.8781230449676514, 0.1005861759185791, 0.9308140277862549], "start_rotation": [0, 0.8132143188952012, 0, 0.5819643215385407]}