{"episode_id": "26456", "start_position": [0.8270083665847778, 0.08356514573097229, -2.989884853363037], "start_rotation": [0, 0.21733334901964776, 0, -0.9760974415517664]}