{"episode_id": "55824", "start_position": [0.44321945309638977, -1.002579927444458, 6.19360876083374], "start_rotation": [0, 0.9332949792132395, 0, 0.3591106817895548]}