{"episode_id": "48690", "start_position": [0.29574713110923767, 0.037133216857910156, -2.721433639526367], "start_rotation": [0, 0.9366249833437272, 0, 0.3503336132550837]}