{"episode_id": "31719", "start_position": [5.924396514892578, 0.09678955376148224, 0.06374229490756989], "start_rotation": [0, 0.8351734505825459, 0, 0.5499866429669396]}