{"episode_id": "66441", "start_position": [-3.3563661575317383, 1.5970072746276855, -3.3219823837280273], "start_rotation": [0, 0.9902565019078101, 0, 0.13925537845737657]}