{"episode_id": "65267", "start_position": [-1.8377023935317993, 0.10841822624206543, -0.02787606418132782], "start_rotation": [0, 0.5783693267681347, 0, 0.8157750436571192]}