{"episode_id": "17463", "start_position": [-3.0009610652923584, 0.03250765800476074, 12.599939346313477], "start_rotation": [0, 0.4689970415456983, 0, 0.8831997367647834]}