{"episode_id": "25232", "start_position": [1.9584274291992188, 3.3211450576782227, -5.5800933837890625], "start_rotation": [0, 0.035357519091217905, 0, 0.9993747274389693]}