{"episode_id": "21835", "start_position": [0.870270311832428, 0.05038153752684593, 2.986971616744995], "start_rotation": [0, 0.9953589946131165, 0, 0.0962313454273913]}