{"episode_id": "404", "start_position": [-0.6502650380134583, 0.17282123863697052, -7.286221504211426], "start_rotation": [0, 0.9678881644842281, 0, -0.2513811867490323]}