{"episode_id": "32997", "start_position": [-2.0753769874572754, 0.14340916275978088, 0.3367565870285034], "start_rotation": [0, 0.5177100179050346, 0, -0.8555561567546393]}