{"episode_id": "40464", "start_position": [0.38426917791366577, 0.17282123863697052, -1.4996331930160522], "start_rotation": [0, 0.7534847664699503, 0, 0.657465365397847]}