{"episode_id": "65107", "start_position": [-0.19153296947479248, 0.08944252133369446, -1.1397216320037842], "start_rotation": [0, 0.38985093878308075, 0, -0.9208779753745611]}