{"episode_id": "25158", "start_position": [-4.3567609786987305, -2.511791467666626, 4.161990165710449], "start_rotation": [0, 0.9975877627123828, 0, -0.06941653755772159]}