{"episode_id": "361", "start_position": [-4.521697521209717, 0.08076925575733185, -0.7047328352928162], "start_rotation": [0, 0.6710199132122543, 0, 0.7414393273037375]}