{"episode_id": "15877", "start_position": [-5.792786121368408, 0.17646045982837677, -6.210579872131348], "start_rotation": [0, 0.5344823799412423, 0, -0.8451796173195054]}