{"episode_id": "54024", "start_position": [-1.5561184883117676, 0.17949719727039337, 7.114428520202637], "start_rotation": [0, 0.9270018655385381, 0, -0.3750567174282713]}