{"episode_id": "30989", "start_position": [-0.13953092694282532, 0.1514829844236374, -3.102532148361206], "start_rotation": [0, 0.7315830955199242, 0, -0.6817522822473612]}