{"episode_id": "61378", "start_position": [-9.79738998413086, 0.17923279106616974, 3.811520576477051], "start_rotation": [0, 0.9553847161618991, 0, 0.2953642566802006]}