{"episode_id": "44447", "start_position": [3.8928489685058594, 0.441880464553833, -2.3837931156158447], "start_rotation": [0, 0.9430175130678837, 0, -0.33274309917301614]}