{"episode_id": "8682", "start_position": [4.727594375610352, 0.1887628585100174, 2.12239933013916], "start_rotation": [0, 0.7414317986638157, 0, -0.6710282318428481]}