{"episode_id": "6502", "start_position": [0.40997958183288574, 0.15562696754932404, 4.14061164855957], "start_rotation": [0, 0.6243045628095596, 0, -0.7811810371835486]}