{"episode_id": "12247", "start_position": [-1.606019377708435, 0.17002512514591217, -3.772134304046631], "start_rotation": [0, 0.882244537284283, 0, -0.4707914362348167]}