{"episode_id": "51408", "start_position": [0.7173935174942017, -3.206904888153076, -2.205519914627075], "start_rotation": [0, 0.979473039813643, 0, -0.20157520749889282]}