{"episode_id": "33366", "start_position": [-1.4470162391662598, 0.0701034814119339, 3.3302969932556152], "start_rotation": [0, 0.7933804609274588, 0, 0.6087260830772186]}