{"episode_id": "9834", "start_position": [-1.7917988300323486, 0.08820843696594238, -0.13919025659561157], "start_rotation": [0, 0.9978435981982219, 0, 0.0656365259198378]}