{"episode_id": "36041", "start_position": [-0.7297111749649048, 0.044724658131599426, 1.0977778434753418], "start_rotation": [0, 0.26615787678966146, 0, 0.9639294500236101]}