{"episode_id": "67037", "start_position": [-9.398679733276367, 0.23514866828918457, 8.187430381774902], "start_rotation": [0, 0.9429117271372989, 0, 0.3330427522510525]}