{"episode_id": "57184", "start_position": [1.3225494623184204, 0.14618214964866638, 3.540225028991699], "start_rotation": [0, 0.066813015035569, 0, 0.9977655140471917]}