{"episode_id": "17756", "start_position": [-5.858615398406982, 0.10841822624206543, -1.9860823154449463], "start_rotation": [0, 0.9782694769663589, 0, -0.20733747957368123]}