{"episode_id": "29079", "start_position": [-3.626795768737793, 0.1719042807817459, -3.2579383850097656], "start_rotation": [0, 0.9637740046502554, 0, 0.2667202053846115]}