{"episode_id": "1023", "start_position": [5.366346836090088, 0.14657917618751526, 10.372472763061523], "start_rotation": [0, 0.7678515466682566, 0, 0.6406278188458304]}