{"episode_id": "2898", "start_position": [8.325590133666992, 0.5747905969619751, 0.15045152604579926], "start_rotation": [0, 0.23463197623433657, 0, -0.9720842739847043]}