{"episode_id": "54125", "start_position": [7.454103469848633, 0.412506103515625, 2.05660343170166], "start_rotation": [0, 0.5269552899068686, 0, -0.8498930064656187]}