{"episode_id": "27437", "start_position": [1.404281735420227, 0.14570780098438263, -0.892174482345581], "start_rotation": [0, 0.3385454173742438, 0, -0.9409500520085532]}