{"episode_id": "27214", "start_position": [0.1190798282623291, 0.17635054886341095, 0.9735537171363831], "start_rotation": [0, 0.07824903129012223, 0, -0.996933843894447]}