{"episode_id": "35731", "start_position": [1.88498854637146, 0.18463699519634247, 2.2888216972351074], "start_rotation": [0, 0.6529126070314278, 0, -0.757433249586671]}