{"episode_id": "54621", "start_position": [-3.0568642616271973, 2.7814598083496094, -0.6191681623458862], "start_rotation": [0, 0.05066944167307309, 0, -0.9987154788429681]}