{"episode_id": "41510", "start_position": [-12.986886978149414, 0.14771485328674316, 9.404240608215332], "start_rotation": [0, 0.7143656196369769, 0, -0.6997726498518487]}