{"episode_id": "18390", "start_position": [-6.9402756690979, 0.062041521072387695, -1.3481674194335938], "start_rotation": [0, 0.040903338377258396, 0, -0.9991631082609063]}