{"episode_id": "128", "start_position": [-2.919055461883545, 0.17702746391296387, 7.39791202545166], "start_rotation": [0, 0.18792845269661373, 0, 0.9821827206111176]}