{"episode_id": "31561", "start_position": [-12.533836364746094, 0.03310127556324005, -8.698575973510742], "start_rotation": [0, 0.9731634234728358, 0, 0.23011508254486504]}