{"episode_id": "26552", "start_position": [-3.0052707195281982, 2.7814598083496094, -3.3952443599700928], "start_rotation": [0, 0.3914641829954573, 0, 0.9201933456788846]}