{"episode_id": "26690", "start_position": [-2.97853946685791, 0.1672901213169098, -2.6470184326171875], "start_rotation": [0, 0.9875142001966344, 0, -0.15753001114073967]}