{"episode_id": "67148", "start_position": [-3.043973922729492, 0.17000891268253326, -1.8908222913742065], "start_rotation": [0, 0.04031264258206361, 0, -0.9991871150330407]}