{"episode_id": "4329", "start_position": [0.03678176552057266, 0.17000891268253326, -0.1896759420633316], "start_rotation": [0, 0.8849703736409715, 0, -0.4656473319774947]}