{"episode_id": "50118", "start_position": [0.2894976735115051, 0.17635054886341095, 0.6449655890464783], "start_rotation": [0, 0.31705548715612236, 0, 0.9484069896748937]}