{"episode_id": "43517", "start_position": [-0.4003661870956421, 2.365107297897339, -3.2332613468170166], "start_rotation": [0, 0.5206680418287679, 0, 0.8537592109126533]}