{"episode_id": "32202", "start_position": [0.5057421922683716, -0.034892842173576355, -5.948055267333984], "start_rotation": [0, 0.9980911726403422, 0, -0.06175768047317443]}