{"episode_id": "43314", "start_position": [-0.801429271697998, 2.7814598083496094, -0.931376039981842], "start_rotation": [0, 0.8202907164001799, 0, 0.5719467987389033]}