{"episode_id": "55218", "start_position": [-2.0715909004211426, 0.1719042807817459, -2.6284356117248535], "start_rotation": [0, 0.05789610510503341, 0, -0.9983226136944244]}