{"episode_id": "25434", "start_position": [-4.700623035430908, 0.16646166145801544, 1.1902694702148438], "start_rotation": [0, 0.890742079604042, 0, -0.4545091282060974]}