{"episode_id": "41803", "start_position": [0.4451610743999481, 0.17970331013202667, -2.5623137950897217], "start_rotation": [0, 0.15576885885906896, 0, 0.9877935323789803]}