{"episode_id": "25317", "start_position": [0.6979626417160034, 0.12194900214672089, 0.5017352104187012], "start_rotation": [0, 0.8891101793700309, 0, 0.45769322579713967]}