{"episode_id": "63399", "start_position": [0.6210793256759644, 0.18463699519634247, 2.341984987258911], "start_rotation": [0, 0.9233591752025658, 0, -0.3839372781708457]}