{"episode_id": "49361", "start_position": [-1.7844326496124268, 0.03310127556324005, -6.904575347900391], "start_rotation": [0, 0.9350758314803469, 0, -0.354447724469121]}