{"episode_id": "29796", "start_position": [-3.2665319442749023, -0.9379585385322571, -0.18665346503257751], "start_rotation": [0, 0.4267805928045953, 0, 0.9043551988048492]}