{"episode_id": "12725", "start_position": [-0.8687618970870972, 0.17002512514591217, -5.706363677978516], "start_rotation": [0, 0.20027550810520886, 0, -0.9797396189055542]}