{"episode_id": "20010", "start_position": [-0.33583661913871765, 2.365107297897339, -0.16079556941986084], "start_rotation": [0, 0.43310846500908223, 0, 0.9013418094915361]}