{"episode_id": "12331", "start_position": [-2.5051958560943604, -1.002579927444458, 0.4401150941848755], "start_rotation": [0, 0.2586945578611802, 0, -0.9659591739473302]}