{"episode_id": "15000", "start_position": [-0.9162613153457642, 0.1662864238023758, -1.3520286083221436], "start_rotation": [0, 0.46125639943991753, 0, -0.8872668899354484]}