{"episode_id": "20475", "start_position": [-3.5052857398986816, 0.1649409383535385, -0.6889879703521729], "start_rotation": [0, 0.9117959447884117, 0, 0.4106435864194249]}