{"episode_id": "44808", "start_position": [-3.865635395050049, 1.662041425704956, -3.239579916000366], "start_rotation": [0, 0.09761079841982653, 0, -0.9952246640994404]}