{"episode_id": "13294", "start_position": [0.9626371264457703, 0.18145985901355743, 0.7728936672210693], "start_rotation": [0, 0.9408571293993528, 0, -0.3388035744475098]}