{"episode_id": "39735", "start_position": [3.880758047103882, 2.365107297897339, -6.074588298797607], "start_rotation": [0, 0.9466793223908909, 0, -0.3221773743724466]}