{"episode_id": "32129", "start_position": [-4.04107141494751, 3.0807693004608154, -9.774126052856445], "start_rotation": [0, 0.9328374916204973, 0, 0.3602973969197926]}