{"episode_id": "13544", "start_position": [-5.904906749725342, -2.511791467666626, 3.239407539367676], "start_rotation": [0, 0.034596679528716534, 0, 0.9994013556952919]}