{"episode_id": "39533", "start_position": [-2.935822010040283, 0.17949719727039337, 9.018978118896484], "start_rotation": [0, 0.8388817125333052, 0, 0.5443137628033935]}