{"episode_id": "18383", "start_position": [-6.306990623474121, 1.5970072746276855, -4.481309413909912], "start_rotation": [0, 0.9477536161488161, 0, 0.31900326499401604]}