{"episode_id": "13319", "start_position": [3.6176528930664062, 0.17646045982837677, -6.326790809631348], "start_rotation": [0, 0.45089026728653586, 0, 0.8925793896714601]}