{"episode_id": "7642", "start_position": [0.48042166233062744, 1.5974199771881104, 6.4131903648376465], "start_rotation": [0, 0.9808639460057713, 0, -0.19469442577019866]}