{"episode_id": "21860", "start_position": [0.321736603975296, 0.16511733829975128, -1.4522291421890259], "start_rotation": [0, 0.9117724982186969, 0, 0.4106956433808817]}