{"episode_id": "48669", "start_position": [-10.026946067810059, 0.15165157616138458, 1.2705142498016357], "start_rotation": [0, 0.303680563564128, 0, -0.9527739056635491]}