{"episode_id": "22573", "start_position": [0.1523478627204895, 0.17282123863697052, -2.6312994956970215], "start_rotation": [0, 0.8852264675978575, 0, 0.46516029609610854]}