{"episode_id": "23927", "start_position": [-3.9459125995635986, 0.08820843696594238, -2.261399507522583], "start_rotation": [0, 0.13837144491132275, 0, -0.9903804032962046]}