{"episode_id": "65755", "start_position": [-0.019714251160621643, 3.400176525115967, -2.555734872817993], "start_rotation": [0, 0.9557528298012122, 0, -0.29417091686122715]}