{"episode_id": "4314", "start_position": [-3.5560288429260254, 0.15165157616138458, 7.364162921905518], "start_rotation": [0, 0.7787190902947541, 0, -0.6273727587411735]}