{"episode_id": "50906", "start_position": [-2.7248048782348633, 0.12194900214672089, 1.238922119140625], "start_rotation": [0, 0.9474864540321578, 0, -0.31979590276544784]}