{"episode_id": "40432", "start_position": [0.29208672046661377, 1.5970072746276855, -3.348206043243408], "start_rotation": [0, 0.14747783620147065, 0, 0.989065360746868]}