{"episode_id": "42415", "start_position": [-4.211195945739746, 3.1434075832366943, -1.3490338325500488], "start_rotation": [0, 0.75192076027454, 0, -0.6592534946954454]}