{"episode_id": "8428", "start_position": [-0.2510668635368347, 0.12194900214672089, 0.3765150308609009], "start_rotation": [0, 0.4808871980599811, 0, 0.8767824717351622]}