{"episode_id": "10511", "start_position": [0.3163435757160187, 3.683565139770508, -8.784122467041016], "start_rotation": [0, 0.26869420691521967, 0, -0.9632255307923483]}