{"episode_id": "35686", "start_position": [8.61389446258545, 3.056049346923828, 3.036425828933716], "start_rotation": [0, 0.9430446684894803, 0, 0.3326661287741302]}