{"episode_id": "33693", "start_position": [4.174118995666504, 0.16646166145801544, 2.5988523960113525], "start_rotation": [0, 0.6200275940326324, 0, 0.7845800039754424]}