{"episode_id": "12747", "start_position": [0.5977344512939453, 0.15289896726608276, -2.7665514945983887], "start_rotation": [0, 0.8876160659821924, 0, -0.4605841067712781]}