{"episode_id": "51180", "start_position": [2.5725300312042236, 0.15289896726608276, 1.4930267333984375], "start_rotation": [0, 0.11286773002107359, 0, 0.9936100218495635]}