{"episode_id": "9279", "start_position": [-0.48094215989112854, 0.18463699519634247, 4.5785813331604], "start_rotation": [0, 0.8749800504100719, 0, 0.48415897325608664]}