{"episode_id": "30733", "start_position": [-0.7557765245437622, 2.365107297897339, 2.7924933433532715], "start_rotation": [0, 0.9999264484490125, 0, -0.012128383739989257]}