{"episode_id": "68166", "start_position": [1.7103514671325684, 0.15562696754932404, 3.658017158508301], "start_rotation": [0, 0.9936048388200923, 0, 0.11291334851689729]}