{"episode_id": "13533", "start_position": [-1.9629756212234497, 0.12114477157592773, -0.2323451042175293], "start_rotation": [0, 0.745416077959747, 0, -0.6665994829874297]}