{"episode_id": "4702", "start_position": [-7.549396991729736, -2.8849050998687744, 2.143240213394165], "start_rotation": [0, 0.8986467328071068, 0, -0.4386730554924846]}