{"episode_id": "10462", "start_position": [2.7399168014526367, 0.014962434768676758, 1.665442705154419], "start_rotation": [0, 0.22976576178495198, 0, -0.9732459579733074]}