{"episode_id": "19027", "start_position": [-0.40797510743141174, 0.14570780098438263, -0.5050233602523804], "start_rotation": [0, 0.9899681744500674, 0, -0.1412905289678013]}