{"episode_id": "2593", "start_position": [3.427015781402588, 2.365107297897339, -10.00623893737793], "start_rotation": [0, 0.5221034489885376, 0, -0.852882165691295]}