{"episode_id": "13567", "start_position": [2.1945154666900635, 0.05582113191485405, -1.091962218284607], "start_rotation": [0, 0.1913755189425671, 0, -0.981516892747885]}