{"episode_id": "22657", "start_position": [-3.5584137439727783, 0.0701034814119339, 8.9678373336792], "start_rotation": [0, 0.9303925567662851, 0, 0.36656471504209864]}