{"episode_id": "6615", "start_position": [-6.2871904373168945, 0.20017647743225098, -0.49437403678894043], "start_rotation": [0, 0.9977423669148401, 0, -0.06715779376343904]}