{"episode_id": "5536", "start_position": [-2.618636131286621, 0.044724658131599426, 2.302940845489502], "start_rotation": [0, 0.21691082430414146, 0, 0.9761914229799901]}