{"episode_id": "43366", "start_position": [-0.609282910823822, 0.1028832420706749, -0.09744039177894592], "start_rotation": [0, 0.9317919314853579, 0, 0.3629928324620008]}