{"episode_id": "50950", "start_position": [-1.1060402393341064, -2.511791467666626, 1.7817440032958984], "start_rotation": [0, 0.9375327467589835, 0, -0.34789703757657353]}