{"episode_id": "44923", "start_position": [-2.4313323497772217, 0.17282123863697052, -0.03429240733385086], "start_rotation": [0, 0.8262974525677845, 0, -0.5632339832431899]}