{"episode_id": "12899", "start_position": [1.770437479019165, 0.17800255119800568, -0.4903314411640167], "start_rotation": [0, 0.5020806607381525, 0, 0.8648207965311312]}