{"episode_id": "2657", "start_position": [-1.2318600416183472, 0.17800255119800568, -3.521517038345337], "start_rotation": [0, 0.9277356363105066, 0, -0.37323797920300045]}