{"episode_id": "63257", "start_position": [-0.19865678250789642, 0.17635054886341095, -1.8589999675750732], "start_rotation": [0, 0.48737898793233914, 0, 0.8731905417044145]}