{"episode_id": "24760", "start_position": [-4.438139915466309, 0.1649409383535385, 1.2560133934020996], "start_rotation": [0, 0.5757662410613414, 0, -0.8176143563160405]}