{"episode_id": "45704", "start_position": [-5.690372467041016, 0.12703095376491547, -14.080760955810547], "start_rotation": [0, 0.6855672180507698, 0, -0.7280093334114118]}