{"episode_id": "41572", "start_position": [0.9362320899963379, 0.17002512514591217, -5.721050262451172], "start_rotation": [0, 0.38962505341521175, 0, 0.920973570604061]}