{"episode_id": "51351", "start_position": [-5.225124835968018, 0.15562696754932404, 3.7798218727111816], "start_rotation": [0, 0.677292779571495, 0, -0.7357135928745087]}