{"episode_id": "53216", "start_position": [0.8681505918502808, 0.14340916275978088, -2.7977113723754883], "start_rotation": [0, 0.23298330209499016, 0, -0.9724807355135189]}