{"episode_id": "15707", "start_position": [-4.746647357940674, 0.1672901213169098, -4.513417720794678], "start_rotation": [0, 0.9853780622539647, 0, 0.17038214234074414]}