{"episode_id": "6674", "start_position": [2.8469083309173584, 0.14657917618751526, 11.344659805297852], "start_rotation": [0, 0.997250740463698, 0, 0.07410101648834569]}