{"episode_id": "14457", "start_position": [-11.592695236206055, 0.14340753853321075, -0.11519365012645721], "start_rotation": [0, 0.8615718508457308, 0, -0.5076356427894536]}