{"episode_id": "11934", "start_position": [1.3200924396514893, 0.19742000102996826, 16.230955123901367], "start_rotation": [0, 0.8068495188383611, 0, -0.5907570176902728]}