{"episode_id": "5536", "start_position": [0.874208390712738, 0.1662864238023758, 0.16870589554309845], "start_rotation": [0, 0.8036329180429711, 0, -0.5951253086852711]}