{"episode_id": "5867", "start_position": [-2.0460565090179443, 0.16243858635425568, 1.280458927154541], "start_rotation": [0, 0.6883699473065112, 0, -0.7253597835868976]}