{"episode_id": "58570", "start_position": [1.3427135944366455, 0.12114477157592773, -5.801034450531006], "start_rotation": [0, 0.9987038537403886, 0, -0.0508980601211533]}