{"episode_id": "24689", "start_position": [-3.2445883750915527, 0.17702746391296387, 0.9899660348892212], "start_rotation": [0, 0.026707864060715358, 0, -0.9996432813745683]}