{"episode_id": "11571", "start_position": [-9.719179153442383, 0.23514866828918457, 1.7532942295074463], "start_rotation": [0, 0.9340208896113241, 0, 0.35721838946178386]}