{"episode_id": "43401", "start_position": [0.30820223689079285, 0.17800255119800568, -5.9922990798950195], "start_rotation": [0, 0.6941875883207625, 0, -0.719794131833126]}