{"episode_id": "66647", "start_position": [0.01615801453590393, 0.14340916275978088, 0.33736148476600647], "start_rotation": [0, 0.9830143153543368, 0, -0.18352889638540448]}