{"episode_id": "54682", "start_position": [-5.88455057144165, 0.23753097653388977, 6.468212127685547], "start_rotation": [0, 0.9164097016389783, 0, 0.40024150052431956]}