{"episode_id": "62606", "start_position": [-2.5795955657958984, 3.1434075832366943, -1.6342411041259766], "start_rotation": [0, 0.9955754911196116, 0, -0.09396510778977568]}