{"episode_id": "44165", "start_position": [-0.9298862814903259, 0.16646166145801544, -3.009760856628418], "start_rotation": [0, 0.9974273007657668, 0, 0.07168528222108504]}