{"episode_id": "46700", "start_position": [2.1651742458343506, 0.17002512514591217, 2.945815324783325], "start_rotation": [0, 0.10287697738896447, 0, -0.9946940874074353]}