{"episode_id": "65603", "start_position": [-2.266136407852173, 3.0807693004608154, -10.357982635498047], "start_rotation": [0, 0.7616677569753926, 0, -0.6479677677045937]}