{"episode_id": "21114", "start_position": [-1.8104190826416016, 0.1672901213169098, 4.557554721832275], "start_rotation": [0, 0.5881476282569905, 0, -0.8087535887868919]}