{"episode_id": "36244", "start_position": [-6.125086784362793, 0.03514885902404785, -1.1909146308898926], "start_rotation": [0, 0.0016640187237019295, 0, 0.9999986155198852]}