{"episode_id": "30576", "start_position": [2.9960434436798096, 0.014962434768676758, 2.819258213043213], "start_rotation": [0, 0.49866231087168544, 0, 0.8667963426988547]}