{"episode_id": "1594", "start_position": [2.7213244438171387, 0.18128342926502228, 1.705428957939148], "start_rotation": [0, 0.9664903099728414, 0, 0.256703098400859]}