{"episode_id": "63749", "start_position": [-2.7472925186157227, 0.17923279106616974, 3.697603702545166], "start_rotation": [0, 0.8420846231148653, 0, 0.5393454250417771]}