{"episode_id": "58363", "start_position": [-3.3686492443084717, 0.2623139023780823, 0.0061594173312187195], "start_rotation": [0, 0.13445977180263563, 0, -0.9909190530849546]}