{"episode_id": "42000", "start_position": [-3.934565305709839, 0.12114477157592773, -6.195196151733398], "start_rotation": [0, 0.6131963666508103, 0, 0.7899305133530702]}