{"episode_id": "31560", "start_position": [-0.9649121761322021, 0.08076925575733185, 0.3349939286708832], "start_rotation": [0, 0.9999997255021029, 0, -0.0007409424530872974]}