{"episode_id": "2809", "start_position": [-1.07598078250885, 0.15562696754932404, 2.2486820220947266], "start_rotation": [0, 0.9507781784506442, 0, -0.309872321097053]}