{"episode_id": "48989", "start_position": [-6.901033401489258, 0.17000891268253326, 0.3964667320251465], "start_rotation": [0, 0.6274845035437787, 0, 0.7786290501981142]}