{"episode_id": "18863", "start_position": [-4.561783790588379, 0.17923279106616974, 4.141956806182861], "start_rotation": [0, 0.9263758028220934, 0, -0.3766004141603164]}