{"episode_id": "39312", "start_position": [-3.1958110332489014, 0.1649409383535385, -1.0513287782669067], "start_rotation": [0, 0.9691209380140555, 0, 0.24658590288732463]}