{"episode_id": "35842", "start_position": [-9.63070011138916, 0.15165157616138458, 2.830231189727783], "start_rotation": [0, 0.884414431718943, 0, -0.4667023815744454]}