{"episode_id": "6070", "start_position": [1.5523241758346558, 0.17970331013202667, -0.34431925415992737], "start_rotation": [0, 0.9969486083381753, 0, -0.07806069646483735]}