{"episode_id": "59238", "start_position": [-8.766684532165527, 0.15165157616138458, 7.143064022064209], "start_rotation": [0, 0.13015900873690212, 0, -0.9914931328277705]}