{"episode_id": "29821", "start_position": [-3.49589467048645, 0.17800255119800568, -6.674154758453369], "start_rotation": [0, 0.9177735535769287, 0, -0.3971041479949264]}