{"episode_id": "60755", "start_position": [3.472278594970703, 0.16646166145801544, -2.389806032180786], "start_rotation": [0, 0.9844514166531242, 0, -0.17565707571759487]}