{"episode_id": "32794", "start_position": [11.030529975891113, 0.14657917618751526, 11.281356811523438], "start_rotation": [0, 0.4278907220179427, 0, -0.9038304763676448]}