{"episode_id": "14256", "start_position": [-3.0635225772857666, 0.08076925575733185, -6.544762134552002], "start_rotation": [0, 0.6511309497535865, 0, -0.7589654051885318]}