{"episode_id": "48493", "start_position": [2.636906147003174, 0.18463699519634247, 4.490535259246826], "start_rotation": [0, 0.35113108749914057, 0, -0.9363263103169059]}