{"episode_id": "11437", "start_position": [-6.37111234664917, 1.5970072746276855, 1.6933306455612183], "start_rotation": [0, 0.23876752711542257, 0, -0.9710767570049167]}