{"episode_id": "33602", "start_position": [-0.7323365211486816, 0.17949719727039337, 7.1239824295043945], "start_rotation": [0, 0.9354763873736383, 0, 0.35338920281520575]}