{"episode_id": "6159", "start_position": [-1.7439310550689697, 0.14340916275978088, -3.9440183639526367], "start_rotation": [0, 0.09556512428039178, 0, -0.9954231798693827]}