{"episode_id": "9705", "start_position": [-9.28050422668457, 0.03310127556324005, -3.235342502593994], "start_rotation": [0, 0.08524434088768916, 0, 0.9963600766523233]}