{"episode_id": "34427", "start_position": [-3.998800039291382, 0.1005861759185791, -2.3011813163757324], "start_rotation": [0, 0.2131288475249247, 0, -0.9770241012138327]}