{"episode_id": "24084", "start_position": [0.20370033383369446, 0.18463699519634247, 1.5572023391723633], "start_rotation": [0, 0.9999925496667932, 0, -0.0038601309441847775]}