{"episode_id": "16339", "start_position": [1.143079400062561, 0.11509490013122559, -0.4054694175720215], "start_rotation": [0, 0.7567163086514633, 0, 0.6537433963115065]}