{"episode_id": "43156", "start_position": [-1.5253770351409912, 1.5974199771881104, 5.068850994110107], "start_rotation": [0, 0.8443935255896693, 0, -0.5357234117921752]}