{"episode_id": "9064", "start_position": [0.7402553558349609, 0.1719042807817459, -7.202170372009277], "start_rotation": [0, 0.9786996053109879, 0, 0.20529754641523718]}