{"episode_id": "37895", "start_position": [2.9528379440307617, 0.1662864238023758, -1.3524267673492432], "start_rotation": [0, 0.7141231839694137, 0, 0.700020055510831]}