{"episode_id": "66915", "start_position": [-2.4795455932617188, 0.1719042807817459, -2.6322898864746094], "start_rotation": [0, 0.7930253401224243, 0, 0.6091886488795677]}