{"episode_id": "35904", "start_position": [-0.3091617226600647, 0.16243858635425568, 1.8288425207138062], "start_rotation": [0, 0.574179929068237, 0, -0.8187291426688037]}