{"episode_id": "56776", "start_position": [0.9039530158042908, 0.17970331013202667, -3.165355682373047], "start_rotation": [0, 0.12625622613547297, 0, 0.9919976639902074]}