{"episode_id": "61155", "start_position": [0.045658282935619354, 0.09881490468978882, -1.5041898488998413], "start_rotation": [0, 0.5347149844357644, 0, -0.8450324759557234]}