{"episode_id": "32997", "start_position": [-0.1955602765083313, 0.17949719727039337, 8.391349792480469], "start_rotation": [0, 0.025191752338129675, 0, 0.9996826374475724]}