{"episode_id": "23885", "start_position": [-3.786503553390503, 0.15964920818805695, -0.5885640382766724], "start_rotation": [0, 0.9026429290554114, 0, -0.43039022134136307]}