{"episode_id": "62391", "start_position": [0.49254345893859863, 0.15964920818805695, 4.226916313171387], "start_rotation": [0, 0.34694656610634755, 0, 0.9378848971313131]}