{"episode_id": "18537", "start_position": [6.819097518920898, 0.18360306322574615, -5.840931415557861], "start_rotation": [0, 0.1168988133048728, 0, -0.9931438301917364]}