{"episode_id": "22452", "start_position": [-4.337792873382568, 2.7068240642547607, -1.8958606719970703], "start_rotation": [0, 0.3145525959992018, 0, 0.949240045694535]}