{"episode_id": "65798", "start_position": [-7.584098815917969, 0.044724658131599426, 3.5914456844329834], "start_rotation": [0, 0.7900492205835558, 0, 0.6130434153102993]}