{"episode_id": "37354", "start_position": [-7.304029941558838, 0.08356514573097229, -5.863165855407715], "start_rotation": [0, 0.16833047649206462, 0, 0.9857306177064576]}