{"episode_id": "3891", "start_position": [-4.375488758087158, 1.5974199771881104, 5.782264232635498], "start_rotation": [0, 0.38779050031072554, 0, -0.9217475402021733]}