{"episode_id": "41356", "start_position": [-5.469905853271484, 0.12324567139148712, -4.459102630615234], "start_rotation": [0, 0.9324041704330712, 0, -0.3614172975370938]}