{"episode_id": "18689", "start_position": [-7.49648904800415, 0.044724658131599426, 8.828778266906738], "start_rotation": [0, 0.9999144144202977, 0, 0.013082959700050809]}