{"episode_id": "39298", "start_position": [0.11279494315385818, 0.18321557343006134, -0.8467152714729309], "start_rotation": [0, 0.6951187835785233, 0, 0.7188948996315901]}