{"episode_id": "45682", "start_position": [-8.130342483520508, -2.8849050998687744, -1.4207737445831299], "start_rotation": [0, 0.8269417107256157, 0, -0.5622876550860708]}