{"episode_id": "41352", "start_position": [-1.2387429475784302, 0.025033235549926758, -3.6764919757843018], "start_rotation": [0, 0.05657216087261692, 0, 0.9983985129266784]}