{"episode_id": "57306", "start_position": [1.3689303398132324, 0.17800255119800568, -3.337733030319214], "start_rotation": [0, 0.11402742454618242, 0, 0.9934776023903934]}