{"episode_id": "46628", "start_position": [-0.7191856503486633, -2.511791467666626, 5.819507598876953], "start_rotation": [0, 0.9999996306870943, 0, 0.0008594333452582039]}