{"episode_id": "32505", "start_position": [-1.1826385259628296, -2.374966859817505, -5.316183567047119], "start_rotation": [0, 0.9227975276056625, 0, -0.3852852489323677]}