{"episode_id": "39192", "start_position": [0.06858264654874802, 0.17002512514591217, -4.642694473266602], "start_rotation": [0, 0.8762773379198349, 0, -0.4818070433774578]}