{"episode_id": "19594", "start_position": [-6.233459949493408, 0.5792328119277954, 1.238008975982666], "start_rotation": [0, 0.8668922254295154, 0, -0.4984956062894259]}