{"episode_id": "58658", "start_position": [-1.464719295501709, 0.17702746391296387, 4.806032180786133], "start_rotation": [0, 0.43062689221152683, 0, -0.9025300436574076]}