{"episode_id": "55655", "start_position": [-3.0301570892333984, 0.14340916275978088, -2.473698139190674], "start_rotation": [0, 0.443160588156409, 0, -0.8964422419235194]}