{"episode_id": "57224", "start_position": [5.293511390686035, 0.17646045982837677, -5.0640363693237305], "start_rotation": [0, 0.9896646765094083, 0, -0.14340093468847495]}