{"episode_id": "38865", "start_position": [2.7642393112182617, 0.08076925575733185, -14.41518783569336], "start_rotation": [0, 0.060250415773617456, 0, -0.9981832934882783]}