{"episode_id": "64173", "start_position": [3.4077229499816895, 0.014962434768676758, 7.8487162590026855], "start_rotation": [0, 0.27714667636591683, 0, -0.960827622302422]}