{"episode_id": "4163", "start_position": [-3.333791494369507, -2.943950891494751, -2.102950096130371], "start_rotation": [0, 0.8964490851930639, 0, 0.4431467450591495]}