{"episode_id": "66917", "start_position": [2.047877311706543, 3.1651172637939453, 0.09300009161233902], "start_rotation": [0, 0.7846363688303969, 0, 0.6199562635449773]}