{"episode_id": "67000", "start_position": [-2.213959217071533, -2.852285146713257, 5.7077789306640625], "start_rotation": [0, 0.9968223748684268, 0, -0.07965646842328365]}