{"episode_id": "38972", "start_position": [1.8562333583831787, 0.12114477157592773, -1.508857250213623], "start_rotation": [0, 0.9362153492581707, 0, 0.35142683422499393]}