{"episode_id": "48026", "start_position": [0.02994897961616516, 0.15562696754932404, 1.4863704442977905], "start_rotation": [0, 0.9985988613509768, 0, -0.05291799418470762]}