{"episode_id": "63344", "start_position": [-8.886287689208984, 0.17000891268253326, -4.846975326538086], "start_rotation": [0, 0.9865308758254603, 0, 0.16357515411287307]}