{"episode_id": "3016", "start_position": [-6.700423240661621, 0.11509490013122559, 1.509535312652588], "start_rotation": [0, 0.9628804952933235, 0, -0.2699280492718087]}