{"episode_id": "1208", "start_position": [-0.23279151320457458, 0.12279083579778671, 1.1991153955459595], "start_rotation": [0, 0.9353018278212182, 0, -0.3538509444304034]}