{"episode_id": "16919", "start_position": [-4.446969509124756, 0.17923279106616974, 4.125715732574463], "start_rotation": [0, 0.9354538663649651, 0, 0.35344881369561565]}