{"episode_id": "39243", "start_position": [2.776244640350342, 0.021137923002243042, 1.9003658294677734], "start_rotation": [0, 0.5262929880085409, 0, 0.8503032934036195]}