{"episode_id": "66402", "start_position": [0.2054932415485382, 3.1434075832366943, -2.6327929496765137], "start_rotation": [0, 0.7513192648330068, 0, -0.6599389079989072]}