{"episode_id": "3777", "start_position": [2.8756263256073, 0.014962434768676758, 0.37977951765060425], "start_rotation": [0, 0.9927862369506181, 0, 0.11989782200453503]}