{"episode_id": "19370", "start_position": [-4.461606979370117, 0.1649409383535385, 0.8331151604652405], "start_rotation": [0, 0.9935332891103948, 0, -0.11354119705851468]}