{"episode_id": "51602", "start_position": [-3.7536780834198, 0.1649409383535385, -0.9286113381385803], "start_rotation": [0, 0.9957635540846299, 0, 0.09195077137657043]}