{"episode_id": "54125", "start_position": [-0.018398046493530273, 2.7814598083496094, -2.5621871948242188], "start_rotation": [0, 0.10240348380032475, 0, 0.9947429449388202]}