{"episode_id": "60415", "start_position": [-0.06076020002365112, 0.11461082845926285, -3.123528242111206], "start_rotation": [0, 0.9997292758083876, 0, 0.023267468526611886]}