{"episode_id": "17080", "start_position": [0.6771337985992432, 0.18321557343006134, -0.9543063640594482], "start_rotation": [0, 0.9950901524179008, 0, 0.09897266572604226]}