{"episode_id": "13558", "start_position": [1.237292766571045, 0.14570780098438263, -3.020416021347046], "start_rotation": [0, 0.6367076288462519, 0, -0.7711053075741234]}