{"episode_id": "61597", "start_position": [-3.173980236053467, 1.5974199771881104, 7.176211833953857], "start_rotation": [0, 0.6918524347259463, 0, -0.7220389245489334]}