{"episode_id": "32384", "start_position": [4.0725321769714355, 0.24472466111183167, 3.554971933364868], "start_rotation": [0, 0.9264156422515252, 0, -0.376502400778128]}