{"episode_id": "55054", "start_position": [-3.9668872356414795, 0.1672901213169098, -1.7462632656097412], "start_rotation": [0, 0.69568375013868, 0, -0.7183481884107334]}