{"episode_id": "46346", "start_position": [2.188211679458618, 0.1887628585100174, 3.3484106063842773], "start_rotation": [0, 0.33341044881397536, 0, 0.9427817735943262]}