{"episode_id": "40011", "start_position": [-2.0016472339630127, 0.12194900214672089, 1.031453251838684], "start_rotation": [0, 0.5789737400259012, 0, -0.8153461892720295]}