{"episode_id": "39052", "start_position": [3.992997646331787, 3.056049346923828, -0.49992069602012634], "start_rotation": [0, 0.6744634553180234, 0, 0.7383082333554682]}