{"episode_id": "895", "start_position": [-9.299955368041992, 0.17635054886341095, -0.9878507256507874], "start_rotation": [0, 0.8253417934517429, 0, -0.5646334421391108]}