{"episode_id": "35758", "start_position": [2.868459701538086, 0.18360306322574615, 0.4213908910751343], "start_rotation": [0, 0.8502986752800077, 0, 0.5263004491894948]}