{"episode_id": "53229", "start_position": [-7.01027774810791, 0.17923279106616974, 0.3670175075531006], "start_rotation": [0, 0.6521210809232199, 0, -0.7581148302305735]}