{"episode_id": "56673", "start_position": [-3.632016658782959, 0.16511733829975128, 0.3990679085254669], "start_rotation": [0, 0.6373741682628012, 0, 0.7705544559804338]}