{"episode_id": "63729", "start_position": [0.31358787417411804, 0.15562696754932404, 2.276128053665161], "start_rotation": [0, 0.7814232356017563, 0, -0.6240013837017367]}