{"episode_id": "32528", "start_position": [-1.859255075454712, 0.17002512514591217, 0.21575084328651428], "start_rotation": [0, 0.8221036163771268, 0, 0.5693378996164316]}