{"episode_id": "67557", "start_position": [2.636571168899536, 0.18128342926502228, 5.855770587921143], "start_rotation": [0, 0.06751501791208486, 0, -0.9977182580048993]}