{"episode_id": "18353", "start_position": [-9.190664291381836, 3.683565139770508, -5.177058219909668], "start_rotation": [0, 0.5240238278478176, 0, -0.8517036032844529]}