{"episode_id": "9101", "start_position": [-2.717987537384033, 0.1672901213169098, -3.8165881633758545], "start_rotation": [0, 0.3946454235421362, 0, 0.9188334939896607]}