{"episode_id": "22358", "start_position": [-6.796200275421143, 0.062041521072387695, -0.6204301714897156], "start_rotation": [0, 0.34955301755369705, 0, 0.9369165853581122]}