{"episode_id": "34087", "start_position": [-7.592924118041992, 0.03310127556324005, -3.0871317386627197], "start_rotation": [0, 0.9982988858506039, 0, 0.05830381213473835]}