{"episode_id": "68010", "start_position": [-0.9595730900764465, 0.12770643830299377, 5.9659318923950195], "start_rotation": [0, 0.49465024172298255, 0, 0.8690921345653722]}