{"episode_id": "61548", "start_position": [6.12153434753418, 0.1005861759185791, -3.174201726913452], "start_rotation": [0, 0.3054827218434214, 0, 0.9521976195386832]}