{"episode_id": "46741", "start_position": [2.876908779144287, -2.943950891494751, 0.8122231960296631], "start_rotation": [0, 0.8940501774364412, 0, 0.4479668293812255]}