{"episode_id": "26322", "start_position": [-1.2182934284210205, 0.00017642974853515625, -1.1957712173461914], "start_rotation": [0, 0.2853495867485836, 0, -0.9584235041683883]}