{"episode_id": "13857", "start_position": [-7.0839362144470215, 0.17923279106616974, 1.1566288471221924], "start_rotation": [0, 0.8153751102985771, 0, 0.578933009514558]}