{"episode_id": "11744", "start_position": [-1.679802656173706, 0.12114477157592773, -0.010931842029094696], "start_rotation": [0, 0.3912398860480778, 0, -0.9202887327165791]}