{"episode_id": "13357", "start_position": [-1.0641841888427734, 0.044724658131599426, 3.280646324157715], "start_rotation": [0, 0.4100990928962744, 0, -0.9120409716704908]}