{"episode_id": "10301", "start_position": [-3.2555127143859863, 0.10523267090320587, -0.5578229427337646], "start_rotation": [0, 0.9935888519894719, 0, 0.11305393934862783]}