{"episode_id": "54316", "start_position": [-3.8191111087799072, 0.1005861759185791, -2.659804582595825], "start_rotation": [0, 0.5423161893122532, 0, 0.840174476409416]}