{"episode_id": "68161", "start_position": [-1.5175453424453735, 0.025033235549926758, -3.495251417160034], "start_rotation": [0, 0.8738216274180132, 0, -0.4862466076555547]}