{"episode_id": "55160", "start_position": [2.2885422706604004, 0.014962434768676758, 8.450035095214844], "start_rotation": [0, 0.5426780809452991, 0, 0.8399407719961731]}