{"episode_id": "15975", "start_position": [-0.4497074484825134, 0.17002512514591217, 2.1405961513519287], "start_rotation": [0, 0.13755019265278157, 0, -0.990494797816315]}