{"episode_id": "41536", "start_position": [-4.964510917663574, 0.10841822624206543, -3.567960500717163], "start_rotation": [0, 0.9671551168237281, 0, 0.2541868997444218]}