{"episode_id": "59987", "start_position": [-7.493252754211426, 3.1434075832366943, -1.076010823249817], "start_rotation": [0, 0.6614765630672811, 0, 0.7499658368970531]}