{"episode_id": "64769", "start_position": [3.1738340854644775, 0.14657917618751526, 2.921617031097412], "start_rotation": [0, 0.5922622316311719, 0, 0.8057452754954658]}