{"episode_id": "64353", "start_position": [-4.003208160400391, -0.03270988166332245, 9.033516883850098], "start_rotation": [0, 0.4939011314741071, 0, 0.8695180690063875]}