{"episode_id": "32494", "start_position": [0.31557703018188477, 0.12194900214672089, 1.6302238702774048], "start_rotation": [0, 0.24215909785363365, 0, -0.9702365543137994]}