{"episode_id": "45682", "start_position": [0.5911552906036377, 0.12194900214672089, 0.8803895711898804], "start_rotation": [0, 0.9011948835220203, 0, -0.4334140998095613]}