{"episode_id": "27287", "start_position": [-0.5223296880722046, 0.15289896726608276, 0.6418551802635193], "start_rotation": [0, 0.6540022352968516, 0, 0.756492614786636]}