{"episode_id": "65875", "start_position": [-8.662338256835938, 0.1672901213169098, 1.925303339958191], "start_rotation": [0, 0.6311088577555973, 0, -0.7756942758989687]}