{"episode_id": "5636", "start_position": [-4.545773029327393, 0.16646166145801544, 0.43424883484840393], "start_rotation": [0, 0.09901782728523445, 0, 0.9950856595689195]}