{"episode_id": "63801", "start_position": [-0.22511358559131622, -2.251810073852539, -1.6730821132659912], "start_rotation": [0, 0.2404945112252984, 0, -0.9706504984135663]}