{"episode_id": "31042", "start_position": [7.224015235900879, 0.14657917618751526, 6.875513076782227], "start_rotation": [0, 0.9574988112287665, 0, -0.28843721413073437]}