{"episode_id": "30859", "start_position": [5.960928916931152, 0.09678955376148224, -4.99022912979126], "start_rotation": [0, 0.8738350163617535, 0, -0.48622254593966935]}