{"episode_id": "1300", "start_position": [-4.264333724975586, 0.12114477157592773, -5.656365394592285], "start_rotation": [0, 0.8120729078899992, 0, -0.5835559889771339]}