{"episode_id": "58173", "start_position": [5.53950834274292, 0.09678955376148224, -4.358210563659668], "start_rotation": [0, 0.09603968911838721, 0, 0.9953775053285279]}