{"episode_id": "43721", "start_position": [2.5833182334899902, 0.18321557343006134, -0.7037160396575928], "start_rotation": [0, 0.05232065468464822, 0, -0.9986303365577124]}