{"episode_id": "53322", "start_position": [0.2094637155532837, -2.8849050998687744, 2.9173665046691895], "start_rotation": [0, 0.06838104914581723, 0, 0.9976592765657608]}