{"episode_id": "40788", "start_position": [-0.6548367738723755, 0.014962434768676758, 5.422060489654541], "start_rotation": [0, 0.960915577302349, 0, 0.2768415671420989]}