{"episode_id": "404", "start_position": [-0.012501046061515808, 0.28218579292297363, -1.8455945253372192], "start_rotation": [0, 0.504982564573262, 0, 0.863129543855968]}