{"episode_id": "31606", "start_position": [0.957904577255249, 0.17635054886341095, 1.7062444686889648], "start_rotation": [0, 0.27314116850404907, 0, 0.9619739612215304]}