{"episode_id": "15684", "start_position": [1.3750413656234741, 0.14570780098438263, -1.2248238325119019], "start_rotation": [0, 0.7097427911039078, 0, -0.7044609076989543]}