{"episode_id": "39243", "start_position": [-2.9474105834960938, 0.2227790802717209, 0.425192266702652], "start_rotation": [0, 0.455626831904783, 0, -0.8901708768817427]}