{"episode_id": "32514", "start_position": [-1.8456838130950928, 0.12194900214672089, 0.5275350213050842], "start_rotation": [0, 0.9476239277348272, 0, 0.31938830846544636]}