{"episode_id": "62109", "start_position": [1.80010986328125, 2.8279411792755127, -1.7421354055404663], "start_rotation": [0, 0.6888376350087145, 0, -0.7249156589532337]}