{"episode_id": "56776", "start_position": [0.34594079852104187, 0.08076925575733185, -5.3007025718688965], "start_rotation": [0, 0.9860440267644667, 0, 0.16648476591603145]}