{"episode_id": "68360", "start_position": [-4.614626884460449, 0.15562696754932404, 0.3611677885055542], "start_rotation": [0, 0.17004418149609937, 0, -0.9854364395227739]}