{"episode_id": "56475", "start_position": [-5.594408988952637, 1.5970072746276855, -5.104827880859375], "start_rotation": [0, 0.9993958840283443, 0, 0.03475438083471021]}