{"episode_id": "3351", "start_position": [-2.8985912799835205, 0.15165157616138458, 3.1268701553344727], "start_rotation": [0, 0.6221275802417477, 0, 0.7829158791993861]}