{"episode_id": "65157", "start_position": [7.388058662414551, 0.17970331013202667, -3.344085693359375], "start_rotation": [0, 0.7635911249134608, 0, -0.6457000804966618]}