{"episode_id": "54537", "start_position": [-3.017503499984741, 0.17923279106616974, 3.8940913677215576], "start_rotation": [0, 0.9713849646750284, 0, -0.23751052693153146]}