{"episode_id": "11893", "start_position": [0.18715247511863708, 0.17000891268253326, -3.3488948345184326], "start_rotation": [0, 0.9134812572191605, 0, 0.4068808089714996]}