{"episode_id": "14293", "start_position": [-9.746248245239258, -0.0029926300048828125, -2.94372820854187], "start_rotation": [0, 0.9892642596231597, 0, -0.14613769066275023]}