{"episode_id": "5410", "start_position": [1.3172639608383179, 0.14340916275978088, -7.240561485290527], "start_rotation": [0, 0.9039292535634446, 0, -0.4276820133606672]}