{"episode_id": "66995", "start_position": [-0.48015096783638, 0.17923279106616974, -0.05861850827932358], "start_rotation": [0, 0.5148269749630499, 0, 0.857294106972861]}