{"episode_id": "25342", "start_position": [-0.3139477074146271, 0.014962434768676758, 5.146789073944092], "start_rotation": [0, 0.6657315157251272, 0, 0.7461913621654466]}