{"episode_id": "59399", "start_position": [4.707007884979248, 0.18128342926502228, 4.224356651306152], "start_rotation": [0, 0.9408633389190117, 0, 0.3387863301229387]}