{"episode_id": "1063", "start_position": [-3.2988600730895996, 0.15964920818805695, 1.3923356533050537], "start_rotation": [0, 0.9999999891844613, 0, -0.00014707507358386248]}