{"episode_id": "11438", "start_position": [-2.1802377700805664, 0.03310127556324005, -4.1837592124938965], "start_rotation": [0, 0.7763475702005851, 0, -0.6303050453896492]}