{"episode_id": "44857", "start_position": [-1.6792020797729492, 0.23138238489627838, 5.102073669433594], "start_rotation": [0, 0.45825684018339574, 0, -0.8888198177499924]}