{"episode_id": "43481", "start_position": [-12.395029067993164, 0.11653251200914383, -3.2443113327026367], "start_rotation": [0, 0.17718342682209878, 0, 0.984177846356835]}