{"episode_id": "53676", "start_position": [0.457907497882843, 0.08356514573097229, -14.058528900146484], "start_rotation": [0, 0.8983228797101833, 0, -0.43933586672294744]}