{"episode_id": "55774", "start_position": [2.7284510135650635, 0.15289896726608276, -0.8028011918067932], "start_rotation": [0, 0.9612730854327229, 0, 0.2755976328320926]}