{"episode_id": "60078", "start_position": [-0.6969928741455078, 3.1651172637939453, 0.3632500171661377], "start_rotation": [0, 0.3195294431904049, 0, -0.9475763478128978]}