{"episode_id": "17053", "start_position": [-8.231337547302246, 0.1672901213169098, 5.4844770431518555], "start_rotation": [0, 0.9366734177838021, 0, -0.35020409537469854]}