{"episode_id": "14968", "start_position": [0.4237806797027588, 1.5970072746276855, -3.947831392288208], "start_rotation": [0, 0.9969341365234201, 0, -0.07824530295361341]}