{"episode_id": "66021", "start_position": [2.151583194732666, 0.18128342926502228, -0.028761863708496094], "start_rotation": [0, 0.6574425955867648, 0, 0.7535046340322916]}