{"episode_id": "47302", "start_position": [-4.352546691894531, 0.08820843696594238, 6.623801231384277], "start_rotation": [0, 0.8670162842923776, 0, -0.49827980369651637]}