{"episode_id": "25286", "start_position": [1.1664528846740723, 0.14570780098438263, -1.1462128162384033], "start_rotation": [0, 0.26381979047060744, 0, -0.9645719870263934]}