{"episode_id": "41803", "start_position": [3.4919910430908203, -2.967862606048584, -5.155169486999512], "start_rotation": [0, 0.7916427258778012, 0, -0.6109842834024166]}