{"episode_id": "895", "start_position": [5.236604690551758, 0.09678955376148224, 0.9261658191680908], "start_rotation": [0, 0.012376984540544743, 0, -0.9999234021932295]}