{"episode_id": "28424", "start_position": [-9.688312530517578, 0.062041521072387695, -0.9339840412139893], "start_rotation": [0, 0.608812142145829, 0, -0.7933144241571604]}