{"episode_id": "31930", "start_position": [2.9292449951171875, 2.365107297897339, -3.8125152587890625], "start_rotation": [0, 0.09672584693516778, 0, 0.995311062198484]}