{"episode_id": "41569", "start_position": [0.957285463809967, 0.17970331013202667, -2.843132972717285], "start_rotation": [0, 0.29246453211009904, 0, -0.9562763708560517]}