{"episode_id": "32734", "start_position": [-0.18513917922973633, 0.17949719727039337, 2.1640162467956543], "start_rotation": [0, 0.20874757445474681, 0, 0.9779695548222653]}