{"episode_id": "50118", "start_position": [0.068860724568367, 0.23514866828918457, 8.281846046447754], "start_rotation": [0, 0.9469681568585683, 0, -0.32132741852491536]}