{"episode_id": "47157", "start_position": [-3.0911574363708496, 0.20017647743225098, 1.8335316181182861], "start_rotation": [0, 0.8758164019487923, 0, -0.4826444137017143]}