{"episode_id": "37619", "start_position": [-3.9404962062835693, 0.16646166145801544, 1.5874661207199097], "start_rotation": [0, 0.8331798074028111, 0, 0.5530021776957253]}