{"episode_id": "65418", "start_position": [-0.6232940554618835, 2.365107297897339, -5.522919654846191], "start_rotation": [0, 0.7929766311011436, 0, -0.6092520517220118]}