{"episode_id": "56216", "start_position": [-1.5766757726669312, 0.1662864238023758, -1.7990272045135498], "start_rotation": [0, 0.725071246562599, 0, 0.6886738614236486]}