{"episode_id": "9956", "start_position": [0.21745148301124573, -2.511791467666626, -0.0010292977094650269], "start_rotation": [0, 0.8553557523223735, 0, -0.5180410572232924]}