{"episode_id": "10974", "start_position": [-2.012214183807373, 0.15289896726608276, 0.5661050081253052], "start_rotation": [0, 0.5150574437553365, 0, 0.8571556624279038]}