{"episode_id": "53307", "start_position": [-13.177142143249512, 0.08901678025722504, -0.22377830743789673], "start_rotation": [0, 0.6752567825601185, 0, 0.7375827259410004]}