{"episode_id": "57043", "start_position": [-1.7758386135101318, 0.1649409383535385, -1.5312345027923584], "start_rotation": [0, 0.5059347657189198, 0, -0.8625717435882894]}