{"episode_id": "38825", "start_position": [-4.564831733703613, 0.14340916275978088, -6.102138996124268], "start_rotation": [0, 0.09447858188134381, 0, 0.9955268944461974]}