{"episode_id": "54183", "start_position": [4.812560558319092, 0.14657917618751526, 10.222570419311523], "start_rotation": [0, 0.24350365618285777, 0, -0.9698999790831943]}