{"episode_id": "40311", "start_position": [-2.086361885070801, 0.17923279106616974, -0.27767840027809143], "start_rotation": [0, 0.6034801285152478, 0, -0.7973780373745065]}