{"episode_id": "47537", "start_position": [-4.432771682739258, 0.15964920818805695, 5.471444606781006], "start_rotation": [0, 0.9578699349572788, 0, -0.28720234627338714]}