{"episode_id": "12694", "start_position": [-7.612607479095459, 3.683565139770508, -8.238828659057617], "start_rotation": [0, 0.8502088638991343, 0, -0.5264455221077898]}