{"episode_id": "31640", "start_position": [-1.1188338994979858, 0.0701034814119339, 5.351631164550781], "start_rotation": [0, 0.35638881833346175, 0, -0.9343377388112282]}