{"episode_id": "13857", "start_position": [-6.110286712646484, 0.12324567139148712, 0.2660345137119293], "start_rotation": [0, 0.9094989406893563, 0, -0.41570623868897943]}