{"episode_id": "40021", "start_position": [-0.9931259155273438, 0.0701034814119339, 2.0796735286712646], "start_rotation": [0, 0.5749492400364389, 0, 0.8181890804584973]}