{"episode_id": "36239", "start_position": [-1.9568036794662476, 0.10841822624206543, 6.015765190124512], "start_rotation": [0, 0.8337340596509062, 0, -0.552166204849608]}