{"episode_id": "15284", "start_position": [2.3225820064544678, 0.16243858635425568, -1.2216066122055054], "start_rotation": [0, 0.5992465550675825, 0, 0.8005645297161464]}