{"episode_id": "11744", "start_position": [-0.9478569030761719, 0.16646166145801544, -3.4028615951538086], "start_rotation": [0, 0.9999802592517593, 0, -0.006283399301669857]}