{"episode_id": "32429", "start_position": [0.2922649681568146, 0.1005861759185791, 0.8136844635009766], "start_rotation": [0, 0.8780850974953145, 0, -0.47850450526264027]}