{"episode_id": "65902", "start_position": [0.6440713405609131, 0.16243858635425568, 0.19733062386512756], "start_rotation": [0, 0.7056045882281257, 0, 0.7086057896118386]}