{"episode_id": "55319", "start_position": [1.9357548952102661, 0.1887628585100174, 3.41383695602417], "start_rotation": [0, 0.5830119947541056, 0, 0.8124635462424383]}