{"episode_id": "9888", "start_position": [9.396780014038086, 0.1712377965450287, 2.6050405502319336], "start_rotation": [0, 0.9261549843630689, 0, -0.37714313587740633]}