{"episode_id": "19697", "start_position": [1.709871530532837, 0.18463699519634247, -0.6325856447219849], "start_rotation": [0, 0.9863283016213976, 0, 0.16479223713709748]}