{"episode_id": "1819", "start_position": [-7.580658912658691, 0.08820843696594238, 6.442676544189453], "start_rotation": [0, 0.9839492761607229, 0, -0.1784483733262632]}