{"episode_id": "45199", "start_position": [-0.34059229493141174, 0.18128342926502228, 5.45647668838501], "start_rotation": [0, 0.34166932806345013, 0, 0.9398202329491904]}