{"episode_id": "66707", "start_position": [-3.523040771484375, 0.03310127556324005, -4.85503625869751], "start_rotation": [0, 0.6058875221751785, 0, -0.7955503192585763]}