{"episode_id": "51859", "start_position": [-9.14761734008789, 0.062041521072387695, -4.694890022277832], "start_rotation": [0, 0.999298441201635, 0, 0.03745164097850052]}