{"episode_id": "32224", "start_position": [-3.7032597064971924, 0.1514829844236374, 0.9052954316139221], "start_rotation": [0, 0.5425917030542228, 0, -0.83999657366963]}