{"episode_id": "15707", "start_position": [2.0193090438842773, 0.15562696754932404, 2.4989681243896484], "start_rotation": [0, 0.609296982948228, 0, -0.7929421079563039]}