{"episode_id": "31753", "start_position": [-5.217723369598389, -2.511791467666626, -0.37999871373176575], "start_rotation": [0, 0.49859596135557493, 0, -0.8668345097652205]}