{"episode_id": "55164", "start_position": [0.4344314932823181, 3.1651172637939453, -1.4181530475616455], "start_rotation": [0, 0.8792597653446188, 0, -0.4763425920974587]}