{"episode_id": "45236", "start_position": [6.919233798980713, 0.16210241615772247, 1.7060281038284302], "start_rotation": [0, 0.38910528318756044, 0, 0.9211932905723578]}