{"episode_id": "18863", "start_position": [-3.27827787399292, 0.03310127556324005, -10.648069381713867], "start_rotation": [0, 0.9933349649712674, 0, 0.1152633825875808]}