{"episode_id": "50689", "start_position": [-7.821987628936768, 3.683565139770508, -0.38756993412971497], "start_rotation": [0, 0.12529154520473132, 0, -0.9921199668891917]}