{"episode_id": "24217", "start_position": [2.5135416984558105, -2.699413776397705, -0.12706799805164337], "start_rotation": [0, 0.03914227372973102, 0, 0.9992336475555988]}