{"episode_id": "25337", "start_position": [-4.1121506690979, -1.0029926300048828, -3.6696319580078125], "start_rotation": [0, 0.9254744313896064, 0, 0.3788100801775009]}