{"episode_id": "44923", "start_position": [-1.0850814580917358, 0.1662864238023758, -1.6804734468460083], "start_rotation": [0, 0.6598278830086971, 0, 0.7514167717081254]}