{"episode_id": "55681", "start_position": [2.735060214996338, 0.18321557343006134, -0.26793837547302246], "start_rotation": [0, 0.7451038476309034, 0, 0.6669484659594198]}