{"episode_id": "59510", "start_position": [0.7454691529273987, 3.683565139770508, -8.743598937988281], "start_rotation": [0, 0.2894815986704992, 0, -0.9571835790647331]}