{"episode_id": "45533", "start_position": [-4.223145961761475, 0.18321557343006134, -0.4823284149169922], "start_rotation": [0, 0.37939098442818553, 0, 0.9252364459610377]}