{"episode_id": "24492", "start_position": [-0.060395389795303345, 0.14657917618751526, 1.548379898071289], "start_rotation": [0, 0.8463340654749898, 0, 0.5326524660757478]}