{"episode_id": "35963", "start_position": [-1.9162182807922363, 0.09678955376148224, -3.975156307220459], "start_rotation": [0, 0.9988232734365075, 0, -0.048498128227590837]}