{"episode_id": "50055", "start_position": [4.331205368041992, 0.014962434768676758, 7.215097904205322], "start_rotation": [0, 0.9995935442935411, 0, 0.028508704051159194]}