{"episode_id": "54085", "start_position": [-0.7964503765106201, 0.12114477157592773, -7.3780317306518555], "start_rotation": [0, 0.17744225281449433, 0, 0.9841312142779117]}