{"episode_id": "45431", "start_position": [1.6732373237609863, 0.15289896726608276, 1.439306616783142], "start_rotation": [0, 0.8081490161601749, 0, 0.5889780706268625]}