{"episode_id": "40439", "start_position": [0.9609013199806213, 0.18145985901355743, -4.476656913757324], "start_rotation": [0, 0.7417425999927806, 0, 0.670684661637606]}