{"episode_id": "10031", "start_position": [-2.906316041946411, 0.14657917618751526, -5.084897994995117], "start_rotation": [0, 0.11629147054863713, 0, 0.993215129706367]}