{"episode_id": "12615", "start_position": [2.3758387565612793, 0.1887628585100174, 3.7690908908843994], "start_rotation": [0, 0.991244685439553, 0, 0.1320377733371839]}