{"episode_id": "16394", "start_position": [-12.122771263122559, 0.14771485328674316, 9.696181297302246], "start_rotation": [0, 0.8937447694311002, 0, 0.4485758432133296]}