{"episode_id": "14073", "start_position": [-0.2840921878814697, 0.061573997139930725, -0.9318294525146484], "start_rotation": [0, 0.06153528643176139, 0, 0.9981049085761281]}