{"episode_id": "46906", "start_position": [-0.3004992604255676, 3.0807693004608154, -7.528745651245117], "start_rotation": [0, 0.7335845529728854, 0, 0.6795981927871585]}