{"episode_id": "22490", "start_position": [2.4186229705810547, 3.1651172637939453, 0.7130095362663269], "start_rotation": [0, 0.9997048140204197, 0, 0.02429577791300821]}