{"episode_id": "59225", "start_position": [0.8225191235542297, 2.7814598083496094, 0.6354166269302368], "start_rotation": [0, 0.6196154663614308, 0, 0.7849055190567248]}