{"episode_id": "32681", "start_position": [-5.059719085693359, 0.1514829844236374, 1.265580654144287], "start_rotation": [0, 0.05261622689923608, 0, -0.9986148069535561]}