{"episode_id": "47007", "start_position": [-2.4516985416412354, 0.1761782467365265, 0.9066558480262756], "start_rotation": [0, 0.8164098807648712, 0, -0.5774728622104149]}