{"episode_id": "27803", "start_position": [-6.838971138000488, 1.5970072746276855, -4.530937671661377], "start_rotation": [0, 0.9979078276492443, 0, -0.06465266828496824]}