{"episode_id": "60276", "start_position": [-6.354004383087158, 0.16511733829975128, -1.8995380401611328], "start_rotation": [0, 0.22731884777803033, 0, 0.9738203845909514]}