{"episode_id": "18703", "start_position": [1.7199068069458008, 0.18321557343006134, -2.706782817840576], "start_rotation": [0, 0.729234996223485, 0, -0.6842633413262279]}