{"episode_id": "40962", "start_position": [2.1530582904815674, 0.014962434768676758, 1.6979953050613403], "start_rotation": [0, 0.07059877941672862, 0, 0.9975047931438065]}