{"episode_id": "52620", "start_position": [-4.552257537841797, 0.044724658131599426, 3.418184995651245], "start_rotation": [0, 0.9885738734138225, 0, -0.15073717790774654]}