{"episode_id": "16407", "start_position": [0.18071186542510986, 0.08820843696594238, 7.231548309326172], "start_rotation": [0, 0.9784633676687422, 0, -0.20642053708471902]}