{"episode_id": "20847", "start_position": [-2.150296926498413, 0.1719042807817459, -0.20980329811573029], "start_rotation": [0, 0.9536995568359613, 0, -0.3007609603836425]}