{"episode_id": "23192", "start_position": [4.531266212463379, 0.31489819288253784, -0.3699168264865875], "start_rotation": [0, 0.8777355751408701, 0, -0.47914534343153753]}