{"episode_id": "48979", "start_position": [-9.809256553649902, 0.17923279106616974, 3.7574985027313232], "start_rotation": [0, 0.35917187700440667, 0, 0.9332714303830003]}