{"episode_id": "57384", "start_position": [-1.870981216430664, 0.16243858635425568, 1.1994073390960693], "start_rotation": [0, 0.9993494668993164, 0, -0.036064428569606725]}