{"episode_id": "61192", "start_position": [-0.22210407257080078, -2.943950891494751, -3.0643749237060547], "start_rotation": [0, 0.29857507128035826, 0, -0.9543861518326473]}