{"episode_id": "34783", "start_position": [5.191147327423096, 0.09666875749826431, 6.62457275390625], "start_rotation": [0, 0.8052206714919472, 0, -0.5929752694691892]}