{"episode_id": "9026", "start_position": [-0.6817429661750793, 0.1751515418291092, -3.173093795776367], "start_rotation": [0, 0.9555525759851086, 0, 0.2948207498264383]}