{"episode_id": "45442", "start_position": [-0.5358294248580933, 0.1590443104505539, -0.179967999458313], "start_rotation": [0, 0.9571895620129413, 0, -0.2894618150524757]}