{"episode_id": "8051", "start_position": [-3.6120290756225586, 3.683565139770508, 1.020880937576294], "start_rotation": [0, 0.9896921445280937, 0, 0.14321123929141494]}