{"episode_id": "13608", "start_position": [1.4095075130462646, 0.08356514573097229, -0.9575929045677185], "start_rotation": [0, 0.08202293941209085, 0, -0.9966304417436789]}