{"episode_id": "33415", "start_position": [-0.2676463723182678, 0.16243858635425568, 1.3184651136398315], "start_rotation": [0, 0.9875168700344739, 0, -0.15751327371785545]}