{"episode_id": "24462", "start_position": [1.6853947639465332, 0.12114477157592773, -1.8462214469909668], "start_rotation": [0, 0.9142991542120407, 0, -0.40503957412473557]}