{"episode_id": "7305", "start_position": [-0.8415316343307495, 0.08820843696594238, 3.005469799041748], "start_rotation": [0, 0.9638356531321196, 0, 0.2664973428598876]}