{"episode_id": "14293", "start_position": [3.673499822616577, 0.18360306322574615, -5.966644287109375], "start_rotation": [0, 0.3030050623755089, 0, -0.9529889465124]}