{"episode_id": "62599", "start_position": [0.583910346031189, -2.852285146713257, -0.8405316472053528], "start_rotation": [0, 0.8993638413314384, 0, 0.4372009616933148]}