{"episode_id": "11578", "start_position": [-5.19719123840332, 0.16511733829975128, 0.7298778295516968], "start_rotation": [0, 0.3490205091751126, 0, -0.9371150858753396]}