{"episode_id": "67950", "start_position": [-3.5164506435394287, 0.03514885902404785, 6.684099197387695], "start_rotation": [0, 0.35054280326976445, 0, -0.9365467116357706]}