{"episode_id": "45804", "start_position": [1.5564768314361572, 0.18321557343006134, -5.218194961547852], "start_rotation": [0, 0.5474732940041716, 0, 0.8368231547658214]}