{"episode_id": "16041", "start_position": [2.4260356426239014, 0.18128342926502228, -0.447510689496994], "start_rotation": [0, 0.14273558792154128, 0, -0.9897608559347515]}