{"episode_id": "40861", "start_position": [0.9054291844367981, 0.18360306322574615, -4.514124870300293], "start_rotation": [0, 0.041487827222793504, 0, -0.9991390094437969]}