{"episode_id": "2740", "start_position": [-2.3738911151885986, 2.576350688934326, -2.384420871734619], "start_rotation": [0, 0.9972313771928175, 0, 0.07436114806884411]}