{"episode_id": "33975", "start_position": [-2.9865822792053223, 0.16511733829975128, -1.2220940589904785], "start_rotation": [0, 0.25977702837399463, 0, -0.9656686261493519]}