{"episode_id": "35254", "start_position": [-2.752546787261963, 0.1649409383535385, 1.041923999786377], "start_rotation": [0, 0.9001075133214678, 0, 0.4356678373052614]}