{"episode_id": "34105", "start_position": [0.5392924547195435, 0.18128342926502228, 4.136448860168457], "start_rotation": [0, 0.8858731076953674, 0, -0.4639276204993102]}