{"episode_id": "36398", "start_position": [-6.5584797859191895, 0.11509490013122559, 2.962357521057129], "start_rotation": [0, 0.9997842529333165, 0, -0.020771316438061842]}