{"episode_id": "63574", "start_position": [0.9466913938522339, 3.3211450576782227, -2.611236810684204], "start_rotation": [0, 0.6095985647876546, 0, -0.7927102811297654]}