{"episode_id": "9463", "start_position": [-4.169968605041504, 0.1649409383535385, 0.9935098886489868], "start_rotation": [0, 0.9997707422066964, 0, 0.0214117497526841]}