{"episode_id": "66356", "start_position": [7.887906074523926, 0.17970331013202667, -0.2744266986846924], "start_rotation": [0, 0.8300796568673511, 0, 0.5576448361232987]}