{"episode_id": "60159", "start_position": [2.4232444763183594, 1.5974199771881104, -0.23736786842346191], "start_rotation": [0, 0.7790820107785928, 0, 0.6269220210530051]}