{"episode_id": "12456", "start_position": [6.555907726287842, 0.15289896726608276, 0.4912557005882263], "start_rotation": [0, 0.2799132623725239, 0, 0.9600252942230068]}