{"episode_id": "23741", "start_position": [-3.294741153717041, 0.10841822624206543, 5.0769267082214355], "start_rotation": [0, 0.818428622291866, 0, 0.5746082058354529]}