{"episode_id": "43804", "start_position": [-5.784849166870117, 0.08916586637496948, 8.427736282348633], "start_rotation": [0, 0.8874477915331506, 0, 0.4609082525871432]}