{"episode_id": "45344", "start_position": [-1.947572112083435, -2.511791467666626, 2.526916265487671], "start_rotation": [0, 0.24978296034239925, 0, -0.9683018500047325]}