{"episode_id": "8596", "start_position": [-5.735747337341309, 0.24669650197029114, 1.2522624731063843], "start_rotation": [0, 0.9998771364482898, 0, -0.015675203602126018]}