{"episode_id": "4329", "start_position": [6.384347915649414, 0.15289896726608276, 0.9726682305335999], "start_rotation": [0, 0.9999751075192841, 0, 0.00705580199525011]}