{"episode_id": "24840", "start_position": [-4.560394287109375, -2.1628668308258057, 0.1837177723646164], "start_rotation": [0, 0.27164491020061565, 0, 0.9623975492290592]}