{"episode_id": "13596", "start_position": [-6.2509613037109375, 0.08356514573097229, -4.544520854949951], "start_rotation": [0, 0.9315628675405152, 0, -0.3635802852461785]}