{"episode_id": "8343", "start_position": [-9.098957061767578, 0.062041521072387695, -3.0624237060546875], "start_rotation": [0, 0.9039295914707601, 0, 0.4276812991744024]}