{"episode_id": "50118", "start_position": [2.5406155586242676, 0.09678955376148224, -0.6166363954544067], "start_rotation": [0, 0.9339748251853625, 0, 0.3573388111022531]}