{"episode_id": "23746", "start_position": [-2.489621639251709, 0.17923279106616974, 4.9256134033203125], "start_rotation": [0, 0.4103268520795632, 0, -0.9119385255939548]}