{"episode_id": "50953", "start_position": [-4.773705959320068, 1.5970072746276855, -4.835758686065674], "start_rotation": [0, 0.9135935288951045, 0, -0.40662865609913657]}