{"episode_id": "52773", "start_position": [-0.7288631796836853, 0.17000891268253326, -0.06552143394947052], "start_rotation": [0, 0.45777064461763284, 0, 0.8890703216992213]}