{"episode_id": "49796", "start_position": [-9.609783172607422, 0.08356514573097229, -7.202033042907715], "start_rotation": [0, 0.9839078054060912, 0, 0.17867688843543592]}