{"episode_id": "14396", "start_position": [-1.651993989944458, 2.365107297897339, -1.2675957679748535], "start_rotation": [0, 0.9006787369973225, 0, -0.43448568759040607]}