{"episode_id": "35274", "start_position": [-3.2622928619384766, 0.17635054886341095, 0.41721177101135254], "start_rotation": [0, 0.11494277388481637, 0, 0.9933721149356186]}