{"episode_id": "6615", "start_position": [-2.027642250061035, 2.365107297897339, -5.774343013763428], "start_rotation": [0, 0.22833891555300678, 0, -0.9735817067119107]}