{"episode_id": "64184", "start_position": [0.3530515432357788, 0.12324567139148712, -0.6435294151306152], "start_rotation": [0, 0.9442636489428649, 0, 0.32919015976348104]}