{"episode_id": "28043", "start_position": [3.8953843116760254, 2.365107297897339, -1.0807580947875977], "start_rotation": [0, 0.8310115206253689, 0, 0.5562552045490561]}