{"episode_id": "39737", "start_position": [-3.7503530979156494, 0.1649409383535385, -1.2270091772079468], "start_rotation": [0, 0.06121161869379938, 0, -0.9981248107009889]}