{"episode_id": "43089", "start_position": [-9.89372730255127, 0.17923279106616974, 5.9104695320129395], "start_rotation": [0, 0.028867405117126044, 0, 0.9995832496204624]}