{"episode_id": "49595", "start_position": [-2.6551637649536133, 0.18128342926502228, 1.9121432304382324], "start_rotation": [0, 0.06730997170457736, 0, 0.9977321121970211]}