{"episode_id": "2657", "start_position": [-4.912619113922119, 0.14340916275978088, -4.9748215675354], "start_rotation": [0, 0.3165670565601599, 0, -0.9485701337807535]}