{"episode_id": "7962", "start_position": [-0.3865256905555725, 0.08820843696594238, -0.13116143643856049], "start_rotation": [0, 0.32602633643572404, 0, -0.9453606866959827]}