{"episode_id": "59360", "start_position": [1.8924710750579834, 0.16646166145801544, 1.037815809249878], "start_rotation": [0, 0.10453949283691472, 0, 0.9945207360519944]}