{"episode_id": "50527", "start_position": [-1.4105381965637207, 0.17635054886341095, 1.8853288888931274], "start_rotation": [0, 0.30575515655878893, 0, -0.952110174421905]}