{"episode_id": "64414", "start_position": [0.14815160632133484, 0.021137923002243042, -1.5874629020690918], "start_rotation": [0, 0.15575504122732808, 0, 0.9877957112339947]}