{"episode_id": "57109", "start_position": [-4.650041580200195, 0.17800255119800568, -3.7430009841918945], "start_rotation": [0, 0.9862412601384601, 0, -0.16531236130580887]}