{"episode_id": "38443", "start_position": [-8.705636978149414, 0.17000891268253326, 0.34769243001937866], "start_rotation": [0, 0.9999898168574475, 0, -0.0045128905823954004]}