{"episode_id": "26045", "start_position": [0.05590120702981949, 0.12324567139148712, -0.5045811533927917], "start_rotation": [0, 0.5624974818879818, 0, -0.8267989978644625]}