{"episode_id": "51370", "start_position": [4.115734577178955, 0.22260679304599762, -9.648771286010742], "start_rotation": [0, 0.9809486184198497, 0, -0.1942673622104033]}