{"episode_id": "64365", "start_position": [-0.48527443408966064, 0.16243858635425568, -0.44564998149871826], "start_rotation": [0, 0.7079938536865172, 0, -0.7062185944465881]}