{"episode_id": "25463", "start_position": [-1.5885663032531738, 3.683565139770508, -8.895496368408203], "start_rotation": [0, 0.7229161785989208, 0, 0.6909357413826074]}