{"episode_id": "4036", "start_position": [-0.7878299355506897, 0.1662864238023758, -1.9338438510894775], "start_rotation": [0, 0.7774064345866012, 0, 0.62899859734609]}