{"episode_id": "55843", "start_position": [0.9361253976821899, -1.0029926300048828, -3.499660015106201], "start_rotation": [0, 0.9610681058071752, 0, -0.27631159222915064]}