{"episode_id": "48458", "start_position": [1.671065330505371, 0.17002512514591217, -3.9195821285247803], "start_rotation": [0, 0.8551537754826025, 0, 0.5183744016421438]}