{"episode_id": "13596", "start_position": [-3.6145401000976562, 0.22873945534229279, 1.9444938898086548], "start_rotation": [0, 0.8751203893972738, 0, 0.48390526351876345]}