{"episode_id": "34513", "start_position": [-3.285294532775879, 0.1649409383535385, -0.9795393943786621], "start_rotation": [0, 0.9992163184757026, 0, 0.039582178968107104]}