{"episode_id": "65563", "start_position": [1.3369157314300537, 0.08076925575733185, -4.027866363525391], "start_rotation": [0, 0.07637730212384954, 0, 0.9970789877037236]}