{"episode_id": "46487", "start_position": [-8.527612686157227, 0.14340753853321075, 1.102888822555542], "start_rotation": [0, 0.9904669883701025, 0, 0.13775029927030744]}