{"episode_id": "64395", "start_position": [-1.2531473636627197, 0.23514866828918457, 7.619585990905762], "start_rotation": [0, 0.7619319077454586, 0, -0.6476571376580096]}