{"episode_id": "7179", "start_position": [-6.168633460998535, -2.511791467666626, 3.2778849601745605], "start_rotation": [0, 0.9453211025198602, 0, -0.32614109390053236]}