{"episode_id": "45704", "start_position": [0.6610509157180786, 0.16511733829975128, 1.2692861557006836], "start_rotation": [0, 0.9709660651372896, 0, -0.23921726599852444]}