{"episode_id": "39208", "start_position": [1.4072237014770508, 0.0826854258775711, -1.5732041597366333], "start_rotation": [0, 0.09447656231807437, 0, 0.9955270861069321]}