{"episode_id": "9512", "start_position": [-8.835366249084473, 0.17000891268253326, -2.645467758178711], "start_rotation": [0, 0.8260653849587167, 0, 0.5635742894889787]}