{"episode_id": "62385", "start_position": [1.4204673767089844, 0.044724658131599426, 5.7547149658203125], "start_rotation": [0, 0.6426092656508622, 0, -0.7661940561630973]}