{"episode_id": "61502", "start_position": [-0.2654153108596802, 0.1079498827457428, 6.2355146408081055], "start_rotation": [0, 0.25878620844592365, 0, -0.9659346242464771]}