{"episode_id": "38433", "start_position": [1.4843097925186157, 0.0701034814119339, -0.14037060737609863], "start_rotation": [0, 0.25103712525154137, 0, 0.9679774593168179]}