{"episode_id": "19097", "start_position": [-0.346337229013443, 0.1454610675573349, 1.9698867797851562], "start_rotation": [0, 0.4520838112792085, 0, 0.8919754635522577]}