{"episode_id": "42957", "start_position": [-9.042736053466797, 0.16689476370811462, 1.0264756679534912], "start_rotation": [0, 0.9284124239366593, 0, 0.37155130342936044]}