{"episode_id": "28021", "start_position": [0.36071357131004333, 0.17949719727039337, 6.996404647827148], "start_rotation": [0, 0.6245069583364514, 0, 0.781019243674158]}