{"episode_id": "43576", "start_position": [-2.9718267917633057, 0.1649409383535385, 0.8874979615211487], "start_rotation": [0, 0.5667844323728278, 0, 0.8238661342838479]}