{"episode_id": "41781", "start_position": [-8.367393493652344, 0.10841822624206543, 3.8598177433013916], "start_rotation": [0, 0.8683749335383512, 0, 0.495908232238853]}