{"episode_id": "45456", "start_position": [-2.9952683448791504, 0.18128342926502228, -0.6173450946807861], "start_rotation": [0, 0.999729447420162, 0, -0.02326009374395375]}