{"episode_id": "7064", "start_position": [-3.059952735900879, 0.17949719727039337, 5.250771999359131], "start_rotation": [0, 0.934493623671094, 0, -0.3559798692595801]}