{"episode_id": "450", "start_position": [-9.552818298339844, 0.11509490013122559, 4.795262813568115], "start_rotation": [0, 0.9784933938167556, 0, -0.20627815748878406]}