{"episode_id": "43012", "start_position": [2.139244318008423, 0.014962434768676758, 0.8965470194816589], "start_rotation": [0, 0.03213380955459538, 0, 0.9994835757947746]}