{"episode_id": "59903", "start_position": [-3.090864658355713, 0.17949719727039337, 8.99937629699707], "start_rotation": [0, 0.9079148976151923, 0, -0.4191545522696789]}