{"episode_id": "29797", "start_position": [0.7863460779190063, 0.17970331013202667, -3.02018404006958], "start_rotation": [0, 0.7986843331191429, 0, 0.6017502272787523]}