{"episode_id": "62761", "start_position": [-2.828279972076416, 0.15562696754932404, 4.035391807556152], "start_rotation": [0, 0.22963680299990713, 0, -0.9732763937895452]}