{"episode_id": "39834", "start_position": [-3.119460105895996, -1.002579927444458, 0.5920146107673645], "start_rotation": [0, 0.6904523848171779, 0, 0.7233778433849573]}