{"episode_id": "58595", "start_position": [-0.6430116891860962, -2.943950891494751, 3.308316469192505], "start_rotation": [0, 0.19330045289142453, 0, -0.9811396103062857]}