{"episode_id": "39289", "start_position": [1.7161301374435425, 0.14570780098438263, -0.23297584056854248], "start_rotation": [0, 0.9917062230011349, 0, -0.1285253564897732]}