{"episode_id": "17869", "start_position": [-1.401606559753418, 2.365107297897339, -7.659588813781738], "start_rotation": [0, 0.8569842892649346, 0, 0.5153425345855654]}