{"episode_id": "32818", "start_position": [0.9777458906173706, 0.13225048780441284, 5.082294464111328], "start_rotation": [0, 0.38577179084914004, 0, 0.9225942365878118]}