{"episode_id": "31075", "start_position": [-2.9161503314971924, 0.12194900214672089, 1.2241809368133545], "start_rotation": [0, 0.08555551906267163, 0, -0.9963334046181112]}