{"episode_id": "25093", "start_position": [2.0384793281555176, 0.16243858635425568, 1.2389183044433594], "start_rotation": [0, 0.6869530250070369, 0, -0.7267018242950002]}