{"episode_id": "49160", "start_position": [-7.31766939163208, 0.10841822624206543, 7.4912943840026855], "start_rotation": [0, 0.9434754386699442, 0, -0.3314424484379699]}