{"episode_id": "54085", "start_position": [-3.3362035751342773, 0.16646166145801544, -2.390402317047119], "start_rotation": [0, 0.08185290871327108, 0, 0.9966444207114075]}