{"episode_id": "56453", "start_position": [3.106748104095459, 0.09678955376148224, -1.9293200969696045], "start_rotation": [0, 0.8579182011376547, 0, -0.513786298140317]}