{"episode_id": "54068", "start_position": [-5.751518249511719, -2.8849050998687744, 2.106424570083618], "start_rotation": [0, 0.7226248544866428, 0, 0.6912404210389888]}