{"episode_id": "3512", "start_position": [0.6594051122665405, 1.5970072746276855, -3.749882459640503], "start_rotation": [0, 0.916397028499891, 0, 0.4002705162219295]}