{"episode_id": "62951", "start_position": [-1.9882539510726929, 3.1651172637939453, -0.140840083360672], "start_rotation": [0, 0.9329832111121369, 0, -0.35991989078527725]}