{"episode_id": "6712", "start_position": [3.503505229949951, 0.18128342926502228, 3.862215757369995], "start_rotation": [0, 0.6556099386368501, 0, -0.7550997340488113]}