{"episode_id": "7952", "start_position": [-0.33301955461502075, 0.17280900478363037, 7.026505470275879], "start_rotation": [0, 0.6845835329544825, 0, 0.7289344184544718]}