{"episode_id": "6092", "start_position": [5.154655933380127, 0.18360306322574615, -2.634600877761841], "start_rotation": [0, 0.6967348097927788, 0, 0.7173287982668899]}