{"episode_id": "60120", "start_position": [7.462989807128906, 0.17970331013202667, -3.4182846546173096], "start_rotation": [0, 0.984376254485765, 0, 0.17607779418363997]}