{"episode_id": "51204", "start_position": [1.1498135328292847, 1.662041425704956, 0.24872474372386932], "start_rotation": [0, 0.6144599886796236, 0, 0.7889479845413364]}