{"episode_id": "10466", "start_position": [0.07406657934188843, 1.662041425704956, -4.959875583648682], "start_rotation": [0, 0.6573495330743678, 0, -0.7535858221642114]}