{"episode_id": "32202", "start_position": [-8.307963371276855, 3.1434075832366943, 2.7497568130493164], "start_rotation": [0, 0.12959253294129064, 0, -0.9915673327645785]}