{"episode_id": "40231", "start_position": [-4.521200656890869, 0.18897661566734314, -3.5081627368927], "start_rotation": [0, 0.6770744114598024, 0, -0.735914561172941]}