{"episode_id": "58457", "start_position": [-9.860513687133789, 0.17702746391296387, 7.384864330291748], "start_rotation": [0, 0.1711254030567127, 0, 0.9852492559899133]}