{"episode_id": "54723", "start_position": [-2.0528032779693604, 0.12194900214672089, 1.0438858270645142], "start_rotation": [0, 0.17114934439057036, 0, 0.9852450973817012]}