{"episode_id": "21193", "start_position": [1.0572465658187866, 0.044724658131599426, 6.93448543548584], "start_rotation": [0, 0.2277197063758477, 0, 0.9737267251791427]}