{"episode_id": "34471", "start_position": [2.1492321491241455, 0.14570780098438263, -0.4031432271003723], "start_rotation": [0, 0.7466700240644993, 0, -0.6651946145027935]}