{"episode_id": "36393", "start_position": [-6.196751594543457, 0.17282123863697052, 2.976522922515869], "start_rotation": [0, 0.9426959819433287, 0, 0.3336529418840829]}