{"episode_id": "52143", "start_position": [-0.17331379652023315, -2.364851236343384, 3.8983144760131836], "start_rotation": [0, 0.2935420931965066, 0, -0.9559461488608098]}