{"episode_id": "34937", "start_position": [-6.945867538452148, -3.1122148036956787, -1.1250442266464233], "start_rotation": [0, 0.9825109117769898, 0, 0.18620501668630798]}