{"episode_id": "67190", "start_position": [10.998719215393066, 0.14657917618751526, 8.794458389282227], "start_rotation": [0, 0.5253582406249868, 0, 0.850881142702915]}