{"episode_id": "2593", "start_position": [-6.0795159339904785, 3.1434075832366943, -2.6918482780456543], "start_rotation": [0, 0.729737625273259, 0, 0.6837272835426011]}