{"episode_id": "10974", "start_position": [-2.1360526084899902, 0.17000891268253326, -2.4352827072143555], "start_rotation": [0, 0.2541970153589027, 0, -0.9671524581898274]}