{"episode_id": "30644", "start_position": [0.9257429838180542, 0.18360306322574615, -0.891390323638916], "start_rotation": [0, 0.0006030261778293303, 0, 0.9999998181796979]}