{"episode_id": "9183", "start_position": [2.880847454071045, 0.15562696754932404, 3.0766518115997314], "start_rotation": [0, 0.44078183829055495, 0, 0.8976142662821258]}