{"episode_id": "37298", "start_position": [-3.780066967010498, 0.17949719727039337, 0.3257973790168762], "start_rotation": [0, 0.6964612516837927, 0, 0.7175944013877511]}