{"episode_id": "49944", "start_position": [5.593958854675293, 0.18128342926502228, 4.301911354064941], "start_rotation": [0, 0.13145209279907075, 0, -0.9913225243576101]}