{"episode_id": "62905", "start_position": [0.10223706066608429, 0.1514829844236374, -2.1816153526306152], "start_rotation": [0, 0.6602812283927317, 0, -0.7510184414727679]}