{"episode_id": "21245", "start_position": [-2.5573859214782715, 0.18128342926502228, 3.2291440963745117], "start_rotation": [0, 0.17537969313539395, 0, 0.9845008701041026]}