{"episode_id": "47515", "start_position": [0.28605788946151733, -2.2229726314544678, 6.367194175720215], "start_rotation": [0, 0.9359436680323927, 0, 0.3521497554593362]}