{"episode_id": "22082", "start_position": [-8.210590362548828, 3.3589348793029785, 5.501523971557617], "start_rotation": [0, 0.8499893469245388, 0, -0.5267998767224571]}