{"episode_id": "62797", "start_position": [4.787103176116943, 0.17646045982837677, -6.742880821228027], "start_rotation": [0, 0.7793747148525367, 0, 0.6265581009360003]}