{"episode_id": "31606", "start_position": [0.7115581035614014, -2.364851236343384, 5.071632385253906], "start_rotation": [0, 0.8272502929331699, 0, -0.561833563292533]}