{"episode_id": "36393", "start_position": [-2.851942777633667, 0.044724658131599426, 6.17535400390625], "start_rotation": [0, 0.747328220304315, 0, 0.6644550632938132]}