{"episode_id": "31920", "start_position": [-2.9761862754821777, 0.23677313327789307, 0.6211782097816467], "start_rotation": [0, 0.27087767284806186, 0, 0.9626137783931925]}