{"episode_id": "19383", "start_position": [0.3066923916339874, 0.021137923002243042, 1.226907730102539], "start_rotation": [0, 0.9677469779079989, 0, 0.25192416864988393]}