{"episode_id": "13873", "start_position": [3.5184929370880127, 0.18321557343006134, -2.1797878742218018], "start_rotation": [0, 0.9029265264067626, 0, -0.42979493704674754]}