{"episode_id": "36619", "start_position": [-2.2167813777923584, 0.17002512514591217, -0.1294182986021042], "start_rotation": [0, 0.9494919822635784, 0, -0.31379129308695025]}