{"episode_id": "35866", "start_position": [4.829873085021973, 0.1887628585100174, 1.4522870779037476], "start_rotation": [0, 0.7584078221396644, 0, 0.6517803121584536]}