{"episode_id": "8592", "start_position": [-0.5353339910507202, 0.1672901213169098, 2.5835063457489014], "start_rotation": [0, 0.5001091211076509, 0, -0.865962393516562]}