{"episode_id": "32762", "start_position": [-3.313544750213623, 0.15964920818805695, 2.9652392864227295], "start_rotation": [0, 0.9832690144164487, 0, 0.18215939527925976]}