{"episode_id": "3061", "start_position": [2.195193290710449, 0.14570780098438263, -0.7359387874603271], "start_rotation": [0, 0.7499430358621175, 0, 0.661502413421078]}