{"episode_id": "212", "start_position": [4.739068031311035, 2.365107297897339, -4.346006393432617], "start_rotation": [0, 0.0823907400285277, 0, 0.9966001033300927]}