{"episode_id": "57617", "start_position": [8.936527252197266, -2.943950891494751, 2.4416937828063965], "start_rotation": [0, 0.6678097176303227, 0, 0.7443320368212755]}