{"episode_id": "11141", "start_position": [-0.08786311745643616, 0.16646166145801544, -3.306824207305908], "start_rotation": [0, 0.42907917683744834, 0, 0.9032668819371702]}