{"episode_id": "30754", "start_position": [0.37188512086868286, 0.14570780098438263, -0.23816563189029694], "start_rotation": [0, 0.998611989386022, 0, 0.052669674903985525]}