{"episode_id": "48030", "start_position": [-4.598645210266113, 0.08820843696594238, 5.7444682121276855], "start_rotation": [0, 0.5474412882792254, 0, 0.8368440929391698]}