{"episode_id": "31075", "start_position": [-3.6843295097351074, 0.11509490013122559, 4.931988716125488], "start_rotation": [0, 0.9937329485393157, 0, -0.11178026206516871]}