{"episode_id": "39575", "start_position": [0.7252614498138428, 0.14340916275978088, -0.48310327529907227], "start_rotation": [0, 0.8406955343290813, 0, 0.5415080964853068]}