{"episode_id": "1438", "start_position": [-3.9207818508148193, 0.15964920818805695, 3.2776432037353516], "start_rotation": [0, 0.9725826465903943, 0, -0.23255751020172225]}