{"episode_id": "37894", "start_position": [-6.210082054138184, 0.12324567139148712, -1.3800221681594849], "start_rotation": [0, 0.7732347109768382, 0, 0.6341199269385607]}