{"episode_id": "30605", "start_position": [-11.194448471069336, 0.14771485328674316, 9.853891372680664], "start_rotation": [0, 0.6764919613873892, 0, -0.7364500160759337]}