{"episode_id": "30760", "start_position": [1.7354844808578491, 0.1514829844236374, -1.5051566362380981], "start_rotation": [0, 0.7064358435911757, 0, 0.707777082766618]}