{"episode_id": "50325", "start_position": [-1.8618199825286865, 0.1649409383535385, -0.6684342622756958], "start_rotation": [0, 0.9952251907369389, 0, -0.09760542875590271]}