{"episode_id": "12949", "start_position": [0.900817334651947, 0.18463699519634247, 5.059317588806152], "start_rotation": [0, 0.790709169179781, 0, 0.6121919713415234]}