{"episode_id": "67079", "start_position": [-1.4497590065002441, 0.044724658131599426, 8.761869430541992], "start_rotation": [0, 0.5135444830572968, 0, -0.8580629720022964]}