{"episode_id": "33872", "start_position": [0.4273070991039276, 0.17800255119800568, -3.106238842010498], "start_rotation": [0, 0.30928342685247445, 0, 0.9509699058720996]}