{"episode_id": "10169", "start_position": [-1.0630725622177124, 0.14340916275978088, -6.5602874755859375], "start_rotation": [0, 0.4053898036654145, 0, -0.9141439203342746]}