{"episode_id": "21680", "start_position": [2.4926140308380127, 0.14657917618751526, 8.861098289489746], "start_rotation": [0, 0.7247820763428531, 0, 0.6889781867462443]}