{"episode_id": "64784", "start_position": [-1.5049026012420654, 2.44889497756958, -8.784639358520508], "start_rotation": [0, 0.9908152200930207, 0, -0.1352227777854717]}