{"episode_id": "25317", "start_position": [-6.566157817840576, 0.11509490013122559, 1.0863269567489624], "start_rotation": [0, 0.9608421838296233, 0, 0.27709618866653574]}