{"episode_id": "24263", "start_position": [2.210176706314087, 0.18463699519634247, 2.29379940032959], "start_rotation": [0, 0.9828667461282046, 0, 0.18431755031834476]}