{"episode_id": "64440", "start_position": [-6.61850118637085, 0.08076925575733185, -6.454872131347656], "start_rotation": [0, 0.7932363657112322, 0, -0.6089138429311951]}