{"episode_id": "41764", "start_position": [-1.655674695968628, 0.15165157616138458, 7.0844573974609375], "start_rotation": [0, 0.7368279206198547, 0, -0.6760803320575307]}