{"episode_id": "33725", "start_position": [0.9029558300971985, -2.2229726314544678, 8.624883651733398], "start_rotation": [0, 0.9148926343804166, 0, 0.4036972473976772]}