{"episode_id": "1844", "start_position": [0.40345486998558044, 0.12324567139148712, 0.8617665767669678], "start_rotation": [0, 0.3326007367242339, 0, 0.9430677334796779]}