{"episode_id": "37646", "start_position": [-4.815924644470215, 0.03150494769215584, -3.9884800910949707], "start_rotation": [0, 0.9916252298206493, 0, -0.12914876531792538]}