{"episode_id": "5054", "start_position": [0.7183453440666199, 0.16646166145801544, -1.2946895360946655], "start_rotation": [0, 0.999180486605792, 0, -0.040476600477472084]}