{"episode_id": "28704", "start_position": [-0.7672785520553589, 0.17949719727039337, 4.996302604675293], "start_rotation": [0, 0.9805480041779033, 0, -0.19627942200528942]}