{"episode_id": "16407", "start_position": [-4.113776683807373, -3.206120014190674, -0.5838167667388916], "start_rotation": [0, 0.920577753023251, 0, -0.3905593432996609]}