{"episode_id": "62767", "start_position": [-1.5970834493637085, 3.056049346923828, 3.0567169189453125], "start_rotation": [0, 0.9940502308469985, 0, 0.10892262645120639]}