{"episode_id": "49417", "start_position": [0.571780800819397, 0.17949719727039337, -1.2320107221603394], "start_rotation": [0, 0.9068260236995945, 0, 0.4215051159134162]}