{"episode_id": "42853", "start_position": [-0.0903644785284996, 0.1751515418291092, 2.608215570449829], "start_rotation": [0, 0.5996520344419778, 0, 0.8002608559648517]}