{"episode_id": "33153", "start_position": [-3.627716541290283, 0.12114477157592773, -6.004465103149414], "start_rotation": [0, 0.6511418720194658, 0, -0.7589560346311146]}