{"episode_id": "3881", "start_position": [1.3705750703811646, 2.365107297897339, -11.924287796020508], "start_rotation": [0, 0.9638274565137809, 0, -0.26652698563217914]}