{"episode_id": "39040", "start_position": [0.25572654604911804, 0.12324567139148712, -1.0690194368362427], "start_rotation": [0, 0.6468179039390183, 0, 0.7626444775542106]}