{"episode_id": "17872", "start_position": [-1.4984434843063354, 0.04896837845444679, 6.465652942657471], "start_rotation": [0, 0.9787060895245963, 0, 0.20526663227975722]}