{"episode_id": "48479", "start_position": [-4.825847625732422, -2.511791467666626, 2.2346417903900146], "start_rotation": [0, 0.8364461680461477, 0, -0.5480490926558638]}