{"episode_id": "61425", "start_position": [-1.5586974620819092, -2.511791467666626, 5.971970081329346], "start_rotation": [0, 0.03997307152442988, 0, 0.9992007573820703]}