{"episode_id": "47736", "start_position": [0.0653010904788971, 0.16243858635425568, 1.234272837638855], "start_rotation": [0, 0.6761141553433923, 0, -0.7367968844561513]}