{"episode_id": "23253", "start_position": [-3.6057796478271484, -2.511791467666626, 0.1295483410358429], "start_rotation": [0, 0.9953298480819078, 0, -0.09653234440976952]}