{"episode_id": "17904", "start_position": [8.841081619262695, -2.943950891494751, -2.4318060874938965], "start_rotation": [0, 0.8897476189339528, 0, 0.45645281749745126]}