{"episode_id": "42277", "start_position": [0.217702254652977, -2.3998236656188965, -1.5285429954528809], "start_rotation": [0, 0.12059758254015344, 0, -0.9927014773261249]}