{"episode_id": "21091", "start_position": [2.933612585067749, -2.364851236343384, 4.799749374389648], "start_rotation": [0, 0.39275098427552657, 0, 0.9196448577307466]}