{"episode_id": "28695", "start_position": [-3.318422555923462, 0.0701034814119339, 6.201286792755127], "start_rotation": [0, 0.851962490927653, 0, 0.5236028208980056]}