{"episode_id": "50744", "start_position": [1.1982526779174805, 0.0701034814119339, -1.3967877626419067], "start_rotation": [0, 0.5100096442086732, 0, -0.8601686827675967]}