{"episode_id": "40484", "start_position": [-4.598947048187256, 0.17000891268253326, -2.9012608528137207], "start_rotation": [0, 0.4845169876346224, 0, -0.8747818520599699]}