{"episode_id": "66917", "start_position": [-4.252865791320801, 0.17702746391296387, 1.520435094833374], "start_rotation": [0, 0.7068285069923678, 0, 0.7073849459120121]}