{"episode_id": "55957", "start_position": [4.085402965545654, 0.18321557343006134, -2.126300811767578], "start_rotation": [0, 0.9996162773603822, 0, 0.02770014505686585]}