{"episode_id": "42774", "start_position": [-1.6172065734863281, 0.17949719727039337, 0.6053282022476196], "start_rotation": [0, 0.2003256729763073, 0, 0.9797293630113316]}