{"episode_id": "62006", "start_position": [-1.4170081615447998, 0.1662864238023758, -1.725961685180664], "start_rotation": [0, 0.9586340488428309, 0, -0.28464145938215146]}