{"episode_id": "33619", "start_position": [4.786992073059082, -2.967862606048584, -5.295019626617432], "start_rotation": [0, 0.3164428200999367, 0, -0.9486115862707977]}