{"episode_id": "17900", "start_position": [-7.020562171936035, 0.20017647743225098, -5.857213497161865], "start_rotation": [0, 0.8963685228001452, 0, 0.4433096788172862]}