{"episode_id": "37646", "start_position": [1.0444217920303345, 0.17702746391296387, 1.6820735931396484], "start_rotation": [0, 0.9594588058118895, 0, -0.28184889559837384]}