{"episode_id": "11988", "start_position": [-8.505232810974121, 0.044724658131599426, 7.715888023376465], "start_rotation": [0, 0.9706672220138125, 0, -0.24042700369964265]}