{"episode_id": "10251", "start_position": [-1.8499031066894531, 0.1751515418291092, 2.2446372509002686], "start_rotation": [0, 0.2611597095672668, 0, 0.9652956055523825]}