{"episode_id": "21553", "start_position": [1.2467681169509888, 0.1887628585100174, 4.107934951782227], "start_rotation": [0, 0.07990959689419017, 0, -0.996802114927636]}