{"episode_id": "39054", "start_position": [-5.357452869415283, 0.15562696754932404, 3.5434234142303467], "start_rotation": [0, 0.9999102008862694, 0, 0.01340112545947268]}