{"episode_id": "54621", "start_position": [4.951134204864502, 0.021137923002243042, -0.2477422058582306], "start_rotation": [0, 0.692554621182093, 0, -0.7213654390663083]}