{"episode_id": "37234", "start_position": [-4.755410671234131, 0.15562696754932404, 1.3517118692398071], "start_rotation": [0, 0.543507081110925, 0, -0.8394045822976441]}