{"episode_id": "23716", "start_position": [3.8905177116394043, 0.19742000102996826, 14.58725643157959], "start_rotation": [0, 0.6789723109186864, 0, -0.7341638788484072]}