{"episode_id": "19370", "start_position": [-1.296594500541687, 0.14570780098438263, -5.2572479248046875], "start_rotation": [0, 0.8896509718061368, 0, 0.45664115929731564]}