{"episode_id": "10137", "start_position": [-0.5176219344139099, 1.5970072746276855, -4.578505992889404], "start_rotation": [0, 0.754553344974007, 0, 0.6562387138751701]}