{"episode_id": "22746", "start_position": [-0.9822957515716553, 0.23514866828918457, 10.032121658325195], "start_rotation": [0, 0.9997608347172097, 0, 0.021869461940070754]}