{"episode_id": "26423", "start_position": [-5.672614097595215, 3.683565139770508, -6.055178642272949], "start_rotation": [0, 0.12394273002982013, 0, 0.9922893729516381]}