{"episode_id": "55174", "start_position": [11.970447540283203, 0.19309520721435547, -1.2729380130767822], "start_rotation": [0, 0.8127011614191193, 0, -0.5826807206592771]}