{"episode_id": "55269", "start_position": [-3.53029727935791, 0.17800255119800568, 0.8664072751998901], "start_rotation": [0, 0.4383921451882566, 0, -0.8987838043919342]}