{"episode_id": "45962", "start_position": [-1.836472749710083, 0.19671151041984558, -5.469510555267334], "start_rotation": [0, 0.5571901445588217, 0, 0.8303849365243323]}