{"episode_id": "4437", "start_position": [2.4653613567352295, 0.014962434768676758, 3.600431442260742], "start_rotation": [0, 0.9845867754686145, 0, -0.17489677404776835]}