{"episode_id": "54506", "start_position": [0.7653135061264038, -2.8849050998687744, 2.9453940391540527], "start_rotation": [0, 0.8326789575054524, 0, 0.5537560417075672]}