{"episode_id": "4951", "start_position": [-4.011273384094238, 0.18321557343006134, -4.591153144836426], "start_rotation": [0, 0.8973860731674747, 0, -0.44124623022192483]}