{"episode_id": "4845", "start_position": [-1.692671537399292, 0.1719042807817459, -6.346925735473633], "start_rotation": [0, 0.3294665937720836, 0, 0.944167232850315]}