{"episode_id": "35845", "start_position": [0.034712523221969604, 0.17000891268253326, -0.39825302362442017], "start_rotation": [0, 0.9877518922372266, 0, -0.15603268690174618]}