{"episode_id": "11187", "start_position": [-1.076250672340393, -2.2229726314544678, 4.324908256530762], "start_rotation": [0, 0.7010109146937039, 0, 0.7131505433499273]}