{"episode_id": "10942", "start_position": [-3.21932053565979, -2.8915817737579346, -6.036147117614746], "start_rotation": [0, 0.9704124620965332, 0, -0.24145321163269814]}