{"episode_id": "26435", "start_position": [0.2973206341266632, 0.021137923002243042, -1.067959189414978], "start_rotation": [0, 0.9024211843376871, 0, -0.4308549710268712]}