{"episode_id": "56475", "start_position": [2.636394500732422, 0.18360306322574615, -3.5089385509490967], "start_rotation": [0, 0.5035577485219611, 0, 0.8639615696913222]}