{"episode_id": "62385", "start_position": [-3.361151695251465, 0.17282123863697052, -5.800504207611084], "start_rotation": [0, 0.9969815169607236, 0, -0.07763926093603994]}