{"episode_id": "58734", "start_position": [-0.9475672245025635, -2.511791467666626, 5.675189971923828], "start_rotation": [0, 0.9329253032759718, 0, -0.3600699633507856]}