{"episode_id": "47559", "start_position": [2.0408575534820557, 0.16646166145801544, 2.9036121368408203], "start_rotation": [0, 0.7205507076218133, 0, 0.6934022481544924]}