{"episode_id": "51628", "start_position": [-4.203256130218506, 0.23213762044906616, 5.3348212242126465], "start_rotation": [0, 0.2533267142856521, 0, -0.9673807811969574]}