{"episode_id": "45517", "start_position": [-0.0734381154179573, 0.11492492258548737, -0.9119428396224976], "start_rotation": [0, 0.056242807762768396, 0, 0.9984171205337778]}