{"episode_id": "52094", "start_position": [-3.7099997997283936, 0.17923279106616974, 2.1215884685516357], "start_rotation": [0, 0.05354477876697153, 0, 0.9985654493656367]}