{"episode_id": "29714", "start_position": [-0.1575225442647934, 0.17646045982837677, -3.257559299468994], "start_rotation": [0, 0.03707684731580951, 0, 0.9993124173115834]}