{"episode_id": "14373", "start_position": [-4.975938320159912, 0.17282123863697052, 2.1466867923736572], "start_rotation": [0, 0.9791352353040691, 0, -0.20320972168192444]}