{"episode_id": "38326", "start_position": [0.6886348128318787, 0.18321557343006134, -8.220322608947754], "start_rotation": [0, 0.8314651998119849, 0, 0.555576836721633]}