{"episode_id": "8596", "start_position": [0.9986202120780945, 0.22503304481506348, -13.231998443603516], "start_rotation": [0, 0.5903737830889194, 0, 0.8071299748127791]}