{"episode_id": "38319", "start_position": [-9.5365629196167, 0.062041521072387695, -4.711307048797607], "start_rotation": [0, 0.40491065373282575, 0, -0.9143562557852687]}