{"episode_id": "52006", "start_position": [-7.708395481109619, 3.683565139770508, -1.2788777351379395], "start_rotation": [0, 0.8970004374283458, 0, -0.4420296542692088]}