{"episode_id": "12820", "start_position": [1.2520835399627686, 0.014962434768676758, 2.850828170776367], "start_rotation": [0, 0.7371894168991288, 0, 0.6756861428295852]}