{"episode_id": "17792", "start_position": [-1.6369516849517822, 0.17002512514591217, -3.214211940765381], "start_rotation": [0, 0.980622763284676, 0, 0.1959055796242827]}