{"episode_id": "56453", "start_position": [2.1307387351989746, 2.576350688934326, 1.0010936260223389], "start_rotation": [0, 0.5596496001078748, 0, -0.8287293436937634]}