{"episode_id": "59158", "start_position": [-3.5882158279418945, 0.17800255119800568, -1.0820908546447754], "start_rotation": [0, 0.25103712525154137, 0, 0.9679774593168179]}