{"episode_id": "1135", "start_position": [2.12678861618042, 3.3211450576782227, -4.0826497077941895], "start_rotation": [0, 0.010435475028661531, 0, 0.9999455489480046]}