{"episode_id": "64119", "start_position": [0.27424541115760803, 0.12194900214672089, -0.09647250175476074], "start_rotation": [0, 0.7383763615966082, 0, 0.6743888704859793]}