{"episode_id": "25010", "start_position": [-9.910257339477539, 0.17702746391296387, 7.973522186279297], "start_rotation": [0, 0.8055650699419283, 0, -0.59250731479827]}