{"episode_id": "38508", "start_position": [-3.415454864501953, 0.10841822624206543, 1.745966911315918], "start_rotation": [0, 0.860653782280001, 0, 0.5091905999202347]}