{"episode_id": "28245", "start_position": [-1.3258111476898193, -2.799823522567749, -2.4204578399658203], "start_rotation": [0, 0.6171106296239586, 0, 0.7868764012251998]}