{"episode_id": "28203", "start_position": [-2.8936545848846436, 0.14657917618751526, -2.599515914916992], "start_rotation": [0, 0.46485782314901714, 0, 0.8853853422420981]}