{"episode_id": "50886", "start_position": [-4.559025764465332, 0.17702746391296387, -0.023130163550376892], "start_rotation": [0, 0.9916217014989044, 0, 0.1291758534572844]}