{"episode_id": "36189", "start_position": [5.130049705505371, 0.18360306322574615, -1.2825936079025269], "start_rotation": [0, 0.5230413322911367, 0, -0.8523073182339295]}