{"episode_id": "49486", "start_position": [1.365001916885376, 0.16478592157363892, 5.953052520751953], "start_rotation": [0, 0.9431472633928399, 0, 0.3323751488222261]}