{"episode_id": "35845", "start_position": [0.9717698693275452, 0.15289896726608276, -3.3602547645568848], "start_rotation": [0, 0.15209542909198312, 0, 0.9883658130719241]}