{"episode_id": "38709", "start_position": [-5.833339214324951, 0.16511733829975128, -1.9723823070526123], "start_rotation": [0, 0.9892392914651702, 0, -0.14630661031371053]}