{"episode_id": "21421", "start_position": [0.344616174697876, 0.08356514573097229, -7.765390396118164], "start_rotation": [0, 0.9094989406893563, 0, -0.41570623868897943]}