{"episode_id": "7108", "start_position": [-4.296626091003418, 0.20017647743225098, -5.25337028503418], "start_rotation": [0, 0.4071385982657922, 0, -0.9133663896827854]}