{"episode_id": "40044", "start_position": [-2.384396553039551, -6.767862796783447, 5.278576850891113], "start_rotation": [0, 0.012136126859943057, 0, 0.9999263545005899]}