{"episode_id": "26147", "start_position": [0.3406154215335846, 0.1662864238023758, 0.1361740380525589], "start_rotation": [0, 0.5910031549097189, 0, 0.8066692450358813]}