{"episode_id": "68313", "start_position": [-1.3250641822814941, 0.17635054886341095, 2.0203888416290283], "start_rotation": [0, 0.9987101805875951, 0, 0.05077376478746967]}