{"episode_id": "44418", "start_position": [0.15568587183952332, 0.1662864238023758, -0.829617977142334], "start_rotation": [0, 0.8605365348376429, 0, 0.5093887240699603]}