{"episode_id": "51573", "start_position": [3.8359193801879883, 0.1887628585100174, 3.2379817962646484], "start_rotation": [0, 0.8859974784848984, 0, 0.46369005609178426]}