{"episode_id": "48212", "start_position": [-2.8243558406829834, 0.03514885902404785, 7.021888256072998], "start_rotation": [0, 0.34879503816311597, 0, 0.9371990297438375]}