{"episode_id": "21047", "start_position": [-4.2466511726379395, 0.19742000102996826, 14.220712661743164], "start_rotation": [0, 0.3344632100496216, 0, 0.9424088078553291]}