{"episode_id": "6226", "start_position": [-8.506193161010742, 0.17702746391296387, 7.917341232299805], "start_rotation": [0, 0.6085028772818503, 0, -0.7935516670889864]}