{"episode_id": "22082", "start_position": [-1.441659927368164, 0.037133216857910156, -4.862615585327148], "start_rotation": [0, 0.655678464052612, 0, -0.755040231893379]}