{"episode_id": "35396", "start_position": [2.2128474712371826, 0.1887628585100174, 3.9355785846710205], "start_rotation": [0, 0.43073632901591546, 0, 0.9024778195977411]}