{"episode_id": "65896", "start_position": [0.5097423195838928, 0.17970331013202667, -2.3534231185913086], "start_rotation": [0, 0.9894541644813765, 0, -0.14484631990651728]}