{"episode_id": "9705", "start_position": [-9.062636375427246, 0.17923279106616974, 3.7274484634399414], "start_rotation": [0, 0.9347633554239468, 0, 0.35527098017789743]}