{"episode_id": "43803", "start_position": [-10.160163879394531, 0.2331012785434723, 3.235193967819214], "start_rotation": [0, 0.9671421160253184, 0, 0.2542363613059108]}