{"episode_id": "549", "start_position": [-11.203804016113281, -0.0029926300048828125, 0.5922709703445435], "start_rotation": [0, 0.3952480986852678, 0, 0.9185744066136835]}