{"episode_id": "34273", "start_position": [-0.5493404865264893, 0.17000891268253326, -3.4827756881713867], "start_rotation": [0, 0.935089320218057, 0, 0.354412137509612]}