{"episode_id": "1208", "start_position": [3.0373313426971436, 0.1514829844236374, 3.6340012550354004], "start_rotation": [0, 0.08759157433878043, 0, -0.996156471697521]}