{"episode_id": "60173", "start_position": [-1.5117344856262207, 0.12194900214672089, 0.050285182893276215], "start_rotation": [0, 0.35782740118608763, 0, 0.9337877440620062]}