{"episode_id": "30391", "start_position": [1.675919532775879, 3.3211450576782227, -5.194517135620117], "start_rotation": [0, 0.2853495867485836, 0, -0.9584235041683883]}