{"episode_id": "43945", "start_position": [-0.700002133846283, 0.1649409383535385, -0.13112540543079376], "start_rotation": [0, 0.6866534854270945, 0, 0.7269848629447678]}