{"episode_id": "9234", "start_position": [-0.09179679304361343, 0.08917836099863052, -0.11735160648822784], "start_rotation": [0, 0.9722459840141005, 0, -0.23396099369008835]}