{"episode_id": "19461", "start_position": [0.9203680753707886, 0.1751515418291092, 0.9428004026412964], "start_rotation": [0, 0.5801420183746524, 0, -0.8145153396444934]}