{"episode_id": "3719", "start_position": [3.0353384017944336, 0.23514866828918457, 5.738275527954102], "start_rotation": [0, 0.9611684080258532, 0, 0.2759624818939105]}