{"episode_id": "38433", "start_position": [0.05642373859882355, 0.2075759470462799, -2.743029832839966], "start_rotation": [0, 0.4142763072319064, 0, -0.9101511639646983]}