{"episode_id": "3990", "start_position": [0.9626030921936035, -2.943950891494751, -0.9052410125732422], "start_rotation": [0, 0.9596924071738405, 0, 0.2810524570482876]}