{"episode_id": "22811", "start_position": [4.604758262634277, 0.19309520721435547, 1.229280948638916], "start_rotation": [0, 0.635328141149707, 0, -0.7722422890927807]}