{"episode_id": "9655", "start_position": [0.7734889388084412, -1.002579927444458, 3.8004560470581055], "start_rotation": [0, 0.9440251553254639, 0, 0.32987346985281135]}