{"episode_id": "45344", "start_position": [-3.1103312969207764, 0.22881528735160828, 1.5038106441497803], "start_rotation": [0, 0.35845776946378216, 0, 0.9335459429032135]}