{"episode_id": "30575", "start_position": [-2.036792039871216, 0.14657917618751526, 12.905860900878906], "start_rotation": [0, 0.8330441430248365, 0, -0.5532065218090036]}