{"episode_id": "34636", "start_position": [-7.7427520751953125, 0.062041521072387695, -1.2002885341644287], "start_rotation": [0, 0.1428497678139484, 0, -0.9897443830785305]}