{"episode_id": "56676", "start_position": [-10.42603588104248, -3.206904888153076, -2.6196014881134033], "start_rotation": [0, 0.9981500246913498, 0, -0.06079908065635379]}