{"episode_id": "25907", "start_position": [0.5357560515403748, 0.14340916275978088, -2.4559457302093506], "start_rotation": [0, 0.8934291319782323, 0, -0.44920416976317407]}