{"episode_id": "55972", "start_position": [0.0040464699268341064, 0.15289896726608276, 0.7768328189849854], "start_rotation": [0, 0.10590520822706939, 0, -0.9943762300409141]}