{"episode_id": "38853", "start_position": [4.166776657104492, 0.16646166145801544, 0.7740238308906555], "start_rotation": [0, 0.9151424855941139, 0, -0.40313053848676245]}