{"episode_id": "62606", "start_position": [-1.6819689273834229, -0.034892842173576355, -9.213330268859863], "start_rotation": [0, 0.618025646809939, 0, -0.7861579357134013]}