{"episode_id": "33119", "start_position": [1.58812415599823, 0.18321557343006134, -2.6299564838409424], "start_rotation": [0, 0.7075129963966037, 0, -0.7067003324818091]}