{"episode_id": "55250", "start_position": [2.348827362060547, 0.14657917618751526, 9.362768173217773], "start_rotation": [0, 0.9544622858072589, 0, -0.2983316023682079]}