{"episode_id": "19987", "start_position": [-0.49285364151000977, 0.15289896726608276, -3.451995372772217], "start_rotation": [0, 0.18671714100182452, 0, -0.982413715934435]}