{"episode_id": "40251", "start_position": [-5.001603603363037, 0.15964920818805695, 4.770625591278076], "start_rotation": [0, 0.762349705052117, 0, 0.6471653013001781]}