{"episode_id": "22971", "start_position": [-0.1596583127975464, -3.206904888153076, -1.9629008769989014], "start_rotation": [0, 0.38857750133022495, 0, 0.9214160436306496]}