{"episode_id": "48698", "start_position": [0.3809415102005005, 0.5662864446640015, -2.1140637397766113], "start_rotation": [0, 0.4096223818706457, 0, 0.9122551749760693]}