{"episode_id": "30784", "start_position": [0.519024133682251, 2.7814598083496094, -2.939208984375], "start_rotation": [0, 0.7184953918606029, 0, -0.695531718813081]}