{"episode_id": "50876", "start_position": [-3.1392626762390137, 1.662041425704956, -8.00479507446289], "start_rotation": [0, 0.972383971762362, 0, 0.23338682794805268]}