{"episode_id": "45051", "start_position": [-15.276520729064941, 0.14771485328674316, 16.61119842529297], "start_rotation": [0, 0.9398774290111268, 0, 0.3415119594325128]}