{"episode_id": "22611", "start_position": [3.650486469268799, 0.18741238117218018, 12.217836380004883], "start_rotation": [0, 0.3568966975620549, 0, 0.9341438579091013]}