{"episode_id": "2667", "start_position": [-7.16660213470459, 0.11509490013122559, 1.627089023590088], "start_rotation": [0, 0.9960255808794638, 0, 0.08906762730491188]}