{"episode_id": "28022", "start_position": [-1.584486961364746, 0.14340916275978088, -0.2153264582157135], "start_rotation": [0, 0.23091483106830984, 0, -0.972973967171113]}