{"episode_id": "36619", "start_position": [0.21579092741012573, 0.15562696754932404, -0.08493167161941528], "start_rotation": [0, 0.47550978259029936, 0, 0.8797104334159771]}