{"episode_id": "16762", "start_position": [-1.5364793539047241, 0.14340916275978088, -2.159698009490967], "start_rotation": [0, 0.9041638367032407, 0, 0.42718585697337325]}