{"episode_id": "37482", "start_position": [1.4912383556365967, 0.15562696754932404, -1.4236117601394653], "start_rotation": [0, 0.94877423565702, 0, 0.31595482232977146]}