{"episode_id": "33183", "start_position": [0.19748392701148987, 0.15289896726608276, -3.2248706817626953], "start_rotation": [0, 0.22240032394905712, 0, -0.9749554327800601]}