{"episode_id": "62418", "start_position": [-10.555915832519531, 0.04202253744006157, -11.41930103302002], "start_rotation": [0, 0.9853876992761442, 0, 0.17032639876210393]}