{"episode_id": "32734", "start_position": [-0.8680607080459595, 0.14340916275978088, -1.9371638298034668], "start_rotation": [0, 0.5137834368377782, 0, -0.8579199146955157]}