{"episode_id": "12115", "start_position": [0.25026172399520874, -2.511791467666626, -0.1183028370141983], "start_rotation": [0, 0.7361114231316158, 0, 0.6768603790554941]}