{"episode_id": "55375", "start_position": [2.9371252059936523, 0.09678955376148224, -3.2337257862091064], "start_rotation": [0, 0.7926783869908852, 0, 0.6096400370690301]}