{"episode_id": "60416", "start_position": [-16.15781021118164, -2.852285146713257, 17.18575096130371], "start_rotation": [0, 0.15840411378474617, 0, -0.9873743650389497]}