{"episode_id": "30727", "start_position": [-0.36350083351135254, 3.3211450576782227, -3.73775053024292], "start_rotation": [0, 0.24695777113101106, 0, -0.9690262428221452]}