{"episode_id": "13128", "start_position": [6.302385330200195, 0.16646166145801544, 0.8102136850357056], "start_rotation": [0, 0.9787060895245963, 0, 0.20526663227975722]}