{"episode_id": "20942", "start_position": [-0.3284599483013153, 0.14570780098438263, -1.714271068572998], "start_rotation": [0, 0.33728065926686485, 0, 0.9414041411022733]}