{"episode_id": "29232", "start_position": [0.0459107905626297, 0.12324567139148712, 0.7788673639297485], "start_rotation": [0, 0.6535665565296677, 0, 0.7568690482414727]}