{"episode_id": "54682", "start_position": [-4.249722480773926, 0.08356514573097229, -6.883530616760254], "start_rotation": [0, 0.8157243694102755, 0, -0.5784407948530328]}