{"episode_id": "1171", "start_position": [-2.277801275253296, 0.17923279106616974, 5.09514856338501], "start_rotation": [0, 0.8928193099391596, 0, -0.4504150084086484]}