{"episode_id": "10142", "start_position": [-1.8325581550598145, 0.17646045982837677, -0.5437323451042175], "start_rotation": [0, 0.7791134206289873, 0, -0.6268829857284361]}