{"episode_id": "54371", "start_position": [0.4373284578323364, 0.18145985901355743, -2.543166160583496], "start_rotation": [0, 0.025470163403442398, 0, 0.9996755827648297]}