{"episode_id": "49418", "start_position": [-1.457613229751587, 0.1751515418291092, 1.7295286655426025], "start_rotation": [0, 0.6680694585875023, 0, 0.744098917149193]}