{"episode_id": "17873", "start_position": [1.0624346733093262, 2.7814598083496094, -3.674246311187744], "start_rotation": [0, 0.7578357459404931, 0, -0.6524453863541504]}