{"episode_id": "37234", "start_position": [-4.344820976257324, 0.17018914222717285, -0.039740949869155884], "start_rotation": [0, 0.28414402010235135, 0, -0.9587816100865069]}