{"episode_id": "32933", "start_position": [-9.069135665893555, 0.1672901213169098, -0.6941702961921692], "start_rotation": [0, 0.5700879446166097, 0, -0.8215836752290112]}