{"episode_id": "1135", "start_position": [3.8727900981903076, 0.17646045982837677, -0.5553387999534607], "start_rotation": [0, 0.5884192093472399, 0, 0.8085560178931136]}