{"episode_id": "21698", "start_position": [2.6975412368774414, 0.18321557343006134, -3.7051663398742676], "start_rotation": [0, 0.0682166196248439, 0, -0.9976705331956834]}