{"episode_id": "6336", "start_position": [-2.937047004699707, 0.17949719727039337, 8.802755355834961], "start_rotation": [0, 0.34054312623412225, 0, -0.9402288972238041]}