{"episode_id": "18554", "start_position": [-6.877381324768066, 0.08820843696594238, 4.417235851287842], "start_rotation": [0, 0.5018194902702806, 0, -0.864972369029714]}