{"episode_id": "15102", "start_position": [1.1812872886657715, 0.15964920818805695, 0.7029078006744385], "start_rotation": [0, 0.16209344410473206, 0, -0.986775412836308]}