{"episode_id": "66915", "start_position": [11.625316619873047, 0.19309520721435547, -0.4483848810195923], "start_rotation": [0, 0.8231596849977318, 0, 0.5678099444307354]}