{"episode_id": "5636", "start_position": [-3.4552130699157715, 0.17646045982837677, -4.314235687255859], "start_rotation": [0, 0.05408496985156355, 0, -0.9985363368631887]}