{"episode_id": "34273", "start_position": [0.37072572112083435, 0.15289896726608276, -0.478665292263031], "start_rotation": [0, 0.3288949253300704, 0, 0.9443665221152894]}