{"episode_id": "38088", "start_position": [1.438220500946045, 0.14378656446933746, -16.967971801757812], "start_rotation": [0, 0.5418634038594607, 0, -0.8404665677811575]}