{"episode_id": "50109", "start_position": [-5.003142833709717, 0.18145985901355743, -2.662609100341797], "start_rotation": [0, 0.989330230761177, 0, -0.14569040634865524]}