{"episode_id": "53029", "start_position": [-2.3655340671539307, 0.044724658131599426, 4.994316101074219], "start_rotation": [0, 0.7613061743011584, 0, 0.6483925577695462]}