{"episode_id": "13913", "start_position": [1.5900176763534546, 0.14570780098438263, -0.4784153997898102], "start_rotation": [0, 0.8146164589917523, 0, -0.5800000213273606]}