{"episode_id": "68379", "start_position": [4.765433311462402, 0.15289896726608276, -0.9190927743911743], "start_rotation": [0, 0.5244252600587178, 0, -0.8514564854485203]}