{"episode_id": "33034", "start_position": [-0.581341028213501, 0.18463699519634247, 2.710145950317383], "start_rotation": [0, 0.9914733704642302, 0, 0.1303094611311831]}