{"episode_id": "41262", "start_position": [-2.3940069675445557, 0.08820843696594238, 3.7153100967407227], "start_rotation": [0, 0.6937061511232936, 0, 0.7202581314318541]}