{"episode_id": "36093", "start_position": [-5.296189785003662, 0.20017647743225098, -6.320733547210693], "start_rotation": [0, 0.6700738950566411, 0, 0.7422943992538417]}