{"episode_id": "49907", "start_position": [0.10669893771409988, 0.1751515418291092, 2.8975930213928223], "start_rotation": [0, 0.237719136308416, 0, -0.9713339344596074]}