{"episode_id": "42106", "start_position": [1.131575584411621, 0.17002512514591217, -2.032724618911743], "start_rotation": [0, 0.4631429000677448, 0, -0.8862836194564576]}