{"episode_id": "9513", "start_position": [-3.446938991546631, 0.12324567139148712, -0.5134454965591431], "start_rotation": [0, 0.2561163312250353, 0, 0.9666459666702324]}