{"episode_id": "18932", "start_position": [-6.267498970031738, 0.21896511316299438, 6.010982036590576], "start_rotation": [0, 0.9931231260309799, 0, 0.11707457684080866]}