{"episode_id": "53872", "start_position": [-3.9209187030792236, 0.08820843696594238, 1.229399561882019], "start_rotation": [0, 0.8366309262372603, 0, -0.5477670063661957]}