{"episode_id": "10172", "start_position": [-1.7993433475494385, 0.1514829844236374, 0.6147308945655823], "start_rotation": [0, 0.8013348759657783, 0, 0.5982160283383509]}