{"episode_id": "64543", "start_position": [-0.9043467044830322, 0.1672901213169098, 4.078524112701416], "start_rotation": [0, 0.8225825940196416, 0, -0.5686456506612158]}