{"episode_id": "46700", "start_position": [-0.3905184268951416, 0.15562696754932404, -0.7012879848480225], "start_rotation": [0, 0.9987543779147551, 0, -0.04989681949894844]}