{"episode_id": "17758", "start_position": [-9.778423309326172, 0.17000891268253326, -2.854613780975342], "start_rotation": [0, 0.0895744236385314, 0, 0.9959801316441131]}