{"episode_id": "16045", "start_position": [-0.15140551328659058, 0.1649409383535385, -0.017819933593273163], "start_rotation": [0, 0.6932153376753477, 0, 0.7207305291242031]}