{"episode_id": "11739", "start_position": [-2.514199733734131, 0.20017647743225098, 1.875888466835022], "start_rotation": [0, 0.886842784958652, 0, 0.46207128753773724]}