{"episode_id": "49361", "start_position": [-2.8136582374572754, 0.17923279106616974, 3.909597158432007], "start_rotation": [0, 0.5661704240238398, 0, 0.8242882086750153]}