{"episode_id": "64353", "start_position": [0.3465142846107483, 0.15562696754932404, 3.585221290588379], "start_rotation": [0, 0.8805590901429089, 0, -0.47393637628556484]}