{"episode_id": "1179", "start_position": [-3.250852346420288, -0.03270988166332245, 9.293025970458984], "start_rotation": [0, 0.4063134756070509, 0, 0.9137337465258238]}