{"episode_id": "65896", "start_position": [-0.00572553277015686, 0.43213748931884766, -2.1791605949401855], "start_rotation": [0, 0.9950192286094057, 0, 0.09968317158649809]}