{"episode_id": "13642", "start_position": [-6.575356960296631, 0.1672901213169098, -3.3344547748565674], "start_rotation": [0, 0.8144862922525008, 0, -0.580182798549538]}