{"episode_id": "41043", "start_position": [-0.6021339893341064, 0.14340916275978088, -3.6401913166046143], "start_rotation": [0, 0.8409380904434371, 0, 0.5411313408418935]}