{"episode_id": "43815", "start_position": [-0.27866852283477783, 0.18463699519634247, 2.084906578063965], "start_rotation": [0, 0.4047132176276578, 0, -0.9144436622763964]}