{"episode_id": "53676", "start_position": [-5.467799186706543, 0.15165157616138458, 4.769182205200195], "start_rotation": [0, 0.9651877285490528, 0, 0.26155811717153793]}