{"episode_id": "46051", "start_position": [-4.121252536773682, 0.1514829844236374, 1.1109857559204102], "start_rotation": [0, 0.9632334883001034, 0, 0.26866567889705334]}