{"episode_id": "67000", "start_position": [-10.066591262817383, 0.14340753853321075, 1.3898630142211914], "start_rotation": [0, 0.2677448546183962, 0, -0.9634898509197561]}