{"episode_id": "34749", "start_position": [3.124838352203369, 0.17800255119800568, -5.95585298538208], "start_rotation": [0, 0.15638648010032682, 0, -0.9876959394681291]}