{"episode_id": "38968", "start_position": [-2.352803945541382, 0.17000891268253326, -2.8570289611816406], "start_rotation": [0, 0.49542458980141196, 0, -0.8686509516601606]}