{"episode_id": "50211", "start_position": [-3.798037052154541, -0.3566531538963318, -5.739157676696777], "start_rotation": [0, 0.5998900832650741, 0, -0.800082425753886]}