{"episode_id": "40789", "start_position": [4.416839122772217, -2.943950891494751, 0.5587847232818604], "start_rotation": [0, 0.16763785915256274, 0, 0.9858486436460444]}