{"episode_id": "47143", "start_position": [-10.932790756225586, 0.23514866828918457, 5.085988521575928], "start_rotation": [0, 0.30707793893390545, 0, -0.9516843696415869]}