{"episode_id": "58734", "start_position": [11.694345474243164, 0.19309520721435547, -0.04216095060110092], "start_rotation": [0, 0.2672072439237664, 0, 0.9636390863776048]}