{"episode_id": "34129", "start_position": [2.2933859825134277, 0.16646166145801544, -2.5972585678100586], "start_rotation": [0, 0.923811704664572, 0, 0.38284714224444427]}