{"episode_id": "23273", "start_position": [-0.6510083079338074, 0.1649409383535385, 0.7526218295097351], "start_rotation": [0, 0.4254328232359975, 0, -0.9049900070793315]}