{"episode_id": "38990", "start_position": [-0.3012683689594269, 0.18360306322574615, -2.7974627017974854], "start_rotation": [0, 0.9991952926705515, 0, 0.04010943910117498]}