{"episode_id": "42143", "start_position": [4.332828998565674, 0.021137923002243042, 3.233731985092163], "start_rotation": [0, 0.8220222382131486, 0, -0.5694553888436263]}