{"episode_id": "11100", "start_position": [-3.3792431354522705, 0.2907383143901825, -0.2620947062969208], "start_rotation": [0, 0.08162439520717392, 0, -0.996663161808975]}