{"episode_id": "52348", "start_position": [7.304224014282227, 0.2787373661994934, 2.6892552375793457], "start_rotation": [0, 0.9991600807093882, 0, 0.04097722680720155]}