{"episode_id": "38143", "start_position": [-2.770875930786133, 0.17282123863697052, 0.23402176797389984], "start_rotation": [0, 0.7237222366070616, 0, 0.6900913883251061]}