{"episode_id": "32933", "start_position": [-4.682908058166504, -2.364851236343384, 6.733740329742432], "start_rotation": [0, 0.8565779776757778, 0, -0.5160176045067404]}