{"episode_id": "40988", "start_position": [-3.2773308753967285, 0.15289896726608276, -0.6427699327468872], "start_rotation": [0, 0.7088623750830247, 0, -0.7053468176660707]}