{"episode_id": "36164", "start_position": [-4.8945441246032715, 0.17000891268253326, 0.6489295959472656], "start_rotation": [0, 0.6599420569102313, 0, 0.7513164989011575]}