{"episode_id": "48669", "start_position": [-3.964921474456787, 0.17702746391296387, -0.08756348490715027], "start_rotation": [0, 0.6083881224693664, 0, 0.7936396489832142]}