{"episode_id": "58211", "start_position": [0.1465512216091156, 0.12114477157592773, -7.644138336181641], "start_rotation": [0, 0.30089035113507834, 0, -0.9536587422101311]}