{"episode_id": "57987", "start_position": [4.671256065368652, 0.24472466111183167, 4.201859951019287], "start_rotation": [0, 0.4002066941231604, 0, -0.9164249025310318]}