{"episode_id": "67158", "start_position": [-0.4577552080154419, 2.365107297897339, 0.6110285520553589], "start_rotation": [0, 0.8137344124457396, 0, 0.5812368759822341]}