{"episode_id": "7179", "start_position": [-2.269745349884033, 0.1719042807817459, -1.2350962162017822], "start_rotation": [0, 0.9350191899209862, 0, 0.35459711572360914]}