{"episode_id": "6336", "start_position": [2.8346025943756104, 0.17800255119800568, 2.1651008129119873], "start_rotation": [0, 0.8766544908642873, 0, -0.48112046687651666]}