{"episode_id": "559", "start_position": [-4.183604717254639, 0.15964920818805695, -1.6856576204299927], "start_rotation": [0, 0.9829975100733239, 0, -0.18361888571071702]}