{"episode_id": "62941", "start_position": [-16.407516479492188, 0.16638073325157166, 0.8418529629707336], "start_rotation": [0, 0.7800045029349187, 0, 0.6257739011825679]}