{"episode_id": "38119", "start_position": [1.4326810836791992, 1.662041425704956, -3.2287206649780273], "start_rotation": [0, 0.13991878083683315, 0, 0.9901629839421054]}