{"episode_id": "16425", "start_position": [-3.7415130138397217, 0.17702746391296387, 0.852032482624054], "start_rotation": [0, 0.997073426957861, 0, 0.07644986104962427]}