{"episode_id": "65717", "start_position": [0.7821835279464722, 0.0701034814119339, 2.480318069458008], "start_rotation": [0, 0.8624214139885017, 0, -0.5061909765040002]}