{"episode_id": "36093", "start_position": [-0.4084869921207428, 0.15964920818805695, 2.471773624420166], "start_rotation": [0, 0.3522921342129794, 0, 0.9358900855184139]}