{"episode_id": "61399", "start_position": [-6.74195671081543, 0.03310127556324005, -0.3517226576805115], "start_rotation": [0, 0.9832088903417695, 0, 0.18248363749362945]}