{"episode_id": "60828", "start_position": [-0.4870157837867737, 0.18463699519634247, 2.693868398666382], "start_rotation": [0, 0.25089270223842913, 0, 0.968014902758991]}