{"episode_id": "22719", "start_position": [4.6092209815979, 0.15289896726608276, -1.613053321838379], "start_rotation": [0, 0.4712134853267332, 0, -0.8820191898401262]}