{"episode_id": "56676", "start_position": [-2.7006192207336426, 0.22552771866321564, -5.0853590965271], "start_rotation": [0, 0.28166156489063454, 0, 0.959513815879354]}