{"episode_id": "14902", "start_position": [1.4981319904327393, 0.15562696754932404, 4.171116352081299], "start_rotation": [0, 0.25784577284270016, 0, 0.9661860884048945]}