{"episode_id": "490", "start_position": [-11.20715045928955, -2.852285146713257, 11.029641151428223], "start_rotation": [0, 0.6390562221497069, 0, -0.7691600255679857]}