{"episode_id": "8485", "start_position": [-4.081620693206787, 0.15562696754932404, 1.0541303157806396], "start_rotation": [0, 0.23705966582715104, 0, -0.9714950925444346]}