{"episode_id": "61203", "start_position": [2.512727975845337, -2.364851236343384, 5.254333972930908], "start_rotation": [0, 0.9980809234888484, 0, 0.061923098821421885]}