{"episode_id": "15217", "start_position": [0.22837792336940765, 0.0701034814119339, 3.9873549938201904], "start_rotation": [0, 0.38654259141918523, 0, -0.9222715570909367]}