{"episode_id": "46082", "start_position": [-5.817649841308594, 0.15165157616138458, 7.756511211395264], "start_rotation": [0, 0.8985073468388476, 0, -0.438958480584001]}