{"episode_id": "17655", "start_position": [-0.5859590768814087, 0.14657917618751526, 2.581820487976074], "start_rotation": [0, 0.37178190519842047, 0, -0.9283201037180185]}