{"episode_id": "54549", "start_position": [4.757279396057129, 0.09678955376148224, -2.583038568496704], "start_rotation": [0, 0.9689176823312176, 0, -0.24738335608100573]}