{"episode_id": "67037", "start_position": [-4.197206974029541, 0.17635054886341095, 0.7585611343383789], "start_rotation": [0, 0.5573090605124111, 0, 0.8303051313046148]}