{"episode_id": "20950", "start_position": [0.49965330958366394, 0.17949719727039337, 1.072862148284912], "start_rotation": [0, 0.8014968045585225, 0, -0.5979990570916293]}