{"episode_id": "61425", "start_position": [-0.3904320001602173, 0.1719042807817459, -0.7831885814666748], "start_rotation": [0, 0.6949529233156895, 0, -0.7190552373600914]}