{"episode_id": "61502", "start_position": [-0.7763174772262573, 2.7814598083496094, -1.0904183387756348], "start_rotation": [0, 0.5099724126644777, 0, -0.8601907569377688]}