{"episode_id": "26690", "start_position": [2.237222194671631, 0.17002512514591217, -1.8894156217575073], "start_rotation": [0, 0.6860168915018416, 0, -0.7275856132264783]}