{"episode_id": "5655", "start_position": [-1.1127066612243652, 0.17282123863697052, -6.90667724609375], "start_rotation": [0, 0.9930671422422238, 0, 0.11754850487719011]}