{"episode_id": "18058", "start_position": [-0.5609948635101318, 0.17800255119800568, 2.2074708938598633], "start_rotation": [0, 0.056041606555304546, 0, -0.9984284342579094]}