{"episode_id": "40217", "start_position": [-4.040925979614258, 0.10166054219007492, 0.5762825012207031], "start_rotation": [0, 0.18589145184815398, 0, -0.9825702866104722]}