{"episode_id": "35815", "start_position": [6.422603607177734, 0.17646045982837677, -7.3579607009887695], "start_rotation": [0, 0.4158477575301802, 0, 0.9094342431188307]}