{"episode_id": "57375", "start_position": [-4.587042808532715, 0.17702746391296387, 0.011425092816352844], "start_rotation": [0, 0.6340526074755126, 0, -0.7732899139090743]}