{"episode_id": "56685", "start_position": [-5.704087257385254, 0.025033235549926758, -9.30384635925293], "start_rotation": [0, 0.8288046841283669, 0, -0.5595380197688785]}