{"episode_id": "2606", "start_position": [2.4036223888397217, 0.16243858635425568, 1.2565220594406128], "start_rotation": [0, 0.7067290111330213, 0, 0.7074843495250915]}