{"episode_id": "32042", "start_position": [3.4420528411865234, 0.18128342926502228, 3.8575682640075684], "start_rotation": [0, 0.5156808795840683, 0, -0.8567807364964514]}