{"episode_id": "15217", "start_position": [0.048609912395477295, 0.09433966130018234, 0.13687388598918915], "start_rotation": [0, 0.688306413618856, 0, -0.7254200720762751]}