{"episode_id": "57948", "start_position": [-6.240139961242676, 0.17923279106616974, 5.061832904815674], "start_rotation": [0, 0.9612435904029426, 0, -0.2757004894976792]}