{"episode_id": "28273", "start_position": [0.5971351265907288, 3.1651172637939453, -1.3557571172714233], "start_rotation": [0, 0.2377012333471431, 0, 0.9713383157609129]}