{"episode_id": "10424", "start_position": [4.45555305480957, 0.17646045982837677, -0.3397749662399292], "start_rotation": [0, 0.7251604839918745, 0, -0.6885798954781285]}