{"episode_id": "4946", "start_position": [-0.7034681439399719, 3.400176525115967, 2.144263982772827], "start_rotation": [0, 0.8774425965659826, 0, -0.4796816545705563]}