{"episode_id": "64434", "start_position": [1.3542470932006836, 0.14570780098438263, -3.3855338096618652], "start_rotation": [0, 0.9062783973245735, 0, -0.42268128246091335]}