{"episode_id": "8891", "start_position": [-0.8198856711387634, 0.1662864238023758, -1.5818405151367188], "start_rotation": [0, 0.41132094648273093, 0, -0.9114905808534449]}