{"episode_id": "2898", "start_position": [-4.632162094116211, 3.0807693004608154, -6.343155384063721], "start_rotation": [0, 0.9775294125344267, 0, 0.210799069329299]}