{"episode_id": "1292", "start_position": [7.5446577072143555, -2.943950891494751, -1.8623902797698975], "start_rotation": [0, 0.5897047500858353, 0, -0.8076189124371732]}