{"episode_id": "35656", "start_position": [-2.592106819152832, 0.17702746391296387, 1.3847979307174683], "start_rotation": [0, 0.9999721926007448, 0, -0.007457481160487251]}