{"episode_id": "58265", "start_position": [1.7446422576904297, 3.3211450576782227, 0.5251657962799072], "start_rotation": [0, 0.9369079747726538, 0, -0.34957609587528216]}