{"episode_id": "68010", "start_position": [-2.8972673416137695, 0.17635054886341095, 2.180166721343994], "start_rotation": [0, 0.3620780206295209, 0, -0.9321477924540766]}