{"episode_id": "19987", "start_position": [-1.3737189769744873, 0.17000891268253326, -2.621403217315674], "start_rotation": [0, 0.16335164943506525, 0, 0.9865679087760981]}