{"episode_id": "8387", "start_position": [-2.1494762897491455, 0.1751515418291092, -0.43731898069381714], "start_rotation": [0, 0.8849307716313842, 0, 0.4657225884793253]}