{"episode_id": "47265", "start_position": [0.46235179901123047, 0.12324567139148712, -1.1105066537857056], "start_rotation": [0, 0.5900590370052292, 0, 0.8073601011001605]}