{"episode_id": "3904", "start_position": [2.004390001296997, 0.1514829844236374, -0.016224533319473267], "start_rotation": [0, 0.7001358921104545, 0, -0.7140096165869884]}