{"episode_id": "43517", "start_position": [-8.990095138549805, 0.14340753853321075, -1.2397749423980713], "start_rotation": [0, 0.28622437131785405, 0, -0.9581626215124963]}