{"episode_id": "30859", "start_position": [0.07532420009374619, 0.17635054886341095, -1.2071375846862793], "start_rotation": [0, 0.6140106769920906, 0, -0.7892977185699416]}