{"episode_id": "3288", "start_position": [-2.376469612121582, 1.5970072746276855, -2.9180805683135986], "start_rotation": [0, 0.359445167603901, 0, -0.9331662078569946]}