{"episode_id": "65418", "start_position": [-12.50369644165039, 0.2577410340309143, 16.8770809173584], "start_rotation": [0, 0.789953935482585, 0, 0.6131661926554464]}