{"episode_id": "16081", "start_position": [2.070967674255371, 0.18321557343006134, -6.568378448486328], "start_rotation": [0, 0.9044992823856088, 0, 0.4264751436648081]}