{"episode_id": "39533", "start_position": [-5.860949993133545, 0.31744319200515747, 1.015127182006836], "start_rotation": [0, 0.03681945083648302, 0, 0.9993219341333902]}