{"episode_id": "27578", "start_position": [2.7434563636779785, 0.1662864238023758, -1.0260993242263794], "start_rotation": [0, 0.6543797033405693, 0, 0.7561661218647054]}