{"episode_id": "33314", "start_position": [-3.6629624366760254, 0.18128342926502228, 3.1690311431884766], "start_rotation": [0, 0.7913323716679489, 0, -0.6113861934574408]}