{"episode_id": "65603", "start_position": [5.873491287231445, 0.18194204568862915, 2.4178736209869385], "start_rotation": [0, 0.5406709997468723, 0, -0.8412341350853029]}