{"episode_id": "12486", "start_position": [-6.209388732910156, 1.5970072746276855, -1.5399671792984009], "start_rotation": [0, 0.4372307377887314, 0, -0.8993493658933227]}