{"episode_id": "660", "start_position": [-6.277029991149902, 0.17923279106616974, 4.6195783615112305], "start_rotation": [0, 0.21728893679444836, 0, 0.976107329112295]}