{"episode_id": "15838", "start_position": [-1.2780061960220337, 0.17002512514591217, -2.9884533882141113], "start_rotation": [0, 0.7723004549089323, 0, -0.6352574339175074]}