{"episode_id": "59199", "start_position": [0.39011552929878235, 0.17282123863697052, 0.10811762511730194], "start_rotation": [0, 0.3134746426200919, 0, 0.9495965714103045]}