{"episode_id": "62797", "start_position": [-1.5783309936523438, 0.16646166145801544, 2.0862433910369873], "start_rotation": [0, 0.9833247352704447, 0, -0.18185836523324914]}