{"episode_id": "20242", "start_position": [-10.409280776977539, 0.03310127556324005, -9.729705810546875], "start_rotation": [0, 0.3283259861175309, 0, 0.9445644746865886]}