{"episode_id": "22041", "start_position": [-6.286003112792969, 0.17000891268253326, -3.0437066555023193], "start_rotation": [0, 0.9838780325825425, 0, 0.17884075878139633]}