{"episode_id": "45617", "start_position": [3.9272215366363525, 0.18360306322574615, 0.3932057321071625], "start_rotation": [0, 0.19128568533117252, 0, 0.9815344041791829]}