{"episode_id": "856", "start_position": [-4.800754070281982, 0.14340916275978088, -9.14693832397461], "start_rotation": [0, 0.9999184443111314, 0, -0.012771246078860985]}