{"episode_id": "66466", "start_position": [-0.39490625262260437, 0.08356514573097229, 1.373471736907959], "start_rotation": [0, 0.9950369838371163, 0, 0.09950578272811324]}