{"episode_id": "59570", "start_position": [0.0745035707950592, 0.12194900214672089, -0.05548634007573128], "start_rotation": [0, 0.978038124299204, 0, 0.20842607182714631]}