{"episode_id": "58274", "start_position": [-0.03933785855770111, 0.16243858635425568, 2.085284471511841], "start_rotation": [0, 0.9593241883707733, 0, 0.2823067509053884]}