{"episode_id": "13689", "start_position": [-0.29412031173706055, 0.1139565035700798, 4.840986728668213], "start_rotation": [0, 0.35073707504684726, 0, -0.9364739741111774]}