{"episode_id": "22673", "start_position": [3.7464046478271484, -2.943950891494751, 0.7160521745681763], "start_rotation": [0, 0.9334317888534076, 0, -0.3587549240887538]}