{"episode_id": "31492", "start_position": [-1.8818316459655762, 0.15964920818805695, 1.8754621744155884], "start_rotation": [0, 0.9544880224652131, 0, -0.29824924973995637]}