{"episode_id": "4281", "start_position": [-3.870784044265747, 0.20017647743225098, -6.315762042999268], "start_rotation": [0, 0.7504531084035444, 0, -0.6609236961158663]}