{"episode_id": "13608", "start_position": [-4.548182010650635, 0.15165157616138458, 3.9200053215026855], "start_rotation": [0, 0.7643537804907554, 0, -0.6447970985119971]}