{"episode_id": "54183", "start_position": [0.8329340219497681, 0.18360306322574615, -4.617049694061279], "start_rotation": [0, 0.9996345535277263, 0, -0.027032561725136222]}