{"episode_id": "29702", "start_position": [-4.573741436004639, 0.17949719727039337, 3.227008581161499], "start_rotation": [0, 0.9443451009780098, 0, -0.328956426079249]}