{"episode_id": "1337", "start_position": [-4.42919921875, -2.1628668308258057, -2.4279496669769287], "start_rotation": [0, 0.9997337801024554, 0, -0.023073121203152008]}