{"episode_id": "13502", "start_position": [0.8524161577224731, 2.365107297897339, -4.361961841583252], "start_rotation": [0, 0.9998502684215219, 0, 0.017304356024149738]}