{"episode_id": "52006", "start_position": [-4.277491569519043, -2.1628668308258057, -1.8974264860153198], "start_rotation": [0, 0.2985584492876326, 0, -0.9543913517834097]}