{"episode_id": "55641", "start_position": [-1.9045896530151367, 2.365107297897339, -2.8777236938476562], "start_rotation": [0, 0.5455989822754931, 0, 0.8380463892529734]}