{"episode_id": "42973", "start_position": [-4.207243919372559, 0.15964920818805695, 5.126934051513672], "start_rotation": [0, 0.965824542741211, 0, -0.25919674503884266]}