{"episode_id": "62385", "start_position": [-0.26694583892822266, 0.1662864238023758, -0.3087828457355499], "start_rotation": [0, 0.8878682199711454, 0, -0.46009784173072343]}