{"episode_id": "450", "start_position": [-1.9088852405548096, 0.12194900214672089, 0.9832074046134949], "start_rotation": [0, 0.620137238462839, 0, 0.7844933431659469]}