{"episode_id": "23927", "start_position": [-1.4120635986328125, 0.34567874670028687, -4.368412017822266], "start_rotation": [0, 0.44758913563376096, 0, 0.8942393223643337]}