{"episode_id": "15445", "start_position": [-1.3327080011367798, 0.17635054886341095, -0.3417356610298157], "start_rotation": [0, 0.935089320218057, 0, 0.354412137509612]}