{"episode_id": "3990", "start_position": [-8.61862850189209, 0.11509490013122559, -1.1774729490280151], "start_rotation": [0, 0.8358120121810382, 0, 0.5490157377470013]}