{"episode_id": "42005", "start_position": [2.7190985679626465, -2.967862606048584, 4.260063648223877], "start_rotation": [0, 0.9804469728663077, 0, -0.19678346830283722]}