{"episode_id": "13574", "start_position": [0.3387778699398041, 0.11509490013122559, 0.07601556181907654], "start_rotation": [0, 0.43220371733025853, 0, 0.9017759958692103]}