{"episode_id": "47143", "start_position": [7.217374801635742, 0.09678955376148224, -2.2706174850463867], "start_rotation": [0, 0.03721696653379137, 0, 0.9993072087211333]}