{"episode_id": "55934", "start_position": [-8.706648826599121, 0.1672901213169098, 3.0860695838928223], "start_rotation": [0, 0.9999978986960512, 0, -0.0020500252394038644]}