{"episode_id": "29700", "start_position": [2.668614625930786, 0.15964920818805695, 3.323648452758789], "start_rotation": [0, 0.9602489801257147, 0, -0.27914493756384834]}