{"episode_id": "21433", "start_position": [1.9520787000656128, 2.576350688934326, -1.3236377239227295], "start_rotation": [0, 0.8485218460216378, 0, 0.5291603507671677]}