{"episode_id": "53322", "start_position": [6.897592067718506, -2.943950891494751, -1.8448264598846436], "start_rotation": [0, 0.32886072540175976, 0, -0.944378432244314]}