{"episode_id": "18250", "start_position": [-4.0836286544799805, 0.14340753853321075, 1.1911084651947021], "start_rotation": [0, 0.9897580557490946, 0, 0.14275500369434407]}