{"episode_id": "3143", "start_position": [-1.8726764917373657, 0.1751515418291092, -3.0033223628997803], "start_rotation": [0, 0.8024983601293605, 0, -0.5966543236998181]}