{"episode_id": "32818", "start_position": [2.515846014022827, 0.09678955376148224, -3.193218231201172], "start_rotation": [0, 0.789688864746324, 0, 0.6135075361359972]}