{"episode_id": "747", "start_position": [-0.704607367515564, 0.15165157616138458, 6.899635314941406], "start_rotation": [0, 0.4417965063423944, 0, 0.8971152919127254]}