{"episode_id": "61776", "start_position": [-5.006840705871582, 0.18483838438987732, 1.4507312774658203], "start_rotation": [0, 0.9225133405607905, 0, -0.38596520113524624]}