{"episode_id": "55174", "start_position": [0.7882175445556641, -2.2229726314544678, 6.356135845184326], "start_rotation": [0, 0.5983033115080578, 0, -0.8012697095475979]}