{"episode_id": "62613", "start_position": [-0.10492810606956482, 0.037133216857910156, -4.750929832458496], "start_rotation": [0, 0.902059988814804, 0, -0.4316106770915609]}