{"episode_id": "10010", "start_position": [2.3732991218566895, 0.14570780098438263, -2.6695733070373535], "start_rotation": [0, 0.12814781638742453, 0, 0.9917550792182186]}