{"episode_id": "7205", "start_position": [-4.027825355529785, 0.037133216857910156, -0.18295152485370636], "start_rotation": [0, 0.32343466243404534, 0, 0.9462505054879364]}