{"episode_id": "40962", "start_position": [-7.809774875640869, 0.10841822624206543, -6.255939483642578], "start_rotation": [0, 0.9872828990207994, 0, 0.15897319680086358]}