{"episode_id": "60689", "start_position": [5.15450382232666, 0.17646045982837677, -6.459714889526367], "start_rotation": [0, 0.8860709376437359, 0, 0.46354966666275427]}