{"episode_id": "1292", "start_position": [-5.066324234008789, -2.8849050998687744, 1.4193204641342163], "start_rotation": [0, 0.9981078962450187, 0, -0.061486807148711665]}