{"episode_id": "25807", "start_position": [-1.6288042068481445, -2.7655179500579834, 7.5423431396484375], "start_rotation": [0, 0.20100234113339038, 0, 0.9795907609093177]}