{"episode_id": "25834", "start_position": [-0.07049314677715302, 0.17002512514591217, -1.0755337476730347], "start_rotation": [0, 0.5957064215864251, 0, 0.8032022530351222]}