{"episode_id": "12144", "start_position": [-0.14791569113731384, 0.1751515418291092, -2.5982954502105713], "start_rotation": [0, 0.7840359884815891, 0, -0.6207153685592919]}