{"episode_id": "29714", "start_position": [-1.769716501235962, 0.12114477157592773, -7.570366859436035], "start_rotation": [0, 0.5082932412374214, 0, 0.8611840575117241]}