{"episode_id": "20362", "start_position": [3.25740647315979, 0.15289896726608276, 1.5722966194152832], "start_rotation": [0, 0.6250857770118244, 0, 0.7805560654927509]}