{"episode_id": "27947", "start_position": [-3.740696668624878, 0.17702746391296387, 7.8491973876953125], "start_rotation": [0, 0.7499250701532435, 0, -0.6615227805266065]}