{"episode_id": "65933", "start_position": [-4.023911476135254, 1.662041425704956, -5.542123794555664], "start_rotation": [0, 0.47783094761592393, 0, -0.8784518117122123]}