{"episode_id": "52115", "start_position": [-2.8441989421844482, 0.08820843696594238, 5.112514972686768], "start_rotation": [0, 0.7683602546764188, 0, 0.6400175927531905]}