{"episode_id": "26586", "start_position": [-1.4202568531036377, 0.17002512514591217, 2.7878503799438477], "start_rotation": [0, 0.9064003537318692, 0, 0.42241969503651505]}