{"episode_id": "47515", "start_position": [-0.18782547116279602, 3.1651172637939453, 0.07220910489559174], "start_rotation": [0, 0.44335244332606927, 0, 0.8963473718357211]}