{"episode_id": "15928", "start_position": [-6.1512532234191895, 0.17000891268253326, -2.956777572631836], "start_rotation": [0, 0.6227033617918513, 0, 0.7824580009260093]}