{"episode_id": "30784", "start_position": [-3.3840701580047607, 0.0701034814119339, 2.0229287147521973], "start_rotation": [0, 0.25559073105116065, 0, 0.9667850734267329]}