{"episode_id": "54016", "start_position": [7.266239166259766, 0.17970331013202667, -3.379748821258545], "start_rotation": [0, 0.060502660069092454, 0, 0.998168036016263]}