{"episode_id": "45534", "start_position": [-0.10564754158258438, 0.014962434768676758, 6.411271095275879], "start_rotation": [0, 0.2555565369838301, 0, -0.9667941127276439]}