{"episode_id": "25434", "start_position": [-1.2592986822128296, 0.12114477157592773, 0.3109901547431946], "start_rotation": [0, 0.7167237641028916, 0, -0.6973571867918065]}