{"episode_id": "41488", "start_position": [-5.3056321144104, 2.7005860805511475, 0.058112673461437225], "start_rotation": [0, 0.49954123584834353, 0, 0.8662901094247294]}