{"episode_id": "11301", "start_position": [-1.3830243349075317, 0.12194900214672089, 0.5720112323760986], "start_rotation": [0, 0.9378379707468344, 0, -0.3470733937158823]}