{"episode_id": "57371", "start_position": [-7.797816276550293, 0.17635054886341095, 0.4339076578617096], "start_rotation": [0, 0.8303447228630894, 0, 0.5572500706266615]}