{"episode_id": "33554", "start_position": [-11.611628532409668, 0.062041521072387695, -0.8763449192047119], "start_rotation": [0, 0.9948635924101736, 0, -0.10122466348041767]}