{"episode_id": "10424", "start_position": [0.7325851917266846, 0.16646166145801544, -3.5373990535736084], "start_rotation": [0, 0.7142176683253243, 0, 0.6999236545880821]}