{"episode_id": "48905", "start_position": [-6.492251873016357, 0.20017647743225098, -4.39472770690918], "start_rotation": [0, 0.18611155759992526, 0, -0.9825286194954983]}