{"episode_id": "16547", "start_position": [0.7443825006484985, 0.17970331013202667, -3.3189215660095215], "start_rotation": [0, 0.07809561105954656, 0, 0.9969458739235727]}