{"episode_id": "47378", "start_position": [-0.4518580436706543, 0.18463699519634247, 2.3210442066192627], "start_rotation": [0, 0.24849652308478068, 0, -0.968632788013484]}