{"episode_id": "9594", "start_position": [-2.8417787551879883, 0.18321557343006134, 1.0276730060577393], "start_rotation": [0, 0.9761755560927922, 0, 0.21698221974836557]}