{"episode_id": "43863", "start_position": [-3.301591634750366, 3.683565139770508, 1.380892276763916], "start_rotation": [0, 0.9923995868872866, 0, 0.1230571409790711]}