{"episode_id": "13011", "start_position": [-0.6328560709953308, 3.683565139770508, -3.414508819580078], "start_rotation": [0, 0.8856975599183362, 0, -0.4642626760301814]}