{"episode_id": "57053", "start_position": [-0.8081573247909546, 0.014962434768676758, 4.476202011108398], "start_rotation": [0, 0.8901409060952636, 0, 0.45568538192035846]}