{"episode_id": "27872", "start_position": [3.353463888168335, 0.17970331013202667, -0.8394771218299866], "start_rotation": [0, 0.6362086955207708, 0, 0.7715170093677516]}