{"episode_id": "3302", "start_position": [5.51448917388916, 0.14657917618751526, 9.498270034790039], "start_rotation": [0, 0.8779923559521089, 0, 0.4786746524411601]}