{"episode_id": "5536", "start_position": [0.9729632139205933, 0.17282123863697052, -4.144514560699463], "start_rotation": [0, 0.6123496267124767, 0, 0.7905870822781577]}