{"episode_id": "42935", "start_position": [-2.440769910812378, 0.15289896726608276, -0.7629212737083435], "start_rotation": [0, 0.7132329104645359, 0, -0.7009271113534469]}