{"episode_id": "46460", "start_position": [1.8488256931304932, 0.17002512514591217, -4.441217422485352], "start_rotation": [0, 0.6151180145164379, 0, 0.7884350500943976]}