{"episode_id": "37538", "start_position": [-0.5368353128433228, 0.10009738802909851, 1.9027541875839233], "start_rotation": [0, 0.9997785697935504, 0, -0.021043083936603865]}