{"episode_id": "55174", "start_position": [-4.213910102844238, 0.08820843696594238, 6.2069172859191895], "start_rotation": [0, 0.3003840758697562, 0, 0.9538183301676858]}