{"episode_id": "61415", "start_position": [-1.0163878202438354, 0.1662864238023758, -1.145782470703125], "start_rotation": [0, 0.9525775557854554, 0, 0.30429590896659725]}