{"episode_id": "64080", "start_position": [-2.3870739936828613, 0.17923279106616974, 1.595906138420105], "start_rotation": [0, 0.9687156199825258, 0, 0.24817342243252152]}