{"episode_id": "39382", "start_position": [-8.75414752960205, 3.1434075832366943, -2.0249228477478027], "start_rotation": [0, 0.3795043153954228, 0, -0.9251899667615573]}