{"episode_id": "62941", "start_position": [5.212370872497559, 0.18360306322574615, -1.4612419605255127], "start_rotation": [0, 0.24978983669669527, 0, 0.9683000761556504]}