{"episode_id": "47342", "start_position": [-1.1120967864990234, -2.852285146713257, 4.204904079437256], "start_rotation": [0, 0.9511646024535573, 0, -0.3086841412177929]}