{"episode_id": "18206", "start_position": [2.484219789505005, 0.1887628585100174, 4.8291425704956055], "start_rotation": [0, 0.5617321485498763, 0, -0.8273191604728731]}