{"episode_id": "42619", "start_position": [-6.172748565673828, 2.7005860805511475, 0.10708528757095337], "start_rotation": [0, 0.6617602856856474, 0, 0.7497154955643177]}