{"episode_id": "3665", "start_position": [-4.7609663009643555, -1.002579927444458, 1.7647991180419922], "start_rotation": [0, 0.9005414516901765, 0, -0.43477016202558033]}