{"episode_id": "64849", "start_position": [0.5692734122276306, 2.576350688934326, 1.8853740692138672], "start_rotation": [0, 0.1889628714707905, 0, -0.9819842326664484]}