{"episode_id": "33602", "start_position": [-4.997885227203369, 0.14340916275978088, -4.873754501342773], "start_rotation": [0, 0.39074835920006845, 0, 0.9204975392593151]}