{"episode_id": "59613", "start_position": [1.327538251876831, 0.18463699519634247, 6.96213436126709], "start_rotation": [0, 0.9195266305874736, 0, -0.3930277034007244]}