{"episode_id": "27861", "start_position": [-3.0164709091186523, 0.15289896726608276, -1.0951036214828491], "start_rotation": [0, 0.6854076338616084, 0, -0.7281595810289331]}