{"episode_id": "4493", "start_position": [0.194248765707016, 0.15289896726608276, -1.0849435329437256], "start_rotation": [0, 0.9903504400969699, 0, -0.1385857344741439]}