{"episode_id": "41290", "start_position": [-9.51308822631836, 0.11509490013122559, 2.3975443840026855], "start_rotation": [0, 0.9684850722158254, 0, -0.2490716059592253]}