{"episode_id": "65569", "start_position": [-8.618165969848633, 0.10332941263914108, -2.9923148155212402], "start_rotation": [0, 0.7725124782048648, 0, 0.634999583478429]}