{"episode_id": "35995", "start_position": [1.398048996925354, -2.8849050998687744, 5.325882434844971], "start_rotation": [0, 0.9005764786099741, 0, 0.4346976031386172]}