{"episode_id": "55469", "start_position": [-0.33596453070640564, 0.1719042807817459, -0.35014331340789795], "start_rotation": [0, 0.6176338980720878, 0, -0.7864657449325291]}