{"episode_id": "2157", "start_position": [-4.518319606781006, 0.17923279106616974, 3.322986364364624], "start_rotation": [0, 0.2738626067192879, 0, -0.9617688249475113]}