{"episode_id": "34394", "start_position": [0.049331262707710266, 0.1649409383535385, 0.18901248276233673], "start_rotation": [0, 0.8188499375686447, 0, 0.5740076478095276]}