{"episode_id": "51368", "start_position": [1.7265148162841797, 0.18360306322574615, -3.372384548187256], "start_rotation": [0, 0.23441240260555365, 0, 0.9721372462284797]}