{"episode_id": "35254", "start_position": [0.22241570055484772, 0.14570780098438263, -1.6864668130874634], "start_rotation": [0, 0.5020428377945266, 0, -0.8648427539265265]}