{"episode_id": "66196", "start_position": [-2.5402026176452637, -2.967862606048584, -4.877839088439941], "start_rotation": [0, 0.8076394026909764, 0, -0.5896766870251551]}