{"episode_id": "44418", "start_position": [-7.84512186050415, 0.044724658131599426, 5.11976957321167], "start_rotation": [0, 0.9203000452659886, 0, -0.39121327518812465]}