{"episode_id": "46955", "start_position": [-6.5459065437316895, 0.1005861759185791, -0.6206008195877075], "start_rotation": [0, 0.8006567567541171, 0, 0.5991233244199216]}