{"episode_id": "44350", "start_position": [-1.950271487236023, 0.16243858635425568, 1.4582065343856812], "start_rotation": [0, 0.691009706425772, 0, -0.7228454783875794]}