{"episode_id": "8597", "start_position": [-1.7004117965698242, 0.1649409383535385, -1.7602750062942505], "start_rotation": [0, 0.8932398127284001, 0, 0.44958051220769407]}