{"episode_id": "41005", "start_position": [-0.11477093398571014, 0.18463699519634247, -0.13003045320510864], "start_rotation": [0, 0.018803873556566875, 0, -0.9998231915390183]}