{"episode_id": "57985", "start_position": [-5.532950401306152, 0.08820843696594238, 0.9867535829544067], "start_rotation": [0, 0.7098920349223552, 0, 0.7043105130223442]}