{"episode_id": "2593", "start_position": [-15.610508918762207, -2.852285146713257, 14.403413772583008], "start_rotation": [0, 0.8772797076473577, 0, 0.47997949388506844]}