{"episode_id": "56926", "start_position": [-7.427317142486572, 0.15165157616138458, 0.7231606841087341], "start_rotation": [0, 0.6844463199937317, 0, 0.7290632586045179]}