{"episode_id": "32202", "start_position": [-10.901113510131836, 0.14771485328674316, 3.2881245613098145], "start_rotation": [0, 0.7525597122163831, 0, 0.6585240159240927]}