{"episode_id": "23416", "start_position": [1.1039685010910034, 0.0701034814119339, 1.8965604305267334], "start_rotation": [0, 0.41661081480130346, 0, 0.9090849404706879]}