{"episode_id": "62129", "start_position": [1.3532185554504395, 2.365107297897339, -8.301095008850098], "start_rotation": [0, 0.8164681289688482, 0, 0.5773905042327144]}