{"episode_id": "40826", "start_position": [-0.30088478326797485, 0.14570780098438263, -0.4955565929412842], "start_rotation": [0, 0.6429311715618833, 0, -0.7659239574749338]}