{"episode_id": "29064", "start_position": [1.9512109756469727, 0.17800255119800568, -1.392541766166687], "start_rotation": [0, 0.8973253396499249, 0, -0.4413697257653122]}