{"episode_id": "56512", "start_position": [-2.856374740600586, 1.5970072746276855, 0.1390853077173233], "start_rotation": [0, 0.9528305063064029, 0, 0.3035029262657676]}