{"episode_id": "36818", "start_position": [-1.9440404176712036, 0.15964920818805695, 5.116323947906494], "start_rotation": [0, 0.43292759797724756, 0, 0.9014286965199471]}