{"episode_id": "55454", "start_position": [0.5663616061210632, 0.12114477157592773, -7.319878101348877], "start_rotation": [0, 0.9867312654571794, 0, -0.16236197143812164]}