{"episode_id": "2674", "start_position": [-4.540482044219971, 0.03310127556324005, -5.266858100891113], "start_rotation": [0, 0.9302893897397861, 0, 0.3668264594294915]}