{"episode_id": "46330", "start_position": [0.9665060639381409, 0.037133216857910156, -6.503807067871094], "start_rotation": [0, 0.43080377578789286, 0, 0.9024456253796651]}