{"episode_id": "21834", "start_position": [-3.1979105472564697, 0.044724658131599426, 6.542008876800537], "start_rotation": [0, 0.7608846761684125, 0, -0.6488871316123399]}