{"episode_id": "51909", "start_position": [-2.485173463821411, 0.1751515418291092, -0.7332548499107361], "start_rotation": [0, 0.1036180741087149, 0, 0.9946171598750952]}