{"episode_id": "51137", "start_position": [1.0287153720855713, 0.15964920818805695, 3.6904122829437256], "start_rotation": [0, 0.4352889222744517, 0, 0.9002908164283063]}