{"episode_id": "37901", "start_position": [-10.017494201660156, 0.14340753853321075, -0.11273600906133652], "start_rotation": [0, 0.59224528316588, 0, 0.8057577331727984]}