{"episode_id": "63630", "start_position": [-7.301944255828857, 0.08820843696594238, 6.046904563903809], "start_rotation": [0, 0.5560795090412805, 0, 0.8311290992525822]}