{"episode_id": "57951", "start_position": [-0.44846150279045105, 0.12324567139148712, -3.8943183422088623], "start_rotation": [0, 0.9974615137784866, 0, 0.07120764376617202]}