{"episode_id": "20266", "start_position": [-8.593177795410156, -2.852285146713257, 4.4412841796875], "start_rotation": [0, 0.8168951821124463, 0, -0.5767861487947447]}