{"episode_id": "5503", "start_position": [-0.14513608813285828, 0.17800255119800568, -0.23483851552009583], "start_rotation": [0, 0.31412171449177595, 0, -0.9493827197104164]}