{"episode_id": "55656", "start_position": [-3.948498249053955, 0.17949719727039337, 8.740845680236816], "start_rotation": [0, 0.7323121003001472, 0, 0.6809691533057773]}