{"episode_id": "64388", "start_position": [2.0411436557769775, 0.021137923002243042, 0.15002192556858063], "start_rotation": [0, 0.48735286728005617, 0, -0.8732051206640442]}