{"episode_id": "63909", "start_position": [-0.043934546411037445, 0.17635054886341095, -1.5512512922286987], "start_rotation": [0, 0.9969030799984404, 0, 0.07863999675497861]}