{"episode_id": "1278", "start_position": [0.09931985288858414, 3.1434075832366943, -2.2771570682525635], "start_rotation": [0, 0.18752662004602616, 0, -0.982259521091098]}