{"episode_id": "6034", "start_position": [-1.2929599285125732, 0.11722072213888168, -0.5919513702392578], "start_rotation": [0, 0.9466059198201712, 0, -0.32239297846170223]}