{"episode_id": "39960", "start_position": [-0.921928882598877, 0.25121915340423584, -4.203625679016113], "start_rotation": [0, 0.5952356333719563, 0, -0.8035512060623679]}