{"episode_id": "37290", "start_position": [4.850300312042236, 0.5105215311050415, -2.1430156230926514], "start_rotation": [0, 0.988391137500653, 0, -0.15193077143938039]}