{"episode_id": "17713", "start_position": [-2.729351758956909, 0.16646166145801544, 1.1377595663070679], "start_rotation": [0, 0.5149845883755244, 0, 0.8571994363832093]}