{"episode_id": "47029", "start_position": [-2.6839733123779297, 0.0701034814119339, 5.117814064025879], "start_rotation": [0, 0.1188907509437072, 0, 0.9929073417696344]}