{"episode_id": "24391", "start_position": [-6.605878829956055, 3.0807693004608154, -0.2931082546710968], "start_rotation": [0, 0.07736396639411375, 0, 0.9970029170989273]}