{"episode_id": "29064", "start_position": [1.1783839464187622, 0.17949719727039337, 8.208417892456055], "start_rotation": [0, 0.9816639830371463, 0, 0.1906195803364527]}