{"episode_id": "15669", "start_position": [0.7945412397384644, 0.15562696754932404, -0.16453856229782104], "start_rotation": [0, 0.28684922537319135, 0, 0.9579757418133301]}