{"episode_id": "17411", "start_position": [1.5220361948013306, 2.365107297897339, -6.138647556304932], "start_rotation": [0, 0.5274011305793465, 0, 0.8496164119551994]}