{"episode_id": "60544", "start_position": [-0.5854122042655945, 0.12324567139148712, -1.0591858625411987], "start_rotation": [0, 0.27312396707240316, 0, -0.9619788451991201]}