{"episode_id": "32224", "start_position": [-0.3978911340236664, 0.109517902135849, 0.34520092606544495], "start_rotation": [0, 0.6222560456792903, 0, -0.7828137796536115]}