{"episode_id": "11988", "start_position": [-1.9274425506591797, 0.1662864238023758, -0.4756760597229004], "start_rotation": [0, 0.5167082130243512, 0, -0.8561615633705951]}