{"episode_id": "59109", "start_position": [1.0903315544128418, 0.0701034814119339, 0.4390619397163391], "start_rotation": [0, 0.9938318716498027, 0, -0.11089729885371455]}