{"episode_id": "4971", "start_position": [-3.5102744102478027, 0.17949719727039337, 6.563370704650879], "start_rotation": [0, 0.12500136253284871, 0, 0.9921565699852677]}