{"episode_id": "54794", "start_position": [-0.779112696647644, 0.025033235549926758, -1.940503716468811], "start_rotation": [0, 0.2981983896191984, 0, 0.9545039132599283]}