{"episode_id": "31411", "start_position": [-0.20315977931022644, 0.17702746391296387, 6.059630393981934], "start_rotation": [0, 0.30579926307814764, 0, -0.9520960091822998]}