{"episode_id": "43130", "start_position": [0.7639136910438538, 0.1751515418291092, 0.9151630401611328], "start_rotation": [0, 0.9705596545981711, 0, 0.24086086619930383]}