{"episode_id": "45521", "start_position": [-0.05288296192884445, 0.17282123863697052, -6.371367454528809], "start_rotation": [0, 0.3358212872213331, 0, 0.9419257205581589]}