{"episode_id": "42277", "start_position": [-16.14678955078125, 0.14771485328674316, 1.986694097518921], "start_rotation": [0, 0.4522829430116461, 0, 0.8918745088075587]}