{"episode_id": "4904", "start_position": [-3.4677541255950928, 0.12194900214672089, 1.3652466535568237], "start_rotation": [0, 0.9997479303415792, 0, -0.022451631961376096]}