{"episode_id": "61384", "start_position": [0.44412872195243835, 0.17949719727039337, 7.534964561462402], "start_rotation": [0, 0.9999963793628461, 0, 0.0026909591596235073]}