{"episode_id": "22656", "start_position": [2.418774366378784, 0.19309520721435547, -2.7749929428100586], "start_rotation": [0, 0.7069042606687463, 0, 0.707309243717607]}