{"episode_id": "56554", "start_position": [0.8794161081314087, 0.17702746391296387, 6.945764064788818], "start_rotation": [0, 0.9645024338530623, 0, 0.2640739576170265]}