{"episode_id": "33602", "start_position": [-0.5370734333992004, 0.17800255119800568, -3.733595609664917], "start_rotation": [0, 0.7499683466243156, 0, 0.6614737175894372]}