{"episode_id": "54371", "start_position": [0.05903725326061249, 0.0701034814119339, 0.21691036224365234], "start_rotation": [0, 0.6401129979347792, 0, 0.7682807754167414]}