{"episode_id": "66441", "start_position": [6.219973087310791, 0.18360306322574615, -5.612381935119629], "start_rotation": [0, 0.7501387302348395, 0, -0.6612804892038345]}