{"episode_id": "22097", "start_position": [-0.8767439126968384, 0.15289896726608276, -0.9475964307785034], "start_rotation": [0, 0.32696982465827096, 0, 0.9450347791287576]}