{"episode_id": "42756", "start_position": [-8.917712211608887, 0.09759783744812012, -0.5269296169281006], "start_rotation": [0, 0.3510603279326086, 0, 0.9363528427637998]}