{"episode_id": "30031", "start_position": [-6.094472885131836, 0.14340753853321075, 1.6167848110198975], "start_rotation": [0, 0.6998387461424547, 0, -0.7143008675605518]}