{"episode_id": "33966", "start_position": [-5.172386646270752, 0.08820843696594238, 3.896014928817749], "start_rotation": [0, 0.11333010024542638, 0, 0.9935573905811187]}