{"episode_id": "5293", "start_position": [0.8215669393539429, 0.12194900214672089, 0.45461463928222656], "start_rotation": [0, 0.586532981410024, 0, -0.8099253432991639]}