{"episode_id": "63385", "start_position": [-1.3370771408081055, 0.1005861759185791, -0.5722935199737549], "start_rotation": [0, 0.09954720376213458, 0, -0.9950328407761927]}