{"episode_id": "13418", "start_position": [-7.643547058105469, 0.044724658131599426, 5.408616542816162], "start_rotation": [0, 0.8576445441512409, 0, 0.5142429735908992]}