{"episode_id": "67130", "start_position": [-5.052419185638428, 3.683565139770508, -2.889425039291382], "start_rotation": [0, 0.8786078263186624, 0, -0.47754401632896115]}