{"episode_id": "37874", "start_position": [-1.0386532545089722, 0.1005861759185791, -0.2452678084373474], "start_rotation": [0, 0.1445698677158654, 0, -0.9894945949062164]}