{"episode_id": "57444", "start_position": [2.555511474609375, 0.16243858635425568, -1.0233511924743652], "start_rotation": [0, 0.8519180191464857, 0, -0.5236751747539004]}