{"episode_id": "32997", "start_position": [-5.69418478012085, 0.3780025541782379, 1.1779959201812744], "start_rotation": [0, 0.772751977632838, 0, 0.6347081069787417]}