{"episode_id": "20150", "start_position": [-0.5736649036407471, 0.19309520721435547, -1.5813230276107788], "start_rotation": [0, 0.9480382952255824, 0, -0.3181562364401673]}