{"episode_id": "55249", "start_position": [1.5813117027282715, 1.662041425704956, -4.940832138061523], "start_rotation": [0, 0.24799164828557585, 0, -0.9687621701845109]}