{"episode_id": "34394", "start_position": [0.5528813600540161, 0.14570780098438263, -3.1712183952331543], "start_rotation": [0, 0.8819262314716254, 0, 0.4713874438742053]}