{"episode_id": "61754", "start_position": [1.1223307847976685, 0.14570780098438263, -0.4948175549507141], "start_rotation": [0, 0.442523915362748, 0, -0.8967567029757979]}