{"episode_id": "50744", "start_position": [-3.5237674713134766, 0.17282123863697052, 0.25019606947898865], "start_rotation": [0, 0.9806335693748469, 0, -0.1958514810134132]}