{"episode_id": "11437", "start_position": [10.369745254516602, 0.14657917618751526, 11.810718536376953], "start_rotation": [0, 0.8614696298647821, 0, 0.5078090948581319]}