{"episode_id": "18932", "start_position": [1.743425726890564, 3.683565139770508, -8.035470962524414], "start_rotation": [0, 0.4892863019373327, 0, 0.8721232222206271]}