{"episode_id": "52180", "start_position": [-5.48752498626709, 0.17923279106616974, 3.8754594326019287], "start_rotation": [0, 0.9428670239270124, 0, -0.33316928908742277]}