{"episode_id": "27151", "start_position": [-0.5001165270805359, 0.014962434768676758, 5.606690883636475], "start_rotation": [0, 0.9121841711328309, 0, 0.40978047529709166]}