{"episode_id": "61477", "start_position": [-1.2969098091125488, 0.0701034814119339, 8.238311767578125], "start_rotation": [0, 0.47693522340067107, 0, -0.878938446468097]}