{"episode_id": "9231", "start_position": [2.9945108890533447, 0.17970331013202667, -0.7413754463195801], "start_rotation": [0, 0.5930676901158324, 0, -0.8051526035110804]}