{"episode_id": "66108", "start_position": [-2.70739483833313, 0.025033235549926758, -4.025538444519043], "start_rotation": [0, 0.056255706027522064, 0, 0.9984163938654779]}