{"episode_id": "38508", "start_position": [2.796218156814575, 0.014962434768676758, 7.685250759124756], "start_rotation": [0, 0.8483752855012117, 0, -0.5293952917723557]}