{"episode_id": "65238", "start_position": [-1.1312426328659058, 0.1662864238023758, -1.1705231666564941], "start_rotation": [0, 0.01900520610888021, 0, 0.999819384759447]}