{"episode_id": "50295", "start_position": [-1.500556230545044, 1.5970072746276855, -4.48229455947876], "start_rotation": [0, 0.6443257423617538, 0, 0.7647511606594494]}