{"episode_id": "66839", "start_position": [4.1511430740356445, 0.07167166471481323, 6.619535446166992], "start_rotation": [0, 0.7891431871598301, 0, -0.6142092722836617]}