{"episode_id": "35915", "start_position": [0.8577185869216919, 0.1719042807817459, -6.750068187713623], "start_rotation": [0, 0.012807610224404034, 0, 0.9999179791964637]}