{"episode_id": "20150", "start_position": [-1.9571974277496338, -2.511791467666626, 1.6943408250808716], "start_rotation": [0, 0.22390117536764959, 0, 0.9746118528260289]}