{"episode_id": "12228", "start_position": [4.420722961425781, 0.1887628585100174, 0.9416896104812622], "start_rotation": [0, 0.20823989208155846, 0, 0.9780777818485915]}