{"episode_id": "49160", "start_position": [-1.8279263973236084, 0.09227518737316132, 1.3216702938079834], "start_rotation": [0, 0.8181063127292613, 0, -0.5750670057241436]}