{"episode_id": "34150", "start_position": [2.924982786178589, 0.1662864238023758, -1.3767553567886353], "start_rotation": [0, 0.22678480763296058, 0, -0.9739448911652451]}