{"episode_id": "38965", "start_position": [-0.10828113555908203, 0.15964920818805695, 3.257157325744629], "start_rotation": [0, 0.2800404490409395, 0, 0.9599882014384078]}