{"episode_id": "33693", "start_position": [-1.5484153032302856, 3.3211450576782227, -4.7054243087768555], "start_rotation": [0, 0.6523339601639359, 0, -0.7579316621020898]}