{"episode_id": "45870", "start_position": [-5.901679515838623, 0.1080550104379654, -11.44472599029541], "start_rotation": [0, 0.9568676195334753, 0, 0.29052428244183015]}