{"episode_id": "48716", "start_position": [1.0218799114227295, 0.08076925575733185, -0.35075780749320984], "start_rotation": [0, 0.7698043817026979, 0, -0.6382798868140268]}