{"episode_id": "27940", "start_position": [-7.149691581726074, -0.738860547542572, -1.6403429508209229], "start_rotation": [0, 0.1614679979997965, 0, -0.9868779486957532]}