{"episode_id": "7930", "start_position": [-5.505950927734375, -0.03270988166332245, 7.2381486892700195], "start_rotation": [0, 0.9978484437214248, 0, 0.06556281997237882]}