{"episode_id": "5207", "start_position": [-2.683478832244873, 0.12194900214672089, 1.2341558933258057], "start_rotation": [0, 0.7949332448560168, 0, 0.6066969063895777]}