{"episode_id": "56564", "start_position": [3.2637076377868652, 3.2750470638275146, -0.1767970621585846], "start_rotation": [0, 0.9876258844379091, 0, -0.1568282895023659]}