{"episode_id": "58664", "start_position": [0.2984732985496521, 0.1719042807817459, -4.714993000030518], "start_rotation": [0, 0.539433665365098, 0, 0.8420280996919137]}