{"episode_id": "43012", "start_position": [-4.387911796569824, 0.1514829844236374, 0.18078292906284332], "start_rotation": [0, 0.9983182113796899, 0, -0.057971965877109774]}