{"episode_id": "3288", "start_position": [0.08082793653011322, 0.14657917618751526, 13.22587776184082], "start_rotation": [0, 0.5998911101683128, 0, 0.8000816557958502]}