{"episode_id": "64594", "start_position": [-0.7270220518112183, 0.18463699519634247, 4.2808613777160645], "start_rotation": [0, 0.8753583805477683, 0, -0.4834746173324806]}