{"episode_id": "11438", "start_position": [1.5324976444244385, 0.12324567139148712, -0.986966609954834], "start_rotation": [0, 0.2333130309934824, 0, 0.9724016811835705]}