{"episode_id": "44114", "start_position": [2.467244863510132, 0.16243858635425568, -0.42901045083999634], "start_rotation": [0, 0.9802893636743246, 0, -0.19756711129888924]}