{"episode_id": "3536", "start_position": [-3.067290782928467, 0.046716541051864624, 14.421841621398926], "start_rotation": [0, 0.6266035067827603, 0, -0.7793382098213505]}