{"episode_id": "43451", "start_position": [-3.236147403717041, 0.26423537731170654, -4.527483940124512], "start_rotation": [0, 0.1538105148414036, 0, -0.9881003620706869]}