{"episode_id": "52613", "start_position": [-2.114971399307251, 0.22995254397392273, 6.685093879699707], "start_rotation": [0, 0.2770332579488005, 0, -0.9608603301158152]}