{"episode_id": "51351", "start_position": [1.1908868551254272, 0.17002512514591217, -5.648247718811035], "start_rotation": [0, 0.4297312984766233, 0, -0.9029568157501195]}