{"episode_id": "34272", "start_position": [-3.429037094116211, 0.1649409383535385, 0.17517445981502533], "start_rotation": [0, 0.4181367588964164, 0, -0.9083840877402026]}