{"episode_id": "15928", "start_position": [0.2853121757507324, 0.15289896726608276, -1.1778079271316528], "start_rotation": [0, 0.754701301046333, 0, -0.656068552972151]}