{"episode_id": "9183", "start_position": [-1.267379641532898, 0.17002512514591217, -5.537715911865234], "start_rotation": [0, 0.8688418380917301, 0, -0.49508974982459886]}