{"episode_id": "66632", "start_position": [1.2262688875198364, 0.021137923002243042, -0.14982587099075317], "start_rotation": [0, 0.9462365812617972, 0, -0.32347539671818354]}