{"episode_id": "60695", "start_position": [0.9239388704299927, 0.0701034814119339, 1.4047528505325317], "start_rotation": [0, 0.032726274735110375, 0, 0.9994643520115973]}