{"episode_id": "10799", "start_position": [3.5416860580444336, -2.943950891494751, 4.0394110679626465], "start_rotation": [0, 0.9375804884532538, 0, -0.3477683534650012]}