{"episode_id": "56123", "start_position": [5.745689392089844, 0.09678955376148224, 1.6128596067428589], "start_rotation": [0, 0.6041080565508379, 0, 0.7969024131036181]}