{"episode_id": "47079", "start_position": [-7.276723861694336, -2.992358922958374, 0.48001280426979065], "start_rotation": [0, 0.9662429455973395, 0, -0.2576326262012964]}