{"episode_id": "41244", "start_position": [-6.526167869567871, 0.17923279106616974, 5.443149089813232], "start_rotation": [0, 0.98905926135442, 0, -0.14751873619662403]}