{"episode_id": "14213", "start_position": [-4.235663414001465, 0.17949719727039337, 7.013259410858154], "start_rotation": [0, 0.9853556593485627, 0, 0.17051165529006854]}