{"episode_id": "31614", "start_position": [-1.854913592338562, 0.15289896726608276, 1.0608078241348267], "start_rotation": [0, 0.627732078792536, 0, 0.7784294683879852]}