{"episode_id": "43277", "start_position": [3.8410370349884033, 0.09678955376148224, -6.492188930511475], "start_rotation": [0, 0.9854994843659374, 0, 0.16967842029695895]}