{"episode_id": "6978", "start_position": [-2.4895899295806885, 0.16243858635425568, -0.05504275858402252], "start_rotation": [0, 0.401985452534836, 0, -0.9156460538605314]}