{"episode_id": "59242", "start_position": [-1.7025758028030396, 0.17000891268253326, 0.07978244125843048], "start_rotation": [0, 0.9418564095065868, 0, 0.336015630397398]}