{"episode_id": "61155", "start_position": [-3.4141087532043457, 0.09678955376148224, -4.511343479156494], "start_rotation": [0, 0.4236928022466785, 0, 0.9058059446285154]}