{"episode_id": "50325", "start_position": [1.4653780460357666, 0.14570780098438263, -0.56831294298172], "start_rotation": [0, 0.2502945944273161, 0, 0.9681697247902691]}