{"episode_id": "41297", "start_position": [-2.171496629714966, -2.799823522567749, 0.11485977470874786], "start_rotation": [0, 0.7720097028941515, 0, -0.6356107445892367]}