{"episode_id": "1179", "start_position": [0.8338810801506042, 0.17002512514591217, -2.0106961727142334], "start_rotation": [0, 0.10265761973983047, 0, -0.9947167501904008]}