{"episode_id": "1548", "start_position": [-9.177075386047363, 0.027160650119185448, -1.7116410732269287], "start_rotation": [0, 0.8835122176317532, 0, 0.4684081140367036]}