{"episode_id": "17756", "start_position": [-3.4631102085113525, 0.1514829844236374, -0.8059687614440918], "start_rotation": [0, 0.9981513056856988, 0, 0.06077804667751868]}