{"episode_id": "34443", "start_position": [-2.658397674560547, 1.662041425704956, -5.0606279373168945], "start_rotation": [0, 0.9410743019010319, 0, -0.33819987921565753]}