{"episode_id": "48681", "start_position": [-1.2710436582565308, 0.03514885902404785, 0.14285166561603546], "start_rotation": [0, 0.7773325006748896, 0, 0.6290899644681377]}