{"episode_id": "35977", "start_position": [-1.163643717765808, 0.15964920818805695, 2.1098015308380127], "start_rotation": [0, 0.8204988703924516, 0, 0.5716481467517505]}