{"episode_id": "37482", "start_position": [1.4945926666259766, 0.17002512514591217, -1.776172399520874], "start_rotation": [0, 0.913916827165405, 0, 0.4059015065553702]}