{"episode_id": "28855", "start_position": [-0.9017548561096191, 0.029922693967819214, 1.3671337366104126], "start_rotation": [0, 0.6595244198977281, 0, 0.7516831377372817]}