{"episode_id": "4283", "start_position": [-3.4121828079223633, 0.17949719727039337, 4.725338935852051], "start_rotation": [0, 0.9738641091621753, 0, 0.22713145287644088]}