{"episode_id": "42522", "start_position": [1.875220537185669, 0.18463699519634247, 1.6628247499465942], "start_rotation": [0, 0.34866206086892393, 0, -0.9372485088335082]}