{"episode_id": "17905", "start_position": [3.609997034072876, 0.18360306322574615, -5.410881996154785], "start_rotation": [0, 0.15187396359182442, 0, 0.9883998680609529]}