{"episode_id": "65267", "start_position": [2.494788646697998, 0.014962434768676758, 2.7943341732025146], "start_rotation": [0, 0.9164301478405107, 0, 0.40019468278454134]}