{"episode_id": "37864", "start_position": [-1.9572547674179077, -0.004370076581835747, 11.18325138092041], "start_rotation": [0, 0.334397919928766, 0, 0.9424319769337809]}