{"episode_id": "60708", "start_position": [-0.8970875144004822, 0.1662864238023758, -1.2795655727386475], "start_rotation": [0, 0.6396378892899818, 0, 0.768676375716502]}