{"episode_id": "66608", "start_position": [0.521587610244751, 0.14570780098438263, -0.14407095313072205], "start_rotation": [0, 0.9994731498057722, 0, 0.03245647573795482]}