{"episode_id": "45299", "start_position": [-0.8941330313682556, 3.3211450576782227, -5.2273406982421875], "start_rotation": [0, 0.7699376861648832, 0, -0.6381190793441814]}