{"episode_id": "28469", "start_position": [-1.7257483005523682, 0.1751515418291092, -0.38721394538879395], "start_rotation": [0, 0.4044466585273042, 0, 0.9145615891814494]}