{"episode_id": "66647", "start_position": [-3.2876455783843994, 0.17949719727039337, -0.46077054738998413], "start_rotation": [0, 0.6613014020058477, 0, -0.7501202941562775]}