{"episode_id": "39646", "start_position": [3.039255380630493, 0.18321557343006134, -3.828629732131958], "start_rotation": [0, 0.9997317454151674, 0, -0.02316111416022235]}