{"episode_id": "40502", "start_position": [-2.188811779022217, 0.17282123863697052, 0.000517621636390686], "start_rotation": [0, 0.309965541770372, 0, -0.9507477914331434]}