{"episode_id": "19527", "start_position": [-2.868525981903076, 0.15964920818805695, 1.4884366989135742], "start_rotation": [0, 0.9815795344959741, 0, -0.1910539647813329]}