{"episode_id": "3137", "start_position": [-1.2703311443328857, 0.1719042807817459, -2.062101125717163], "start_rotation": [0, 0.9955944753125014, 0, 0.09376374953693441]}