{"episode_id": "17872", "start_position": [-0.7272152900695801, -2.8915817737579346, -5.100152492523193], "start_rotation": [0, 0.8706869229895655, 0, -0.4918376583131496]}