{"episode_id": "39533", "start_position": [0.6271771192550659, 0.14340916275978088, -4.091798305511475], "start_rotation": [0, 0.5205608864587691, 0, -0.8538245507651209]}