{"episode_id": "19302", "start_position": [-7.563257217407227, 3.1434075832366943, -1.7061582803726196], "start_rotation": [0, 0.9772466589918414, 0, 0.21210602888480953]}