{"episode_id": "31930", "start_position": [-10.64011287689209, 0.14340753853321075, -1.81284761428833], "start_rotation": [0, 0.8838068638272, 0, -0.4678519289817337]}