{"episode_id": "2155", "start_position": [-0.13024169206619263, 1.662041425704956, -6.1799116134643555], "start_rotation": [0, 0.6307629291791504, 0, 0.7759755970217994]}