{"episode_id": "55451", "start_position": [-2.1087160110473633, 0.1751515418291092, -2.476433038711548], "start_rotation": [0, 0.1401818584721592, 0, -0.9901257730992016]}