{"episode_id": "26456", "start_position": [-6.046702861785889, 0.15165157616138458, 4.625168800354004], "start_rotation": [0, 0.9318007939352303, 0, 0.3629700819925446]}