{"episode_id": "4763", "start_position": [2.046581983566284, 0.18463699519634247, -0.8919208645820618], "start_rotation": [0, 0.8446563219218195, 0, -0.535308974179869]}