{"episode_id": "51334", "start_position": [-1.9798473119735718, 0.1751515418291092, -2.4734504222869873], "start_rotation": [0, 0.996502990409959, 0, 0.08355710684321896]}