{"episode_id": "61502", "start_position": [-3.6997060775756836, 0.0701034814119339, 2.595762252807617], "start_rotation": [0, 0.3826465071662885, 0, -0.9238948265649286]}