{"episode_id": "49519", "start_position": [-1.8372141122817993, 0.1662864238023758, -1.2917873859405518], "start_rotation": [0, 0.9698939299903591, 0, 0.24352774907155125]}