{"episode_id": "26050", "start_position": [-3.7301647663116455, 1.662041425704956, -2.249577283859253], "start_rotation": [0, 0.21678234956625972, 0, 0.9762199613389044]}