{"episode_id": "929", "start_position": [-6.655287742614746, 3.1434075832366943, 2.273383140563965], "start_rotation": [0, 0.5791474022859665, 0, -0.8152228446415231]}