{"episode_id": "13830", "start_position": [-0.7048710584640503, 1.5970072746276855, -5.559444427490234], "start_rotation": [0, 0.13605908969487784, 0, -0.9907007237866545]}