{"episode_id": "729", "start_position": [-0.2115016132593155, 0.2149583399295807, 7.048482894897461], "start_rotation": [0, 0.5528403921120013, 0, -0.8332871658974765]}