{"episode_id": "929", "start_position": [-7.236661434173584, -2.852285146713257, 0.25154370069503784], "start_rotation": [0, 0.6138453710322163, 0, 0.7894262856418709]}