{"episode_id": "35977", "start_position": [-1.1466718912124634, 0.17002512514591217, -3.4151322841644287], "start_rotation": [0, 0.8683497135263502, 0, -0.49595239188727147]}