{"episode_id": "21680", "start_position": [4.875893592834473, 0.18360306322574615, -3.1248717308044434], "start_rotation": [0, 0.012984448359066416, 0, 0.9999156984970337]}