{"episode_id": "64695", "start_position": [-1.1778992414474487, 0.17282123863697052, 1.7220572233200073], "start_rotation": [0, 0.4442753260063929, 0, -0.8958903028283727]}