{"episode_id": "2667", "start_position": [0.6269888877868652, 0.12194900214672089, 0.5859656929969788], "start_rotation": [0, 0.7220909726524896, 0, -0.6917981116003292]}