{"episode_id": "55160", "start_position": [-7.787908554077148, 0.30841827392578125, -4.093743801116943], "start_rotation": [0, 0.9214165721904174, 0, 0.38857624797825896]}