{"episode_id": "31633", "start_position": [3.218231439590454, -2.943950891494751, -3.7545833587646484], "start_rotation": [0, 0.5557790511235143, 0, 0.8313300465713037]}