{"episode_id": "16764", "start_position": [-6.362682342529297, 0.17000891268253326, -4.83726692199707], "start_rotation": [0, 0.5286396470845052, 0, -0.8488463485993032]}