{"episode_id": "52006", "start_position": [-8.612911224365234, 0.15165157616138458, 7.4491987228393555], "start_rotation": [0, 0.9909476665955427, 0, 0.1342487320940096]}