{"episode_id": "65798", "start_position": [-0.23465077579021454, 0.17282123863697052, 0.36407309770584106], "start_rotation": [0, 0.7866721757515617, 0, -0.6173709483756942]}