{"episode_id": "55467", "start_position": [-8.496259689331055, 0.17000891268253326, -4.119126319885254], "start_rotation": [0, 0.3901219379808348, 0, -0.9207632016463722]}