{"episode_id": "4386", "start_position": [-2.1698110103607178, 0.17923279106616974, 1.6380696296691895], "start_rotation": [0, 0.8190898015817824, 0, -0.5736653178855389]}