{"episode_id": "21171", "start_position": [-4.727255821228027, 0.044724658131599426, 0.15078900754451752], "start_rotation": [0, 0.360421182281358, 0, -0.9327896715567278]}