{"episode_id": "58367", "start_position": [-6.234076023101807, 0.08356514573097229, -8.47649097442627], "start_rotation": [0, 0.9999777322772875, 0, 0.006673451099204745]}