{"episode_id": "21820", "start_position": [-0.6641647219657898, 0.06490236520767212, 1.9598270654678345], "start_rotation": [0, 0.21060633371874826, 0, -0.97757095507055]}