{"episode_id": "61415", "start_position": [4.597139358520508, 0.24472466111183167, 4.9414215087890625], "start_rotation": [0, 0.691346663056709, 0, -0.7225232117242693]}