{"episode_id": "18840", "start_position": [-0.102264404296875, 0.16243858635425568, -0.7612900733947754], "start_rotation": [0, 0.9958913266660916, 0, -0.09055642147993789]}