{"episode_id": "63202", "start_position": [3.372204303741455, 0.17646045982837677, -5.627663612365723], "start_rotation": [0, 0.12726096683983354, 0, -0.9918692687642816]}