{"episode_id": "28739", "start_position": [-2.041843891143799, 0.1751515418291092, -2.9207377433776855], "start_rotation": [0, 0.29283354741169737, 0, -0.9561634345185352]}