{"episode_id": "6209", "start_position": [-15.405806541442871, 0.14771485328674316, 18.20677375793457], "start_rotation": [0, 0.8636249753350788, 0, -0.5041348053621022]}