{"episode_id": "9172", "start_position": [-0.08579926192760468, 0.1751515418291092, 2.406785488128662], "start_rotation": [0, 0.14661970604387975, 0, -0.9891929345681794]}