{"episode_id": "48690", "start_position": [-5.400832176208496, 0.15165157616138458, -0.21355625987052917], "start_rotation": [0, 0.943533060919102, 0, -0.33127837682624256]}