{"episode_id": "31606", "start_position": [0.4371960759162903, 0.09678955376148224, -2.6980271339416504], "start_rotation": [0, 0.46705303811786875, 0, -0.8842293026047422]}