{"episode_id": "53307", "start_position": [5.718971252441406, 0.18360306322574615, -3.1299972534179688], "start_rotation": [0, 0.7430853760894431, 0, 0.6691966256953265]}