{"episode_id": "8127", "start_position": [-8.543717384338379, 0.17000891268253326, -2.583242654800415], "start_rotation": [0, 0.884411884537578, 0, 0.46670720852445574]}