{"episode_id": "62405", "start_position": [-1.1657406091690063, 0.12194900214672089, 0.2109476923942566], "start_rotation": [0, 0.7692023952259034, 0, -0.639005223123202]}