{"episode_id": "59238", "start_position": [-0.8950226902961731, -2.364851236343384, -0.14722885191440582], "start_rotation": [0, 0.4925525851780484, 0, -0.8702826844390398]}