{"episode_id": "18237", "start_position": [4.686120986938477, 0.1887628585100174, 0.3635217547416687], "start_rotation": [0, 0.7616504832741201, 0, 0.6479880719027931]}