{"episode_id": "62129", "start_position": [-5.367451190948486, 3.1434075832366943, -2.7384209632873535], "start_rotation": [0, 0.97297234978488, 0, 0.23092164591932285]}