{"episode_id": "43104", "start_position": [-2.4583582878112793, 0.08356514573097229, -5.481268882751465], "start_rotation": [0, 0.1001455436658295, 0, -0.994972798665308]}