{"episode_id": "8485", "start_position": [-6.075621604919434, 0.1672901213169098, -0.27064669132232666], "start_rotation": [0, 0.9930852532021506, 0, 0.1173953997072305]}