{"episode_id": "8439", "start_position": [-4.62777042388916, 3.5516517162323, 5.888991355895996], "start_rotation": [0, 0.9591548624547065, 0, 0.28288151199661843]}