{"episode_id": "5989", "start_position": [0.7017779350280762, 0.22113794088363647, 7.301389694213867], "start_rotation": [0, 0.977383553223327, 0, -0.21147432441916872]}