{"episode_id": "41380", "start_position": [-12.622182846069336, 0.13410036265850067, -0.5451744794845581], "start_rotation": [0, 0.2122132242458351, 0, 0.977223386670206]}