{"episode_id": "18682", "start_position": [-0.42360901832580566, 0.02524225227534771, -0.6983999609947205], "start_rotation": [0, 0.9772794847146618, 0, 0.21195473279888138]}