{"episode_id": "8637", "start_position": [0.842909038066864, 0.16646166145801544, -1.8771573305130005], "start_rotation": [0, 0.9573511814519291, 0, -0.28892683394346674]}