{"episode_id": "5636", "start_position": [6.043568134307861, 0.09678955376148224, -4.391005516052246], "start_rotation": [0, 0.6448682667425399, 0, 0.7642937383941284]}