{"episode_id": "38280", "start_position": [-2.0251636505126953, 0.1751515418291092, -2.3308935165405273], "start_rotation": [0, 0.4644171666797843, 0, 0.8856165622283277]}