{"episode_id": "56564", "start_position": [-1.8506159782409668, 0.17702746391296387, 6.097723007202148], "start_rotation": [0, 0.7540580410499452, 0, -0.656807788266795]}