{"episode_id": "33873", "start_position": [2.513062000274658, 0.08356514573097229, -5.4793195724487305], "start_rotation": [0, 0.4424692518300092, 0, 0.8967836758020252]}