{"episode_id": "56554", "start_position": [-4.595694065093994, 0.13690203428268433, -0.05092007294297218], "start_rotation": [0, 0.4580799595036965, 0, 0.8889109914390145]}