{"episode_id": "52613", "start_position": [-1.3192262649536133, 0.12425412237644196, -9.729583740234375], "start_rotation": [0, 0.8328028031804999, 0, -0.5535697706836071]}