{"episode_id": "6359", "start_position": [-3.3844823837280273, 0.1719042807817459, -8.725800514221191], "start_rotation": [0, 0.675649972142838, 0, -0.7372225682542433]}