{"episode_id": "13451", "start_position": [2.509600877761841, 0.15562696754932404, 3.2487730979919434], "start_rotation": [0, 0.9375346900086329, 0, -0.34789180075192455]}