{"episode_id": "24492", "start_position": [0.18071207404136658, 1.5970072746276855, -0.00843856856226921], "start_rotation": [0, 0.9983758704254135, 0, -0.05697035503047012]}