{"episode_id": "37960", "start_position": [-6.931516647338867, 0.17923279106616974, 0.4011797606945038], "start_rotation": [0, 0.5050809973501206, 0, -0.8630719472418319]}