{"episode_id": "15598", "start_position": [1.134832501411438, 0.12324567139148712, -0.8308767676353455], "start_rotation": [0, 0.70510080723472, 0, 0.7091070805153099]}