{"episode_id": "27971", "start_position": [3.7298550605773926, 0.18128342926502228, 4.68109655380249], "start_rotation": [0, 0.5017165295018985, 0, -0.8650320942164924]}