{"episode_id": "62007", "start_position": [-5.574003219604492, 0.10841822624206543, -1.7481696605682373], "start_rotation": [0, 0.9915647165409307, 0, -0.12961254920378537]}