{"episode_id": "61770", "start_position": [-8.086657524108887, 0.17000891268253326, -3.4783554077148438], "start_rotation": [0, 0.9796537043581801, 0, 0.20069534009860687]}