{"episode_id": "57327", "start_position": [-3.8840153217315674, 0.037133216857910156, -5.060345649719238], "start_rotation": [0, 0.8516332022391393, 0, -0.5241382344800932]}