{"episode_id": "41662", "start_position": [2.901932716369629, 0.1887628585100174, 4.347904205322266], "start_rotation": [0, 0.7718295780690966, 0, -0.6358294601681179]}