{"episode_id": "14016", "start_position": [2.325775623321533, 0.19742000102996826, 16.687255859375], "start_rotation": [0, 0.33427546479620496, 0, 0.9424754180535857]}