{"episode_id": "12812", "start_position": [-0.4393661916255951, 0.11509490013122559, 1.777453899383545], "start_rotation": [0, 0.9598286974332699, 0, 0.2805866561038718]}