{"episode_id": "17489", "start_position": [0.893753170967102, 0.17635054886341095, 1.1505135297775269], "start_rotation": [0, 0.018220869242847562, 0, -0.9998339861817236]}