{"episode_id": "27296", "start_position": [-0.5119343400001526, 0.17646045982837677, -6.903214454650879], "start_rotation": [0, 0.3469070177387547, 0, -0.9378995260920028]}