{"episode_id": "41083", "start_position": [0.19062164425849915, 0.17000891268253326, -3.3428056240081787], "start_rotation": [0, 0.8398828831653645, 0, -0.542767669049875]}