{"episode_id": "54522", "start_position": [-6.109206676483154, 0.1514829844236374, 0.831397533416748], "start_rotation": [0, 0.34249461400336606, 0, 0.939519791903654]}