{"episode_id": "48503", "start_position": [4.448955535888672, 0.16646166145801544, -1.8200725317001343], "start_rotation": [0, 0.3601423870202923, 0, -0.9328973475529481]}