{"episode_id": "52620", "start_position": [-0.04592782258987427, 0.17282123863697052, -0.832597553730011], "start_rotation": [0, 0.999191433995994, 0, 0.04020545024034893]}