{"episode_id": "3596", "start_position": [-2.753213882446289, 0.17635054886341095, 0.5475082397460938], "start_rotation": [0, 0.9697150599621523, 0, 0.24423902735353178]}