{"episode_id": "8086", "start_position": [-1.3461639881134033, 0.19309520721435547, -2.9332382678985596], "start_rotation": [0, 0.9300218393105303, 0, -0.3675042563093088]}