{"episode_id": "45870", "start_position": [-3.3254647254943848, 0.2168070375919342, 0.4321363568305969], "start_rotation": [0, 0.007911242860769429, 0, -0.9999687056285301]}