{"episode_id": "7481", "start_position": [0.28343430161476135, 0.17635054886341095, -2.3339614868164062], "start_rotation": [0, 0.20037027808064747, 0, 0.9797202415291234]}