{"episode_id": "48543", "start_position": [-3.571528911590576, 0.03514885902404785, 0.4915071427822113], "start_rotation": [0, 0.8197307428623996, 0, -0.572749080493595]}