{"episode_id": "64855", "start_position": [3.4977927207946777, 0.15906542539596558, 6.782639026641846], "start_rotation": [0, 0.7968901654105512, 0, 0.6041242126185179]}