{"episode_id": "55469", "start_position": [-4.895461082458496, 0.19309520721435547, 0.44800806045532227], "start_rotation": [0, 0.015429921652607504, 0, -0.9998809516726451]}