{"episode_id": "49715", "start_position": [-3.04111385345459, 1.5974199771881104, -0.21049466729164124], "start_rotation": [0, 0.1326599760957376, 0, -0.9911616067737281]}