{"episode_id": "33319", "start_position": [2.3505825996398926, 0.14570780098438263, -1.6750284433364868], "start_rotation": [0, 0.5288554578270329, 0, -0.8487119091461834]}