{"episode_id": "12925", "start_position": [1.999725103378296, 0.014962434768676758, 6.899151802062988], "start_rotation": [0, 0.7857274901120335, 0, 0.6185728019257266]}