{"episode_id": "5699", "start_position": [0.9850658178329468, 0.18321557343006134, -10.039716720581055], "start_rotation": [0, 0.9987982382620714, 0, -0.04901101146255274]}