{"episode_id": "28364", "start_position": [1.0699074268341064, 0.12194900214672089, 0.5290102958679199], "start_rotation": [0, 0.7961993444469879, 0, 0.6050343824132532]}