{"episode_id": "40737", "start_position": [1.7578060626983643, -3.206904888153076, -2.350066661834717], "start_rotation": [0, 0.4828133058358841, 0, -0.87572330773357]}