{"episode_id": "14950", "start_position": [-1.1775035858154297, 0.16243858635425568, 0.004522442817687988], "start_rotation": [0, 0.4723274783562048, 0, 0.8814231408294593]}