{"episode_id": "22630", "start_position": [5.180202007293701, 0.18360306322574615, 0.079973965883255], "start_rotation": [0, 0.9812616523570433, 0, 0.19267996681939997]}