{"episode_id": "26973", "start_position": [2.186039447784424, 0.15289896726608276, -0.6459332704544067], "start_rotation": [0, 0.9559760019394814, 0, -0.29344485634579554]}