{"episode_id": "4207", "start_position": [-7.126108646392822, 0.14340753853321075, 3.6207239627838135], "start_rotation": [0, 0.9858783345849549, 0, 0.16746315832443798]}