{"episode_id": "5381", "start_position": [2.4688706398010254, 0.05273626744747162, -2.893019676208496], "start_rotation": [0, 0.45604198618734143, 0, 0.8899582612877441]}