{"episode_id": "41244", "start_position": [-10.36476993560791, 0.08635829389095306, -12.509483337402344], "start_rotation": [0, 0.32869540174304684, 0, -0.9444359866465154]}