{"episode_id": "57816", "start_position": [-1.2965164184570312, 0.12114477157592773, -3.2865238189697266], "start_rotation": [0, 0.8718257154597133, 0, 0.4898162123318898]}