{"episode_id": "54433", "start_position": [-3.6327290534973145, 0.1649409383535385, -1.1979347467422485], "start_rotation": [0, 0.6449506331335144, 0, 0.7642242346462711]}