{"episode_id": "14183", "start_position": [1.910799264907837, 3.683565139770508, -5.156039237976074], "start_rotation": [0, 0.27716065310722937, 0, -0.9608235906602075]}