{"episode_id": "10852", "start_position": [-1.2476913928985596, 1.5970072746276855, -4.588885307312012], "start_rotation": [0, 0.9102630616726802, 0, -0.41403038361245703]}