{"episode_id": "28312", "start_position": [-10.727470397949219, 0.17000891268253326, -2.70741868019104], "start_rotation": [0, 0.6603952698409142, 0, 0.7509181630322614]}