{"episode_id": "11503", "start_position": [2.839259386062622, 3.1651172637939453, -1.635801076889038], "start_rotation": [0, 0.6159164456998956, 0, 0.7878114824730644]}