{"episode_id": "64440", "start_position": [4.702268600463867, -2.967862606048584, 3.7632782459259033], "start_rotation": [0, 0.39474663377244695, 0, -0.9187900168837936]}