{"episode_id": "24840", "start_position": [-1.8046443462371826, 3.683565139770508, -7.177863597869873], "start_rotation": [0, 0.018537329051325647, 0, 0.9998281689528671]}