{"episode_id": "56912", "start_position": [-1.0161190032958984, 0.1514829844236374, 3.052030563354492], "start_rotation": [0, 0.02592202160841463, 0, 0.9996639679390935]}