{"episode_id": "5655", "start_position": [-5.429609298706055, 0.044724658131599426, 2.4349520206451416], "start_rotation": [0, 0.9735495055766531, 0, -0.2284761698546573]}