{"episode_id": "33225", "start_position": [-10.454235076904297, 3.1577415466308594, 7.672323226928711], "start_rotation": [0, 0.9373951144801097, 0, 0.3482677121824847]}