{"episode_id": "52773", "start_position": [1.3321577310562134, 0.15289896726608276, -3.4879889488220215], "start_rotation": [0, 0.23974138315811946, 0, -0.9708367881376517]}