{"episode_id": "3679", "start_position": [-3.9905686378479004, 0.17800255119800568, -3.916670322418213], "start_rotation": [0, 0.938290661581267, 0, -0.3458477040394925]}