{"episode_id": "3240", "start_position": [-0.5710611343383789, 0.1751515418291092, -2.3255088329315186], "start_rotation": [0, 0.927161768863613, 0, 0.37466125281071727]}