{"episode_id": "39485", "start_position": [2.144624710083008, 0.17800255119800568, -3.2299559116363525], "start_rotation": [0, 0.12889193282568967, 0, -0.9916586457307061]}