{"episode_id": "2026", "start_position": [5.804738998413086, 0.16646166145801544, -1.9522321224212646], "start_rotation": [0, 0.9284692215499499, 0, 0.37140934914785056]}