{"episode_id": "44867", "start_position": [-5.798207759857178, 0.12324567139148712, 0.5220741033554077], "start_rotation": [0, 0.7954994132033439, 0, -0.6059543576814473]}