{"episode_id": "41930", "start_position": [0.09966772794723511, 0.14570780098438263, -1.265152096748352], "start_rotation": [0, 0.05570307619943868, 0, 0.9984473783339408]}