{"episode_id": "23253", "start_position": [-1.1965709924697876, 0.25198739767074585, -4.782668590545654], "start_rotation": [0, 0.9459438028614718, 0, -0.3243305749200603]}