{"episode_id": "14140", "start_position": [-1.6006624698638916, 0.1751515418291092, -0.4902561902999878], "start_rotation": [0, 0.9173693980817039, 0, 0.3980369172114721]}