{"episode_id": "62587", "start_position": [3.4811501502990723, 0.1514829844236374, 3.146411895751953], "start_rotation": [0, 0.6934914813458476, 0, 0.7204648258594877]}