{"episode_id": "30473", "start_position": [6.3414483070373535, 0.15289896726608276, -0.2730127274990082], "start_rotation": [0, 0.8152231668009651, 0, 0.5791469488057465]}