{"episode_id": "19087", "start_position": [-0.27597928047180176, 0.09678955376148224, -7.432244300842285], "start_rotation": [0, 0.7470986791858247, 0, 0.6647131438137779]}