{"episode_id": "45083", "start_position": [-1.569466471672058, 0.18145985901355743, -2.9406824111938477], "start_rotation": [0, 0.06425395171408664, 0, 0.997933579798337]}