{"episode_id": "43366", "start_position": [-0.04289430007338524, 0.0701034814119339, 3.928980827331543], "start_rotation": [0, 0.5209142863459639, 0, 0.8536089891048917]}