{"episode_id": "15186", "start_position": [0.17258307337760925, 0.18463699519634247, 0.9698144793510437], "start_rotation": [0, 0.6950830120831889, 0, 0.7189294863290567]}