{"episode_id": "42670", "start_position": [-4.360732078552246, 0.17282123863697052, 1.1021438837051392], "start_rotation": [0, 0.8481124674410345, 0, 0.5298162347183032]}