{"episode_id": "22673", "start_position": [0.9862843155860901, 0.12194900214672089, 1.1263197660446167], "start_rotation": [0, 0.24329653023338568, 0, 0.9699519567362063]}