{"episode_id": "67248", "start_position": [-4.447739601135254, 0.17949719727039337, 6.495104789733887], "start_rotation": [0, 0.9884514860816229, 0, -0.15153765097503394]}