{"episode_id": "65569", "start_position": [4.647187232971191, 0.14657917618751526, 6.532960891723633], "start_rotation": [0, 0.974534545158032, 0, 0.2242374194768298]}