{"episode_id": "20010", "start_position": [-8.197933197021484, 0.14340753853321075, -0.3496566116809845], "start_rotation": [0, 0.4474692494211061, 0, 0.8942993183618737]}