{"episode_id": "41592", "start_position": [-1.8522087335586548, 0.08460565656423569, 13.059085845947266], "start_rotation": [0, 0.6900945761698534, 0, 0.7237191968857468]}