{"episode_id": "23703", "start_position": [-0.6751899123191833, 0.1672901213169098, 1.9563909769058228], "start_rotation": [0, 0.9929682956377821, 0, -0.11838058902623419]}