{"episode_id": "49796", "start_position": [-1.0197384357452393, 0.037133216857910156, -4.4628987312316895], "start_rotation": [0, 0.6475375805911279, 0, -0.7620335174532604]}