{"episode_id": "31251", "start_position": [-7.475960731506348, 0.17635054886341095, -0.586913526058197], "start_rotation": [0, 0.7940749937985624, 0, 0.6078197958472668]}