{"episode_id": "12115", "start_position": [-3.0762884616851807, 0.1719042807817459, 0.8164231777191162], "start_rotation": [0, 0.9010942719626215, 0, -0.4336232385794759]}