{"episode_id": "43931", "start_position": [-4.064340591430664, 0.14340916275978088, -8.898109436035156], "start_rotation": [0, 0.9998701126904556, 0, 0.016117001842019793]}