{"episode_id": "6904", "start_position": [-2.381500482559204, 0.1751515418291092, -0.4058462679386139], "start_rotation": [0, 0.9935603723982688, 0, -0.11330395579949323]}