{"episode_id": "26147", "start_position": [3.9682323932647705, 0.24472466111183167, 3.5710556507110596], "start_rotation": [0, 0.8880093096495197, 0, -0.4598254733872227]}