{"episode_id": "23526", "start_position": [-3.276494026184082, 0.08820843696594238, -0.43081724643707275], "start_rotation": [0, 0.024349717136895467, 0, -0.9997035016820504]}