{"episode_id": "35573", "start_position": [0.5745819807052612, 0.17002512514591217, -5.706421852111816], "start_rotation": [0, 0.676781198881312, 0, 0.7361842220808416]}