{"episode_id": "43748", "start_position": [-0.2383790761232376, 0.12114477157592773, -4.314679145812988], "start_rotation": [0, 0.9165653938658282, 0, 0.3998848318798541]}