{"episode_id": "6458", "start_position": [-0.05926887318491936, 0.08685878664255142, -0.9854688048362732], "start_rotation": [0, 0.2787476913116187, 0, -0.9603643707408364]}