{"episode_id": "40251", "start_position": [-3.421694040298462, 0.20017647743225098, -6.11029052734375], "start_rotation": [0, 0.11335931225288541, 0, -0.993554058079153]}