{"episode_id": "66288", "start_position": [-5.217247009277344, 0.14340753853321075, -2.946075677871704], "start_rotation": [0, 0.8368855922809564, 0, -0.5473778452153072]}