{"episode_id": "50303", "start_position": [4.200353145599365, 0.1887628585100174, 2.788179397583008], "start_rotation": [0, 0.3759194820672934, 0, -0.9266523312452507]}