{"episode_id": "11943", "start_position": [-2.5897159576416016, 0.09678955376148224, -4.633019924163818], "start_rotation": [0, 0.9885764632147206, 0, 0.1507201923362434]}