{"episode_id": "23107", "start_position": [-2.076709508895874, 0.17800255119800568, -0.48512426018714905], "start_rotation": [0, 0.36423861343798497, 0, 0.9313056600712648]}