{"episode_id": "42000", "start_position": [0.41305816173553467, 0.16646166145801544, -3.4365711212158203], "start_rotation": [0, 0.8961842528011981, 0, 0.44368207652682823]}