{"episode_id": "14155", "start_position": [0.17505957186222076, 0.16243858635425568, 2.055380344390869], "start_rotation": [0, 0.9008885971035918, 0, -0.4340503837214318]}