{"episode_id": "61399", "start_position": [-6.482760429382324, 0.17923279106616974, 0.712939977645874], "start_rotation": [0, 0.22451477109431428, 0, -0.9744706858394806]}