{"episode_id": "32505", "start_position": [-3.0385642051696777, 0.17949719727039337, 1.4109090566635132], "start_rotation": [0, 0.4114934794254069, 0, -0.9114127036586511]}