{"episode_id": "26337", "start_position": [-7.5140485763549805, 0.17923279106616974, 3.583862781524658], "start_rotation": [0, 0.7738565319666543, 0, -0.6333609302226831]}