{"episode_id": "5381", "start_position": [0.1730477660894394, 0.0701034814119339, -1.1543537378311157], "start_rotation": [0, 0.7371078940610244, 0, 0.675775075385976]}