{"episode_id": "47947", "start_position": [-1.5099778175354004, 0.1751515418291092, -2.659966468811035], "start_rotation": [0, 0.5066632830366584, 0, 0.8621440237121144]}