{"episode_id": "15249", "start_position": [-2.7594313621520996, 0.12194900214672089, 1.1374101638793945], "start_rotation": [0, 0.984615724875611, 0, -0.17473372407087026]}