{"episode_id": "66585", "start_position": [6.530972480773926, -2.903388500213623, 4.082781791687012], "start_rotation": [0, 0.7818048123951562, 0, 0.6235232436050597]}