{"episode_id": "20010", "start_position": [-11.37939453125, 0.14771485328674316, 5.293876647949219], "start_rotation": [0, 0.4135557537354347, 0, -0.9104787963221969]}