{"episode_id": "25916", "start_position": [-4.846076488494873, -2.599823474884033, -2.30859637260437], "start_rotation": [0, 0.9793952509140181, 0, -0.2019528224290699]}