{"episode_id": "66288", "start_position": [2.5767903327941895, 2.365107297897339, -3.3401336669921875], "start_rotation": [0, 0.636520622176065, 0, -0.7712596823020085]}