{"episode_id": "34733", "start_position": [0.36488407850265503, 3.400176525115967, -1.0606454610824585], "start_rotation": [0, 0.9992347784517139, 0, 0.03911339326310409]}