{"episode_id": "32665", "start_position": [-5.213364601135254, 0.17000891268253326, -4.321890830993652], "start_rotation": [0, 0.8940796952973488, 0, -0.44790791292072524]}