{"episode_id": "44340", "start_position": [-2.1907811164855957, 0.12194900214672089, 1.1020199060440063], "start_rotation": [0, 0.561624993993598, 0, -0.8273919060044587]}