{"episode_id": "52206", "start_position": [-8.357196807861328, 3.1434075832366943, 1.9146432876586914], "start_rotation": [0, 0.8402818759341196, 0, 0.5421497661870166]}