{"episode_id": "48043", "start_position": [9.974359512329102, 0.14657917618751526, 11.552048683166504], "start_rotation": [0, 0.12055124976692409, 0, 0.9927071049305695]}