{"episode_id": "49804", "start_position": [-2.3767123222351074, 0.014962434768676758, 4.430987358093262], "start_rotation": [0, 0.6104562270412527, 0, 0.7920499951812124]}