{"episode_id": "15425", "start_position": [3.2930655479431152, 0.032137393951416016, 1.6094452142715454], "start_rotation": [0, 0.1734561902091003, 0, -0.9848415862859085]}