{"episode_id": "47405", "start_position": [0.0904080867767334, 0.18321557343006134, -10.421781539916992], "start_rotation": [0, 0.9964767445065548, 0, 0.08386952758671226]}