{"episode_id": "54655", "start_position": [-1.5980541706085205, 1.5970072746276855, -5.978637218475342], "start_rotation": [0, 0.8837754503599048, 0, 0.46791126652512605]}