{"episode_id": "21974", "start_position": [-1.3942279815673828, 0.15964920818805695, 2.895934820175171], "start_rotation": [0, 0.5941191000550888, 0, -0.8043770850476357]}