{"episode_id": "13942", "start_position": [-0.9518997669219971, 0.08076925575733185, -1.2651864290237427], "start_rotation": [0, 0.901310140118029, 0, 0.4331743659548876]}