{"episode_id": "445", "start_position": [-8.005546569824219, 0.062041521072387695, -1.2761250734329224], "start_rotation": [0, 0.982668725923022, 0, -0.1853703727482488]}