{"episode_id": "65881", "start_position": [0.9469249248504639, 0.1719042807817459, -6.421694755554199], "start_rotation": [0, 0.2831671959228878, 0, 0.9590705600492431]}