{"episode_id": "44035", "start_position": [-9.844682693481445, 0.15165157616138458, 2.7827558517456055], "start_rotation": [0, 0.6013312573272731, 0, -0.7989998241308949]}