{"episode_id": "10354", "start_position": [-5.010704040527344, -2.599823474884033, -4.651416778564453], "start_rotation": [0, 0.9778708128466213, 0, 0.2092096397938875]}