{"episode_id": "9218", "start_position": [-8.647932052612305, 0.17000891268253326, 0.7183713316917419], "start_rotation": [0, 0.0037864713805873095, 0, -0.9999928312915468]}