{"episode_id": "1177", "start_position": [-8.158573150634766, 0.14340753853321075, -1.4651353359222412], "start_rotation": [0, 0.6442850146795257, 0, -0.7647854730964778]}