{"episode_id": "65418", "start_position": [-1.1514784097671509, 0.14340753853321075, -1.4436426162719727], "start_rotation": [0, 0.9757741764418143, 0, -0.2187801558398269]}