{"episode_id": "7360", "start_position": [-4.457764148712158, 0.17949719727039337, 7.058750152587891], "start_rotation": [0, 0.26822928087738274, 0, -0.9633551021715732]}