{"episode_id": "55641", "start_position": [-4.38012170791626, 3.1434075832366943, -1.4912976026535034], "start_rotation": [0, 0.8131519701016282, 0, -0.5820514354589641]}