{"episode_id": "32494", "start_position": [-6.251911163330078, -2.8849050998687744, 3.751558780670166], "start_rotation": [0, 0.9162531557225245, 0, 0.40059974367005674]}