{"episode_id": "45625", "start_position": [2.08573055267334, 0.18321557343006134, -0.5639722347259521], "start_rotation": [0, 0.4700828403165265, 0, -0.8826222993103828]}