{"episode_id": "51702", "start_position": [-3.809601306915283, 0.10841822624206543, 0.8939837217330933], "start_rotation": [0, 0.5951866093505154, 0, 0.8035875186000819]}