{"episode_id": "51265", "start_position": [-0.9062529802322388, 0.18145985901355743, 0.8154656291007996], "start_rotation": [0, 0.6582974442089063, 0, -0.7527579125774911]}