{"episode_id": "24373", "start_position": [1.6834993362426758, 0.18321557343006134, -4.552793025970459], "start_rotation": [0, 0.1797495006614595, 0, 0.9837124158065486]}