{"episode_id": "11709", "start_position": [2.6854822635650635, 3.1651172637939453, -1.5665398836135864], "start_rotation": [0, 0.8241598185632789, 0, -0.5663573019444025]}