{"episode_id": "59524", "start_position": [-2.029191493988037, 0.1662864238023758, -0.6476879119873047], "start_rotation": [0, 0.9375053710627786, 0, 0.34797080226427296]}