{"episode_id": "67621", "start_position": [-1.6210949420928955, 3.1434075832366943, -1.055226445198059], "start_rotation": [0, 0.9983296331665751, 0, -0.057774938697429265]}