{"episode_id": "23697", "start_position": [2.097038984298706, 0.18391340970993042, -2.2763454914093018], "start_rotation": [0, 0.3973186208507101, 0, -0.917680725266304]}