{"episode_id": "42774", "start_position": [-2.9028520584106445, 0.14340916275978088, -4.353414535522461], "start_rotation": [0, 0.8641468695874958, 0, -0.5032396921767316]}