{"episode_id": "29964", "start_position": [-3.123636245727539, 0.10841822624206543, 5.519752502441406], "start_rotation": [0, 0.5068857603047718, 0, 0.8620132400376769]}