{"episode_id": "54914", "start_position": [0.5286089777946472, 2.365107297897339, -4.781914710998535], "start_rotation": [0, 0.6641377238314148, 0, 0.7476102485814566]}