{"episode_id": "25807", "start_position": [-4.796363353729248, 0.1514829844236374, -3.2052106857299805], "start_rotation": [0, 0.6672632134559798, 0, -0.7448219948205071]}