{"episode_id": "66582", "start_position": [2.9510338306427, 0.1662864238023758, -0.9369220733642578], "start_rotation": [0, 0.161614261754923, 0, -0.9868540066278351]}