{"episode_id": "49118", "start_position": [-3.844141960144043, 0.0701034814119339, 5.847649097442627], "start_rotation": [0, 0.8991391367483365, 0, 0.43766289855030704]}