{"episode_id": "26009", "start_position": [-2.3606159687042236, 0.1672901213169098, -0.05095900967717171], "start_rotation": [0, 0.9928971189222462, 0, -0.11897609522884421]}