{"episode_id": "6225", "start_position": [-1.3198869228363037, 0.08356514573097229, -4.194066524505615], "start_rotation": [0, 0.6308709766573292, 0, 0.7758877565804396]}