{"episode_id": "48947", "start_position": [0.7368895411491394, 0.17970331013202667, -2.48433780670166], "start_rotation": [0, 0.9141808741045085, 0, 0.4053064635822093]}