{"episode_id": "34087", "start_position": [-3.996915102005005, 0.17923279106616974, 5.471499919891357], "start_rotation": [0, 0.7636640554998179, 0, -0.6456138244628681]}