{"episode_id": "39653", "start_position": [2.2124409675598145, 0.18128342926502228, 0.9933805465698242], "start_rotation": [0, 0.16269862670658258, 0, -0.9866758114334171]}