{"episode_id": "11223", "start_position": [5.590566635131836, 0.17646045982837677, -4.932650089263916], "start_rotation": [0, 0.9505537722164034, 0, 0.3105600201654519]}