{"episode_id": "54923", "start_position": [-2.7282650470733643, 0.12324567139148712, -3.091693162918091], "start_rotation": [0, 0.6546979904605978, 0, 0.7558905617130398]}