{"episode_id": "38893", "start_position": [-1.2349743843078613, -2.967862606048584, -3.4588980674743652], "start_rotation": [0, 0.08150858305454114, 0, 0.9966726397812077]}