{"episode_id": "52941", "start_position": [-5.380928039550781, 0.10841822624206543, 4.805161476135254], "start_rotation": [0, 0.6450098274340041, 0, 0.7641742749619069]}