{"episode_id": "23710", "start_position": [-4.310613632202148, 0.1514829844236374, 2.9538583755493164], "start_rotation": [0, 0.887954416570833, 0, 0.4599314667342861]}