{"episode_id": "33725", "start_position": [-5.987075328826904, 0.16511733829975128, 1.7704676389694214], "start_rotation": [0, 0.8693556440871031, 0, 0.4941869728087723]}