{"episode_id": "35527", "start_position": [-1.220671534538269, 0.1751515418291092, -2.4061081409454346], "start_rotation": [0, 0.008977392736203632, 0, 0.9999597023978816]}