{"episode_id": "15705", "start_position": [0.3576391637325287, -2.699413776397705, -0.8350993394851685], "start_rotation": [0, 0.3756612329818062, 0, -0.9267570544833145]}