{"episode_id": "40826", "start_position": [-3.9984583854675293, 0.1649409383535385, 1.0534157752990723], "start_rotation": [0, 0.5907466050244168, 0, 0.8068571426542159]}