{"episode_id": "32761", "start_position": [2.98368763923645, 0.16243858635425568, 1.4100674390792847], "start_rotation": [0, 0.8410038200715223, 0, 0.5410291809367648]}