{"episode_id": "28043", "start_position": [-4.382574081420898, 3.1434075832366943, -2.50343656539917], "start_rotation": [0, 0.5874767333403107, 0, -0.8092410566597554]}