{"episode_id": "65666", "start_position": [6.19406795501709, 0.15289896726608276, -0.6343339681625366], "start_rotation": [0, 0.9884970665535333, 0, 0.1512400390606253]}