{"episode_id": "62169", "start_position": [-3.3557684421539307, -1.752589225769043, -5.959527969360352], "start_rotation": [0, 0.9283936426286518, 0, 0.37159822971416745]}