{"episode_id": "40988", "start_position": [-1.287322759628296, 0.17000891268253326, -0.14076687395572662], "start_rotation": [0, 0.7453180255169688, 0, -0.666709112611705]}