{"episode_id": "40932", "start_position": [-6.69084358215332, 0.1005861759185791, -1.6414686441421509], "start_rotation": [0, 0.6417400869670598, 0, 0.7669221999521925]}