{"episode_id": "14720", "start_position": [-0.525507390499115, 0.17800255119800568, 2.2783029079437256], "start_rotation": [0, 0.732094771283714, 0, -0.6812027934903427]}