{"episode_id": "583", "start_position": [-8.47386360168457, 0.17923279106616974, 3.824852228164673], "start_rotation": [0, 0.6449691909162354, 0, -0.7642085728182174]}