{"episode_id": "68439", "start_position": [5.97307014465332, 0.09678955376148224, -4.309443473815918], "start_rotation": [0, 0.9510871147129569, 0, -0.30892280625907614]}