{"episode_id": "59441", "start_position": [-1.244687795639038, 0.17949719727039337, 7.526036262512207], "start_rotation": [0, 0.047599260663848945, 0, -0.9988665127955061]}