{"episode_id": "54417", "start_position": [1.8026107549667358, 0.15964920818805695, 2.9627649784088135], "start_rotation": [0, 0.7232173335292433, 0, 0.690620509746743]}