{"episode_id": "67621", "start_position": [-0.10775096714496613, -2.852285146713257, 2.886625051498413], "start_rotation": [0, 0.7614753528824558, 0, 0.6481938652537058]}