{"episode_id": "39312", "start_position": [1.1480093002319336, 0.14570780098438263, -0.3544616103172302], "start_rotation": [0, 0.7800185576511587, 0, -0.6257563820847583]}