{"episode_id": "35752", "start_position": [-0.4739771783351898, 0.17800255119800568, 1.240972876548767], "start_rotation": [0, 0.8818257382453785, 0, -0.47157541005441883]}