{"episode_id": "9972", "start_position": [2.092440128326416, 0.18463699519634247, -0.958074688911438], "start_rotation": [0, 0.8563459472664225, 0, 0.5164025741612579]}