{"episode_id": "1543", "start_position": [-3.842763900756836, 0.15964920818805695, 3.30452823638916], "start_rotation": [0, 0.9810140079940629, 0, -0.1939368869488853]}