{"episode_id": "16111", "start_position": [-1.9154083728790283, 0.14657917618751526, -2.457427978515625], "start_rotation": [0, 0.09979144965930917, 0, 0.9950083751280154]}