{"episode_id": "64849", "start_position": [-1.1784950494766235, 0.23514866828918457, 7.912667274475098], "start_rotation": [0, 0.513321505993714, 0, 0.8581963828194252]}