{"episode_id": "3288", "start_position": [0.9584752917289734, 0.18360306322574615, -0.7855068445205688], "start_rotation": [0, 0.9438165296782145, 0, -0.3304699052957351]}