{"episode_id": "14058", "start_position": [8.280482292175293, 0.19309520721435547, -3.146176815032959], "start_rotation": [0, 0.20344828777296264, 0, -0.9790856929821055]}