{"episode_id": "6114", "start_position": [-1.675736427307129, 0.1649409383535385, -1.0070035457611084], "start_rotation": [0, 0.9276022101532405, 0, 0.37356945769003036]}