{"episode_id": "34272", "start_position": [1.4630632400512695, 0.14570780098438263, -1.056478500366211], "start_rotation": [0, 0.13578622403604684, 0, 0.9907381598394364]}