{"episode_id": "48212", "start_position": [-3.7929275035858154, 0.09678955376148224, -5.258726119995117], "start_rotation": [0, 0.9011948835220203, 0, -0.4334140998095613]}