{"episode_id": "62767", "start_position": [0.34010881185531616, 0.12194900214672089, 1.8005259037017822], "start_rotation": [0, 0.9649888814803352, 0, 0.26229079019159546]}