{"episode_id": "50374", "start_position": [0.30971232056617737, 0.12194900214672089, 0.18113116919994354], "start_rotation": [0, 0.9618827940390027, 0, 0.2734620458705769]}