{"episode_id": "2279", "start_position": [-6.833563327789307, 0.062041521072387695, -3.341155529022217], "start_rotation": [0, 0.6326016215857976, 0, -0.7744773646576247]}