{"episode_id": "15602", "start_position": [-1.1140190362930298, 0.12194900214672089, -0.27460867166519165], "start_rotation": [0, 0.9406243719834768, 0, 0.3394492463251167]}