{"episode_id": "3016", "start_position": [0.47206807136535645, 0.12194900214672089, 2.1049487590789795], "start_rotation": [0, 0.9163348863132531, 0, -0.40041275719596836]}