{"episode_id": "34552", "start_position": [-2.337015390396118, 0.08820843696594238, 3.0213329792022705], "start_rotation": [0, 0.8642286388383555, 0, 0.5030992544335593]}