{"episode_id": "41262", "start_position": [-3.3974437713623047, 0.2484564334154129, -4.4763264656066895], "start_rotation": [0, 0.09695094158912344, 0, -0.9952891614626286]}