{"episode_id": "5322", "start_position": [2.1755244731903076, 2.576350688934326, 1.0699936151504517], "start_rotation": [0, 0.3796918457251322, 0, -0.925113021360008]}