{"episode_id": "18554", "start_position": [2.168306350708008, 0.1719042807817459, -0.13917772471904755], "start_rotation": [0, 0.923697736377891, 0, 0.3831220325305765]}