{"episode_id": "58239", "start_position": [-1.8415013551712036, 0.14340753853321075, -0.18936485052108765], "start_rotation": [0, 0.8925291281664675, 0, 0.4509897508529495]}