{"episode_id": "19", "start_position": [-2.9877781867980957, 3.683565139770508, 1.238996982574463], "start_rotation": [0, 0.43333960305026514, 0, -0.9012307076593865]}