{"episode_id": "15826", "start_position": [-2.304044008255005, 0.16243858635425568, 0.9587169289588928], "start_rotation": [0, 0.9507841780766568, 0, 0.3098539118989722]}