{"episode_id": "41181", "start_position": [-1.9568182229995728, 3.0120201110839844, 1.4840829372406006], "start_rotation": [0, 0.7474438453611395, 0, 0.6643249942849907]}