{"episode_id": "60691", "start_position": [-9.905879974365234, 0.17923279106616974, 5.678582191467285], "start_rotation": [0, 0.06284016643973514, 0, 0.9980236036696859]}