{"episode_id": "16383", "start_position": [3.7220206260681152, 0.15289896726608276, 1.4056477546691895], "start_rotation": [0, 0.987472824684083, 0, 0.15778916474345847]}