{"episode_id": "1023", "start_position": [-4.413889408111572, 1.5970072746276855, -2.137773036956787], "start_rotation": [0, 0.3822649200214807, 0, -0.9240527749652456]}