{"episode_id": "43761", "start_position": [-1.315367579460144, 0.1662864238023758, -1.7045021057128906], "start_rotation": [0, 0.050672262273810574, 0, -0.9987153357368926]}