{"episode_id": "38709", "start_position": [-3.8152003288269043, 0.22503304481506348, -14.525094985961914], "start_rotation": [0, 0.7592595878305315, 0, 0.650787890397026]}