{"episode_id": "11578", "start_position": [-2.318260908126831, 0.17702746391296387, 6.069717884063721], "start_rotation": [0, 0.9653222208305187, 0, -0.26106131458114457]}