{"episode_id": "15602", "start_position": [-5.864810466766357, -2.8849050998687744, 2.1300528049468994], "start_rotation": [0, 0.8337201287400632, 0, -0.5521872390173939]}