{"episode_id": "48713", "start_position": [-2.2448081970214844, 0.14071594178676605, -5.305904865264893], "start_rotation": [0, 0.9999897681464185, 0, -0.004523671348834602]}