{"episode_id": "297", "start_position": [0.46948355436325073, 0.18145985901355743, 0.6721887588500977], "start_rotation": [0, 0.7526322809088567, 0, -0.6584410753696429]}