{"episode_id": "776", "start_position": [3.7168760299682617, 0.014962434768676758, 5.208235740661621], "start_rotation": [0, 0.16817705311670622, 0, -0.9857568051020397]}