{"episode_id": "14345", "start_position": [0.8805609345436096, 0.17002512514591217, -4.430688858032227], "start_rotation": [0, 0.15231002161738214, 0, -0.988332766488551]}