{"episode_id": "37305", "start_position": [-0.17945817112922668, 0.18463699519634247, 0.22610551118850708], "start_rotation": [0, 0.8606643132260031, 0, 0.5091727996851486]}