{"episode_id": "23240", "start_position": [0.9168220162391663, 0.11509490013122559, 1.4991710186004639], "start_rotation": [0, 0.46073588049008884, 0, -0.8875372941060126]}