{"episode_id": "38990", "start_position": [0.02222968265414238, 0.14657917618751526, 0.8199954032897949], "start_rotation": [0, 0.34891196115563256, 0, -0.9371555064996046]}