{"episode_id": "56874", "start_position": [-0.7162317633628845, -2.967862606048584, -4.818562030792236], "start_rotation": [0, 0.7767079036836445, 0, 0.6298609627174544]}