{"episode_id": "20817", "start_position": [6.431743621826172, 0.09678955376148224, -3.0691916942596436], "start_rotation": [0, 0.9958487315817133, 0, -0.0910236442200198]}