{"episode_id": "22971", "start_position": [-3.5811305046081543, -2.511791467666626, -0.5135688185691833], "start_rotation": [0, 0.9881108545492121, 0, -0.15374309455070112]}