{"episode_id": "65332", "start_position": [1.5989850759506226, 0.14570780098438263, -0.6803991794586182], "start_rotation": [0, 0.9126115746753511, 0, 0.4088277311638435]}