{"episode_id": "63444", "start_position": [4.484071731567383, 0.18321557343006134, -1.3237853050231934], "start_rotation": [0, 0.5065240902546259, 0, -0.862225809165861]}