{"episode_id": "27351", "start_position": [8.097859382629395, 0.33758044242858887, 0.32173439860343933], "start_rotation": [0, 0.11261470602823462, 0, 0.9936387311222195]}