{"episode_id": "6212", "start_position": [-6.403438091278076, 0.15165157616138458, 3.8828141689300537], "start_rotation": [0, 0.18203785921135882, 0, 0.983291522293234]}