{"episode_id": "57375", "start_position": [-3.5955469608306885, 0.18137170374393463, -11.88534164428711], "start_rotation": [0, 0.0656386021758433, 0, 0.9978434616233156]}