{"episode_id": "39737", "start_position": [0.9281931519508362, 0.14570780098438263, -0.9355164766311646], "start_rotation": [0, 0.9202334987015441, 0, 0.3913697840502191]}