{"episode_id": "9870", "start_position": [3.3331947326660156, 3.2487998008728027, -1.8074376583099365], "start_rotation": [0, 0.9548364009318403, 0, 0.2971320370736382]}