{"episode_id": "12739", "start_position": [3.0760984420776367, 0.18128342926502228, 3.214427947998047], "start_rotation": [0, 0.008452886207469533, 0, 0.9999642737191983]}