{"episode_id": "34763", "start_position": [-3.0528035163879395, 1.5974199771881104, 5.6268086433410645], "start_rotation": [0, 0.8828613349173946, 0, 0.4696337544383667]}