{"episode_id": "2594", "start_position": [0.22981412708759308, 0.1751515418291092, 2.720607042312622], "start_rotation": [0, 0.7605661317402771, 0, 0.649260471035802]}