{"episode_id": "33604", "start_position": [-1.2238049507141113, 2.365107297897339, -4.9546613693237305], "start_rotation": [0, 0.34542489852341807, 0, -0.9384463967004649]}