{"episode_id": "9513", "start_position": [-3.958040237426758, 0.17923279106616974, 5.440670013427734], "start_rotation": [0, 0.9197888237217596, 0, -0.39241370994976954]}