{"episode_id": "8310", "start_position": [-2.101327657699585, -2.354229688644409, -7.313445568084717], "start_rotation": [0, 0.9173236529270266, 0, 0.39814233105839936]}