{"episode_id": "62400", "start_position": [2.228240966796875, 0.18463699519634247, -0.08729077130556107], "start_rotation": [0, 0.9663926750052289, 0, -0.2570704138873979]}