{"episode_id": "32528", "start_position": [-0.17535370588302612, 0.15562696754932404, 1.4101817607879639], "start_rotation": [0, 0.4698757583085351, 0, 0.8827325595864124]}