{"episode_id": "3881", "start_position": [-7.627182483673096, 3.1434075832366943, -1.0113412141799927], "start_rotation": [0, 0.6095083610527321, 0, 0.7927796401313624]}