{"episode_id": "48417", "start_position": [-2.413022756576538, 2.7814598083496094, 0.3302714228630066], "start_rotation": [0, 0.4893835258418163, 0, -0.8720686696783874]}