{"episode_id": "34783", "start_position": [-2.1271491050720215, 2.7814598083496094, -4.34626579284668], "start_rotation": [0, 0.8623670742914994, 0, 0.5062835462247608]}