{"episode_id": "65857", "start_position": [-3.662466526031494, 0.12114477157592773, -7.2042555809021], "start_rotation": [0, 0.09867585722614931, 0, 0.9951196285877817]}