{"episode_id": "48713", "start_position": [-4.508617401123047, 0.15964920818805695, 2.888772487640381], "start_rotation": [0, 0.1352851649851979, 0, -0.9908067037192108]}