{"episode_id": "38972", "start_position": [-2.0527238845825195, 0.17646045982837677, -7.098232269287109], "start_rotation": [0, 0.29475402459196964, 0, 0.9555731604575531]}