{"episode_id": "17873", "start_position": [0.2983086109161377, 0.0701034814119339, 3.413970470428467], "start_rotation": [0, 0.19262065563726247, 0, 0.9812732968046523]}