{"episode_id": "40329", "start_position": [-2.0970451831817627, 0.1514829844236374, 3.680095672607422], "start_rotation": [0, 0.9907895257884074, 0, 0.1354109138436881]}