{"episode_id": "46979", "start_position": [-1.8090893030166626, -2.511791467666626, 1.562103033065796], "start_rotation": [0, 0.4512480104602327, 0, 0.892398584185162]}