{"episode_id": "60484", "start_position": [0.6093237400054932, 0.12194900214672089, 2.199397325515747], "start_rotation": [0, 0.9923821143387992, 0, -0.12319796727403622]}