{"episode_id": "5293", "start_position": [-4.2384724617004395, 0.11509490013122559, 2.9920101165771484], "start_rotation": [0, 0.586532981410024, 0, -0.8099253432991639]}