{"episode_id": "46700", "start_position": [-8.266776084899902, 0.1672901213169098, -4.444040775299072], "start_rotation": [0, 0.21065139192688923, 0, 0.9775612467151427]}