{"episode_id": "54514", "start_position": [-6.439405918121338, 0.17000891268253326, -4.511568546295166], "start_rotation": [0, 0.9917977315269529, 0, 0.12781729045004153]}