{"episode_id": "46979", "start_position": [-0.35988757014274597, 0.19309520721435547, 0.416614294052124], "start_rotation": [0, 0.24556193723993808, 0, 0.9693809029370078]}