{"episode_id": "1769", "start_position": [-1.3585573434829712, 0.1751515418291092, -0.7692651152610779], "start_rotation": [0, 0.8382702682850987, 0, -0.5452549470745119]}