{"episode_id": "65461", "start_position": [2.5512301921844482, 2.365107297897339, -0.005226492881774902], "start_rotation": [0, 0.7644460410370572, 0, 0.6446877153651759]}