{"episode_id": "33839", "start_position": [0.2840224504470825, 3.1651172637939453, -0.25503331422805786], "start_rotation": [0, 0.9973313456147664, 0, 0.07300813005576433]}