{"episode_id": "13825", "start_position": [4.199093818664551, 0.014962434768676758, 7.044801712036133], "start_rotation": [0, 0.9645317466921401, 0, 0.2639668722074971]}