{"episode_id": "65469", "start_position": [4.948462963104248, 0.19674673676490784, 3.320953369140625], "start_rotation": [0, 0.3087028375983489, 0, 0.9511585346611402]}