{"episode_id": "11301", "start_position": [-2.643373966217041, 0.19750866293907166, 5.140129566192627], "start_rotation": [0, 0.8046189276156697, 0, 0.593791530187666]}