{"episode_id": "66356", "start_position": [-2.146012783050537, 0.08076925575733185, -7.801690578460693], "start_rotation": [0, 0.9037987421432919, 0, -0.4279577475641764]}