{"episode_id": "35686", "start_position": [-2.8852591514587402, 0.11509490013122559, 1.2718958854675293], "start_rotation": [0, 0.3805166911682072, 0, -0.9247740522648759]}