{"episode_id": "61399", "start_position": [-1.5318148136138916, 0.12324567139148712, -2.360826015472412], "start_rotation": [0, 0.05549890442259972, 0, 0.9984587480751977]}