{"episode_id": "25913", "start_position": [-9.900378227233887, 0.17923279106616974, 5.794727325439453], "start_rotation": [0, 0.3637931587447703, 0, -0.9314797569730124]}