{"episode_id": "39699", "start_position": [-1.0098258256912231, 0.1751515418291092, -2.364844799041748], "start_rotation": [0, 0.9822057263471673, 0, 0.1878081764216712]}