{"episode_id": "67000", "start_position": [3.1602892875671387, -0.034892842173576355, -10.820365905761719], "start_rotation": [0, 0.04201197904464936, 0, -0.9991171070584028]}