{"episode_id": "57323", "start_position": [0.34913375973701477, 0.17702746391296387, 2.318781614303589], "start_rotation": [0, 0.9535499682179545, 0, 0.3012348886027945]}