{"episode_id": "25834", "start_position": [-1.424581527709961, 0.1514829844236374, -3.0869247913360596], "start_rotation": [0, 0.9633096381264017, 0, 0.2683925131086577]}