{"episode_id": "27589", "start_position": [2.92366623878479, 0.18360306322574615, -0.2319018542766571], "start_rotation": [0, 0.23235651228568963, 0, 0.9726306859226836]}