{"episode_id": "15214", "start_position": [-2.666935682296753, 0.1662864238023758, -0.08410273492336273], "start_rotation": [0, 0.8061984565812552, 0, 0.5916452050055016]}