{"episode_id": "37107", "start_position": [-4.57412052154541, 0.16646166145801544, 2.2886927127838135], "start_rotation": [0, 0.9912843727770836, 0, 0.13173948644177977]}