{"episode_id": "66946", "start_position": [-5.714325904846191, 0.03310127556324005, -9.60763931274414], "start_rotation": [0, 0.9987222209237956, 0, -0.05053637732407483]}