{"episode_id": "5381", "start_position": [-1.2672605514526367, 2.7814598083496094, -1.4204169511795044], "start_rotation": [0, 0.3929474593661961, 0, 0.9195609246687528]}