{"episode_id": "10737", "start_position": [0.02350328117609024, 2.365107297897339, -10.205914497375488], "start_rotation": [0, 0.1470135080654886, 0, -0.9891344845097043]}