{"episode_id": "20344", "start_position": [-2.0245189666748047, 0.16243858635425568, 0.9783126711845398], "start_rotation": [0, 0.2038962377359693, 0, 0.9789925046889364]}