{"episode_id": "57310", "start_position": [-1.144417405128479, 0.18145985901355743, -4.082276344299316], "start_rotation": [0, 0.582073841835198, 0, -0.8131359312262698]}