{"episode_id": "57240", "start_position": [-6.342889308929443, 0.12324567139148712, -1.6557766199111938], "start_rotation": [0, 0.9861034663118401, 0, -0.16613233799526728]}