{"episode_id": "30577", "start_position": [-5.456384658813477, 0.20017647743225098, -5.713313579559326], "start_rotation": [0, 0.9992607733443307, 0, -0.03844355414487637]}