{"episode_id": "33073", "start_position": [-10.621978759765625, 0.17000891268253326, -5.493789196014404], "start_rotation": [0, 0.8247268673258573, 0, -0.5655312496324829]}