{"episode_id": "18020", "start_position": [13.1981201171875, 0.19309520721435547, -0.6963498592376709], "start_rotation": [0, 0.7482240330254658, 0, 0.6634461518488948]}