{"episode_id": "27214", "start_position": [1.5011837482452393, 0.22417843341827393, 5.613458633422852], "start_rotation": [0, 0.4808498347889279, 0, 0.8768029632611085]}