{"episode_id": "15217", "start_position": [0.4645443260669708, 2.7814598083496094, -0.7982761263847351], "start_rotation": [0, 0.9546555409297156, 0, -0.29771261003221217]}