{"episode_id": "55946", "start_position": [0.20764416456222534, 0.1514829844236374, -0.5752348303794861], "start_rotation": [0, 0.3541087631206581, 0, -0.9352042471466635]}