{"episode_id": "17355", "start_position": [2.9728739261627197, 2.576350688934326, -1.3881300687789917], "start_rotation": [0, 0.8578475660230857, 0, -0.513904225968485]}