{"episode_id": "54831", "start_position": [-1.1334290504455566, 0.12114477157592773, -7.586730480194092], "start_rotation": [0, 0.9922152852259526, 0, -0.12453444408669294]}