{"episode_id": "22657", "start_position": [-0.4971393942832947, 2.7814598083496094, -1.8540900945663452], "start_rotation": [0, 0.9753174618366456, 0, 0.22080726581460913]}