{"episode_id": "45534", "start_position": [-7.874283790588379, 0.10841822624206543, -5.2735795974731445], "start_rotation": [0, 0.11963233301674746, 0, -0.9928182637809249]}