{"episode_id": "24355", "start_position": [1.0788519382476807, 0.17970331013202667, -2.562666654586792], "start_rotation": [0, 0.8925291281664675, 0, 0.4509897508529495]}