{"episode_id": "23741", "start_position": [-4.470319747924805, 0.1514829844236374, 3.079503059387207], "start_rotation": [0, 0.9769230614907015, 0, 0.21359150715240324]}