{"episode_id": "1543", "start_position": [-2.724274158477783, 3.400176525115967, -0.182428777217865], "start_rotation": [0, 0.8943842234112831, 0, -0.4472995203585581]}