{"episode_id": "24757", "start_position": [2.5908498764038086, 0.18321557343006134, -2.294067859649658], "start_rotation": [0, 0.38288946688942105, 0, 0.923794163298911]}