{"episode_id": "49616", "start_position": [2.240983486175537, -1.002579927444458, 1.5819131135940552], "start_rotation": [0, 0.9134871234362038, 0, 0.40686763857088676]}