{"episode_id": "12019", "start_position": [-2.4895057678222656, 0.1719042807817459, -7.802592754364014], "start_rotation": [0, 0.3958806467421291, 0, 0.9183019729560825]}