{"episode_id": "62733", "start_position": [1.812876582145691, 0.14570780098438263, -0.17560046911239624], "start_rotation": [0, 0.5945575378755814, 0, 0.8040530667532626]}