{"episode_id": "61110", "start_position": [-6.7561421394348145, 2.7005860805511475, -2.9924700260162354], "start_rotation": [0, 0.9998238428086353, 0, -0.018769212859715348]}