{"episode_id": "62587", "start_position": [-5.2318878173828125, 0.10841822624206543, 0.4396738111972809], "start_rotation": [0, 0.7596251899526338, 0, 0.6503611079926481]}