{"episode_id": "36612", "start_position": [-1.533868670463562, 0.1719042807817459, -9.270439147949219], "start_rotation": [0, 0.4885087337422605, 0, 0.8725590049145864]}