{"episode_id": "50906", "start_position": [2.9790384769439697, 3.056049346923828, -3.734755277633667], "start_rotation": [0, 0.5795445156589883, 0, -0.8149405833369624]}