{"episode_id": "16010", "start_position": [1.112703800201416, 2.7814598083496094, -3.8342723846435547], "start_rotation": [0, 0.7974333737968432, 0, 0.603407005556767]}