{"episode_id": "29484", "start_position": [-4.843544960021973, 0.17702746391296387, 5.001225471496582], "start_rotation": [0, 0.4097012944604114, 0, -0.9122197374084071]}