{"episode_id": "39741", "start_position": [0.4884171485900879, 0.10841822624206543, 0.41608595848083496], "start_rotation": [0, 0.6279014923855328, 0, -0.7782928214110809]}