{"episode_id": "490", "start_position": [-2.6967215538024902, 3.1434075832366943, -0.7207008600234985], "start_rotation": [0, 0.9966913131249624, 0, 0.08127992581959084]}