{"episode_id": "18554", "start_position": [-10.866661071777344, -2.852285146713257, 11.00743293762207], "start_rotation": [0, 0.22303236986649896, 0, 0.9748110391207792]}