{"episode_id": "18681", "start_position": [-8.514322280883789, 0.19700729846954346, -4.091277599334717], "start_rotation": [0, 0.5004293857525882, 0, -0.8657773558342163]}