{"episode_id": "13926", "start_position": [-3.634389877319336, 0.10841822624206543, 0.5281734466552734], "start_rotation": [0, 0.406468477679388, 0, -0.913664805414437]}