{"episode_id": "35066", "start_position": [-1.1239540576934814, 0.1649409383535385, 0.30176401138305664], "start_rotation": [0, 0.17204336347690105, 0, 0.9850893772057208]}