{"episode_id": "26696", "start_position": [-5.489654064178467, 0.1514829844236374, -0.5724311470985413], "start_rotation": [0, 0.8156308194107662, 0, -0.5785726976165761]}