{"episode_id": "43576", "start_position": [2.3234925270080566, 0.14570780098438263, -2.8788070678710938], "start_rotation": [0, 0.1864109107128458, 0, 0.9824718684864251]}