{"episode_id": "5051", "start_position": [-2.7793281078338623, 0.15964920818805695, 5.241076469421387], "start_rotation": [0, 0.9996009872798808, 0, -0.028246525964933746]}