{"episode_id": "66288", "start_position": [0.09752954542636871, -2.852285146713257, 2.9026834964752197], "start_rotation": [0, 0.23431526389751028, 0, 0.9721606642446711]}