{"episode_id": "15877", "start_position": [0.28655514121055603, 0.12114477157592773, -1.5915651321411133], "start_rotation": [0, 0.6751897696965339, 0, 0.737644070603934]}