{"episode_id": "9768", "start_position": [-4.780804634094238, -1.002579927444458, 1.1391017436981201], "start_rotation": [0, 0.998769848055762, 0, 0.04958619379091442]}