{"episode_id": "16303", "start_position": [5.637850761413574, 0.17646045982837677, -1.015406608581543], "start_rotation": [0, 0.09848578042698002, 0, 0.9951384582326666]}