{"episode_id": "34217", "start_position": [-0.19396989047527313, 0.18463699519634247, 4.313486576080322], "start_rotation": [0, 0.7504409199999048, 0, -0.6609375353160815]}