{"episode_id": "35202", "start_position": [-3.514225721359253, 0.13813969492912292, 0.9771726131439209], "start_rotation": [0, 0.46192155765527837, 0, -0.8869207825805647]}