{"episode_id": "20390", "start_position": [-7.929775238037109, 0.17635054886341095, -0.5095726251602173], "start_rotation": [0, 0.4461346288970338, 0, 0.8949658613036063]}