{"episode_id": "7423", "start_position": [5.418617248535156, 0.09678955376148224, 1.5435757637023926], "start_rotation": [0, 0.7176506093537707, 0, 0.6964033334886915]}