{"episode_id": "64855", "start_position": [-0.8895341157913208, 2.7814598083496094, -0.035027146339416504], "start_rotation": [0, 0.5643196522429108, 0, -0.8255563760836931]}