{"episode_id": "32971", "start_position": [4.061627388000488, 0.014962434768676758, 7.19273567199707], "start_rotation": [0, 0.10687627121848088, 0, -0.994272328213168]}