{"episode_id": "42116", "start_position": [-6.702856540679932, 3.1434075832366943, 2.3012752532958984], "start_rotation": [0, 0.25698069814364527, 0, 0.9664165358589456]}