{"episode_id": "61409", "start_position": [-1.9202569723129272, 0.09678955376148224, -4.14453125], "start_rotation": [0, 0.673416203077756, 0, -0.7392635642531955]}