{"episode_id": "37032", "start_position": [-2.2651517391204834, 0.1751515418291092, -0.026307791471481323], "start_rotation": [0, 0.9477451244381891, 0, 0.31902849262039484]}