{"episode_id": "31753", "start_position": [0.06780041754245758, 0.1719042807817459, 0.1787676066160202], "start_rotation": [0, 0.7345246679044547, 0, -0.6785819863803124]}