{"episode_id": "66840", "start_position": [-0.3832605481147766, 0.17800255119800568, 1.3925062417984009], "start_rotation": [0, 0.7180685493293807, 0, -0.6959723834061224]}