{"episode_id": "4283", "start_position": [0.08862131834030151, 0.14340916275978088, -2.6275553703308105], "start_rotation": [0, 0.578913864345673, 0, -0.8153887034220917]}