{"episode_id": "61489", "start_position": [-1.840620756149292, 1.5974199771881104, 1.3184921741485596], "start_rotation": [0, 0.9988206931662295, 0, -0.048551239973176424]}