{"episode_id": "18117", "start_position": [-1.3421945571899414, 0.18145985901355743, -2.2183761596679688], "start_rotation": [0, 0.8748206850726549, 0, -0.48444686908783996]}