{"episode_id": "66565", "start_position": [1.5123120546340942, 0.10529246926307678, 2.7860684394836426], "start_rotation": [0, 0.1201720457963082, 0, -0.9927530807855144]}