{"episode_id": "63395", "start_position": [-2.2707369327545166, 2.7814598083496094, -0.08806934207677841], "start_rotation": [0, 0.2816864373031797, 0, 0.9595065143288198]}