{"episode_id": "10068", "start_position": [-0.6472576856613159, 0.09678955376148224, -0.32111603021621704], "start_rotation": [0, 0.9634207724900818, 0, -0.2679933117348527]}