{"episode_id": "55318", "start_position": [-1.4403144121170044, 0.12194900214672089, 0.03649905323982239], "start_rotation": [0, 0.33681103018853326, 0, -0.9415722648545564]}