{"episode_id": "19734", "start_position": [-6.6328535079956055, 0.044724658131599426, 4.095958709716797], "start_rotation": [0, 0.1424028762102798, 0, -0.989808779940368]}