{"episode_id": "27803", "start_position": [7.916337013244629, 0.14657917618751526, 10.43394947052002], "start_rotation": [0, 0.7751625443102714, 0, -0.6317618458710738]}