{"episode_id": "64767", "start_position": [-3.617288589477539, 1.662041425704956, -4.885133743286133], "start_rotation": [0, 0.597230782820661, 0, 0.8020694434096217]}