{"episode_id": "55921", "start_position": [-0.2741445302963257, 0.17282123863697052, -6.022339344024658], "start_rotation": [0, 0.9778155911288219, 0, -0.20946758638365193]}