{"episode_id": "51365", "start_position": [-3.095423936843872, 0.18128342926502228, 0.16169197857379913], "start_rotation": [0, 0.9907373098614338, 0, -0.13579242559336374]}