{"episode_id": "31279", "start_position": [0.2698957622051239, 0.22503304481506348, -13.459758758544922], "start_rotation": [0, 0.4501220076793785, 0, 0.8929670644557309]}