{"episode_id": "11943", "start_position": [0.03847309947013855, 0.14078782498836517, 4.692826747894287], "start_rotation": [0, 0.9043481876974603, 0, -0.4267954491419973]}