{"episode_id": "64119", "start_position": [5.266490459442139, 0.1887628585100174, 2.8745546340942383], "start_rotation": [0, 0.13282833812518854, 0, -0.9911390581502176]}