{"episode_id": "56544", "start_position": [-2.7050204277038574, 0.17949719727039337, 6.21845817565918], "start_rotation": [0, 0.612982510792425, 0, 0.79009647604746]}