{"episode_id": "38030", "start_position": [-3.717650890350342, 0.17646045982837677, -3.327727794647217], "start_rotation": [0, 0.8817894767132258, 0, 0.4716432112919843]}