{"episode_id": "47029", "start_position": [0.6516183614730835, 2.7814598083496094, 0.5929850339889526], "start_rotation": [0, 0.11550251394871347, 0, -0.9933071877679771]}