{"episode_id": "31279", "start_position": [-7.175112247467041, 0.17702746391296387, 4.929426193237305], "start_rotation": [0, 0.9967378976446234, 0, -0.08070665027726248]}