{"episode_id": "25332", "start_position": [-0.07190007716417313, 0.1751515418291092, -1.505464792251587], "start_rotation": [0, 0.027864790119836384, 0, 0.9996117013478671]}