{"episode_id": "49990", "start_position": [0.9722855091094971, 0.22503304481506348, -14.637664794921875], "start_rotation": [0, 0.290796592519293, 0, 0.9567848983858223]}