{"episode_id": "30989", "start_position": [-1.5651249885559082, 0.10841822624206543, 5.950981616973877], "start_rotation": [0, 0.9976642863622931, 0, 0.0683079184078713]}