{"episode_id": "6615", "start_position": [-8.105253219604492, 0.14340753853321075, -0.14119493961334229], "start_rotation": [0, 0.7982330777871178, 0, 0.602348697621656]}