{"episode_id": "16722", "start_position": [-5.215302467346191, 0.059355344623327255, -6.519618034362793], "start_rotation": [0, 0.9861672847261694, 0, -0.1657530890686935]}