{"episode_id": "37951", "start_position": [-2.9469733238220215, 0.037133216857910156, -2.902865171432495], "start_rotation": [0, 0.9975219743944468, 0, 0.07035560105780293]}