{"episode_id": "40626", "start_position": [0.021614104509353638, 0.15562696754932404, 3.865856885910034], "start_rotation": [0, 0.5287055810746367, 0, -0.8488052830540881]}