{"episode_id": "53180", "start_position": [-2.344989538192749, 0.11384448409080505, -3.072678327560425], "start_rotation": [0, 0.0302270321438798, 0, -0.9995430588662866]}