{"episode_id": "65682", "start_position": [-2.165802001953125, 0.17282123863697052, -6.883601188659668], "start_rotation": [0, 0.9789946170537595, 0, -0.2038860951113704]}