{"episode_id": "63658", "start_position": [0.5409336090087891, 0.14340916275978088, -5.885918617248535], "start_rotation": [0, 0.66480613780667, 0, 0.7470159296391068]}