{"episode_id": "61139", "start_position": [-0.6800540089607239, 0.08356514573097229, -1.7455545663833618], "start_rotation": [0, 0.8752431598093658, 0, 0.4836831723420992]}