{"episode_id": "67392", "start_position": [-1.2439615726470947, 0.18321557343006134, -1.7413225173950195], "start_rotation": [0, 0.9651084424648956, 0, 0.26185051896641975]}