{"episode_id": "19691", "start_position": [-2.5625152587890625, 0.06792303174734116, 10.831459045410156], "start_rotation": [0, 0.9983261905679062, 0, -0.05783439483709203]}