{"episode_id": "47826", "start_position": [1.9370225667953491, 0.16243858635425568, -0.16952094435691833], "start_rotation": [0, 0.6590074392885982, 0, 0.7521364204466399]}