{"episode_id": "9512", "start_position": [6.339909553527832, 0.15289896726608276, -0.10069688409566879], "start_rotation": [0, 0.9228961350862236, 0, -0.38504898888701294]}