{"episode_id": "57224", "start_position": [3.422682762145996, 0.12114477157592773, 0.6010305881500244], "start_rotation": [0, 0.49889123479459707, 0, 0.866664604010757]}