{"episode_id": "35977", "start_position": [-0.9872415661811829, 0.038581933826208115, 1.6334046125411987], "start_rotation": [0, 0.22777821681008084, 0, -0.9737130398360802]}