{"episode_id": "14968", "start_position": [3.4973878860473633, 0.14657917618751526, 7.8482255935668945], "start_rotation": [0, 0.3463390858000038, 0, -0.9381093953517455]}