{"episode_id": "27351", "start_position": [0.26772594451904297, -2.64268159866333, -5.419567584991455], "start_rotation": [0, 0.3429474189592698, 0, -0.9393546017501458]}