{"episode_id": "1278", "start_position": [0.18460938334465027, -0.034892842173576355, -11.259970664978027], "start_rotation": [0, 0.16992646462901267, 0, -0.9854567451789474]}