{"episode_id": "40264", "start_position": [-6.031309604644775, 0.16511733829975128, -0.9106922745704651], "start_rotation": [0, 0.43743114710401304, 0, -0.8992519066108602]}