{"episode_id": "23526", "start_position": [-8.388249397277832, 0.19309520721435547, -0.695624589920044], "start_rotation": [0, 0.9657567290626073, 0, 0.2594493019267803]}