{"episode_id": "56271", "start_position": [2.241556167602539, 0.17002512514591217, -3.1338493824005127], "start_rotation": [0, 0.08308218730705577, 0, -0.9965426986096859]}