{"episode_id": "51495", "start_position": [0.004027985036373138, 0.12324567139148712, 1.207614779472351], "start_rotation": [0, 0.9440285815275293, 0, 0.32986366465423383]}