{"episode_id": "26544", "start_position": [4.015574932098389, 0.014962434768676758, 2.9613261222839355], "start_rotation": [0, 0.7274873337948444, 0, 0.6861211111517184]}