{"episode_id": "7626", "start_position": [-6.041988372802734, 0.11149126291275024, -11.437906265258789], "start_rotation": [0, 0.863483695559922, 0, -0.5043767515480665]}