{"episode_id": "56544", "start_position": [-1.009183406829834, 0.17800255119800568, -0.22311575710773468], "start_rotation": [0, 0.09749007315568986, 0, -0.9952364973392497]}