{"episode_id": "68311", "start_position": [-13.63683795928955, -2.852285146713257, 14.381988525390625], "start_rotation": [0, 0.7535818760902707, 0, -0.6573540568280292]}