{"episode_id": "7205", "start_position": [-0.13196337223052979, 0.3241143524646759, 6.312330722808838], "start_rotation": [0, 0.9189740926669524, 0, 0.3943179136267481]}