{"episode_id": "57617", "start_position": [-7.961706638336182, 0.11509490013122559, 4.2318010330200195], "start_rotation": [0, 0.23946644534202785, 0, -0.970904640814562]}