{"episode_id": "6034", "start_position": [-5.803507328033447, 0.16511733829975128, -2.024000644683838], "start_rotation": [0, 0.7142176683253243, 0, 0.6999236545880821]}