{"episode_id": "17169", "start_position": [-7.796682834625244, 0.062041521072387695, -6.507227897644043], "start_rotation": [0, 0.9249901699835771, 0, -0.3799910333596743]}