{"episode_id": "65603", "start_position": [8.545467376708984, 0.5797033309936523, -0.4095883369445801], "start_rotation": [0, 0.6299487992478658, 0, -0.7766366655819]}