{"episode_id": "64031", "start_position": [6.77336311340332, -2.9042117595672607, 4.0866923332214355], "start_rotation": [0, 0.7809420375184929, 0, -0.6246035014602982]}