{"episode_id": "3536", "start_position": [4.736201286315918, 0.17646045982837677, -5.905433654785156], "start_rotation": [0, 0.38375125119699366, 0, -0.9234365041543148]}