{"episode_id": "67190", "start_position": [-9.095710754394531, 0.11584873497486115, -0.5961931347846985], "start_rotation": [0, 0.9999185076622782, 0, -0.01276628506819539]}