{"episode_id": "32129", "start_position": [0.942785382270813, 0.17970331013202667, -2.2339653968811035], "start_rotation": [0, 0.8296039424917933, 0, -0.5583523068834528]}