{"episode_id": "50374", "start_position": [-6.18032169342041, 0.11509490013122559, 3.801711320877075], "start_rotation": [0, 0.9999935174241182, 0, 0.0036007096161265947]}