{"episode_id": "27443", "start_position": [-2.380561113357544, 0.17646045982837677, -7.179125785827637], "start_rotation": [0, 0.7943810806903684, 0, 0.6074197055094627]}