{"episode_id": "27151", "start_position": [-8.531718254089355, 0.11722028255462646, 4.680280685424805], "start_rotation": [0, 0.4283225768266446, 0, -0.9036259016764532]}