{"episode_id": "61384", "start_position": [-1.3027777671813965, 0.14340916275978088, 1.2116467952728271], "start_rotation": [0, 0.01709654434782052, 0, 0.9998538434048063]}