{"episode_id": "33570", "start_position": [-3.540952444076538, 0.18321557343006134, -2.023590564727783], "start_rotation": [0, 0.9799901055229734, 0, -0.19904620839662227]}