{"episode_id": "23177", "start_position": [-3.894806146621704, 0.11509490013122559, 5.249339580535889], "start_rotation": [0, 0.692410087029672, 0, 0.7215041728081426]}