{"episode_id": "4857", "start_position": [-0.4361085295677185, -2.967862606048584, -3.2177038192749023], "start_rotation": [0, 0.8666866946403301, 0, 0.4988528573972682]}