{"episode_id": "43605", "start_position": [-0.9784097671508789, 0.17002512514591217, -3.543510675430298], "start_rotation": [0, 0.8039362207767812, 0, -0.5947155226855497]}