{"episode_id": "42415", "start_position": [0.19439484179019928, 2.365107297897339, -10.148653030395508], "start_rotation": [0, 0.44440578894883964, 0, 0.8958255939348683]}