{"episode_id": "4375", "start_position": [-1.444133996963501, 0.1751515418291092, -2.7677559852600098], "start_rotation": [0, 0.9500672789033622, 0, -0.31204513384630933]}