{"episode_id": "39686", "start_position": [-0.2219170331954956, 0.17635054886341095, -1.8869520425796509], "start_rotation": [0, 0.8100195314672598, 0, 0.586402897879573]}