{"episode_id": "41043", "start_position": [-0.7191770076751709, 0.2348504364490509, 9.431560516357422], "start_rotation": [0, 0.7352492625449829, 0, 0.6777968146333079]}