{"episode_id": "67095", "start_position": [0.09997620433568954, 0.17702746391296387, 6.285475254058838], "start_rotation": [0, 0.5205900783898465, 0, 0.8538067523052588]}