{"episode_id": "37790", "start_position": [-0.8329246044158936, 0.23514866828918457, 7.834796905517578], "start_rotation": [0, 0.8951957066126178, 0, 0.4456732512304681]}