{"episode_id": "64901", "start_position": [-5.279557228088379, 3.1651172637939453, -0.026407591998577118], "start_rotation": [0, 0.8264542000751176, 0, -0.56300395662748]}