{"episode_id": "48669", "start_position": [-9.606776237487793, 3.683565139770508, -2.9346566200256348], "start_rotation": [0, 0.9999055471324064, 0, 0.013743973728255962]}