{"episode_id": "63257", "start_position": [-2.046393632888794, 0.09678955376148224, -3.298903703689575], "start_rotation": [0, 0.6943525955421207, 0, -0.719634958200281]}