{"episode_id": "9123", "start_position": [-2.524782419204712, 3.683565139770508, 1.0019532442092896], "start_rotation": [0, 0.5494019821547, 0, 0.8355581739199771]}