{"episode_id": "16588", "start_position": [-4.798020839691162, -2.1628668308258057, -4.412950038909912], "start_rotation": [0, 0.7237080550828481, 0, 0.6901062606644004]}