{"episode_id": "51688", "start_position": [-1.5244557857513428, 0.17002512514591217, -3.0503854751586914], "start_rotation": [0, 0.47407050261146594, 0, 0.8804868872128148]}