{"episode_id": "18528", "start_position": [-3.604250431060791, 1.662041425704956, 0.0410127229988575], "start_rotation": [0, 0.2781216127017947, 0, 0.9605458700906234]}