{"episode_id": "59058", "start_position": [1.0259515047073364, 0.1887628585100174, 3.9342308044433594], "start_rotation": [0, 0.2652873394510337, 0, -0.9641693977341285]}