{"episode_id": "42599", "start_position": [4.272428512573242, 0.15289896726608276, -1.4507925510406494], "start_rotation": [0, 0.32552446817687297, 0, -0.9455336168630727]}