{"episode_id": "22979", "start_position": [-4.877322196960449, -6.767862796783447, 2.7247023582458496], "start_rotation": [0, 0.6399242717488083, 0, 0.768437978256383]}