{"episode_id": "5293", "start_position": [-3.3701066970825195, 3.131464719772339, 1.0668116807937622], "start_rotation": [0, 0.9721415276400692, 0, -0.23439464635019397]}