{"episode_id": "41290", "start_position": [2.4718353748321533, -2.943950891494751, -1.253329873085022], "start_rotation": [0, 0.8817222947008578, 0, 0.471768794037348]}