{"episode_id": "43804", "start_position": [-1.0847811698913574, 0.17282123863697052, 1.9611022472381592], "start_rotation": [0, 0.06602962234660086, 0, 0.9978176631894052]}