{"episode_id": "2488", "start_position": [0.11868895590305328, 0.021137923002243042, -1.4225921630859375], "start_rotation": [0, 0.9998976720046047, 0, 0.014305436720772764]}