{"episode_id": "58422", "start_position": [-1.2525906562805176, 0.17949719727039337, 7.501544952392578], "start_rotation": [0, 0.7811017724541683, 0, -0.6244037324271505]}