{"episode_id": "48989", "start_position": [4.280280590057373, 0.15289896726608276, -2.446240186691284], "start_rotation": [0, 0.7311376811799042, 0, 0.6822299400926881]}