{"episode_id": "46908", "start_position": [-14.949853897094727, 0.14771485328674316, 14.209784507751465], "start_rotation": [0, 0.5897107264741719, 0, -0.807614548581998]}