{"episode_id": "19777", "start_position": [-4.039524078369141, 0.18128342926502228, 3.8294060230255127], "start_rotation": [0, 0.0742405564013579, 0, 0.9972403620919166]}