{"episode_id": "63729", "start_position": [-3.6001152992248535, 0.2079159915447235, 0.19706597924232483], "start_rotation": [0, 0.8503474161979226, 0, -0.5262216945029128]}