{"episode_id": "38030", "start_position": [-2.5838375091552734, 0.12114477157592773, -7.246302604675293], "start_rotation": [0, 0.25171929101656354, 0, 0.9678002885565382]}