{"episode_id": "27351", "start_position": [1.0477193593978882, 0.08076925575733185, -5.6835527420043945], "start_rotation": [0, 0.27996240681839446, 0, 0.9600109638792943]}