{"episode_id": "13856", "start_position": [5.072244644165039, 0.09678955376148224, -2.3919999599456787], "start_rotation": [0, 0.9844902190570024, 0, -0.1754394726995478]}