{"episode_id": "39208", "start_position": [-2.6536812782287598, 0.15165157616138458, 6.977492332458496], "start_rotation": [0, 0.9989787160121971, 0, -0.04518323754028654]}