{"episode_id": "52180", "start_position": [-6.0116682052612305, 0.03310127556324005, -9.193009376525879], "start_rotation": [0, 0.5020747842426728, 0, -0.8648242081646845]}