{"episode_id": "34323", "start_position": [-2.9185972213745117, 0.17282123863697052, 1.3191295862197876], "start_rotation": [0, 0.8209515688787536, 0, 0.5709978297292495]}