{"episode_id": "12770", "start_position": [-2.944688320159912, 0.1649409383535385, -1.0906282663345337], "start_rotation": [0, 0.1769825582452274, 0, -0.9842139879502703]}