{"episode_id": "3321", "start_position": [-0.46815112233161926, 0.162401482462883, -0.21951346099376678], "start_rotation": [0, 0.47074506717897396, 0, 0.8822692796004309]}