{"episode_id": "52115", "start_position": [0.16376467049121857, 0.1719042807817459, 1.2275153398513794], "start_rotation": [0, 0.38345213270273504, 0, 0.9235607516161154]}