{"episode_id": "5804", "start_position": [0.373003751039505, 0.18128342926502228, 0.677663266658783], "start_rotation": [0, 0.999970940851898, 0, 0.007623480292485411]}