{"episode_id": "7517", "start_position": [0.20235392451286316, 0.14657917618751526, 1.0834121704101562], "start_rotation": [0, 0.8344262585492687, 0, -0.5511196050255053]}