{"episode_id": "60276", "start_position": [-2.227306604385376, -2.374966859817505, -5.063222408294678], "start_rotation": [0, 0.7256357874054828, 0, 0.6880789954913787]}