{"episode_id": "3351", "start_position": [-6.953370571136475, 0.08356514573097229, -4.102771282196045], "start_rotation": [0, 0.4365223701258987, 0, 0.8996934035434894]}