{"episode_id": "39686", "start_position": [-9.680387496948242, 0.0775115042924881, -0.04463842511177063], "start_rotation": [0, 0.9966763168480384, 0, -0.08146360803591142]}