{"episode_id": "17489", "start_position": [-2.2966339588165283, -2.364851236343384, 4.05855655670166], "start_rotation": [0, 0.8146378772890716, 0, -0.5799699379157127]}