{"episode_id": "10172", "start_position": [2.4245924949645996, 0.014962434768676758, 4.1115851402282715], "start_rotation": [0, 0.8162905461601978, 0, 0.5776415361186261]}