{"episode_id": "2550", "start_position": [0.9662522077560425, 0.22503304481506348, -14.1544189453125], "start_rotation": [0, 0.417260932414377, 0, -0.9087867265099577]}