{"episode_id": "14902", "start_position": [-4.06361722946167, 0.1514829844236374, -1.6372138261795044], "start_rotation": [0, 0.9510147072364329, 0, -0.3091456398204605]}