{"episode_id": "43914", "start_position": [-8.814228057861328, -2.8915817737579346, -2.136000394821167], "start_rotation": [0, 0.4364649859598427, 0, 0.8997212435143866]}