{"episode_id": "64311", "start_position": [4.945230484008789, 0.1887628585100174, 1.3119840621948242], "start_rotation": [0, 0.8368132247457509, 0, -0.5474884719248592]}