{"episode_id": "907", "start_position": [-1.0943851470947266, 0.0701034814119339, 6.008872032165527], "start_rotation": [0, 0.9005665963133777, 0, 0.4347180760039062]}