{"episode_id": "32734", "start_position": [-0.15486791729927063, 0.17800255119800568, -7.82723331451416], "start_rotation": [0, 0.9956783564261957, 0, 0.09286878132305529]}