{"episode_id": "20928", "start_position": [0.9696086645126343, 0.12194900214672089, 0.609816312789917], "start_rotation": [0, 0.9000909159521293, 0, 0.4357021264814493]}