{"episode_id": "50252", "start_position": [-3.4118523597717285, 0.18321557343006134, 0.9769189357757568], "start_rotation": [0, 0.1793436888993612, 0, 0.983786481535485]}