{"episode_id": "59132", "start_position": [-5.640246868133545, 0.062041521072387695, -5.760749340057373], "start_rotation": [0, 0.9671855531627647, 0, 0.254071064376164]}