{"episode_id": "40040", "start_position": [-5.531405925750732, 2.7005860805511475, -0.7269315719604492], "start_rotation": [0, 0.6588347697141179, 0, -0.752287675172035]}