{"episode_id": "16722", "start_position": [-0.3340475857257843, 0.12324567139148712, 0.6344721913337708], "start_rotation": [0, 0.9914598805563248, 0, -0.1304120594394483]}