{"episode_id": "12700", "start_position": [-0.05048839747905731, 0.14534194767475128, -2.355785369873047], "start_rotation": [0, 0.985705321956562, 0, -0.16847853948355082]}