{"episode_id": "33693", "start_position": [6.4674482345581055, 0.17646045982837677, -0.8547720909118652], "start_rotation": [0, 0.8021159813156977, 0, 0.5971682782247858]}