{"episode_id": "49118", "start_position": [0.09163329005241394, 2.7814598083496094, -1.708975911140442], "start_rotation": [0, 0.4912471760218367, 0, -0.8710202133421305]}