{"episode_id": "35701", "start_position": [-1.0294653177261353, 0.18321557343006134, -3.9637506008148193], "start_rotation": [0, 0.8139801276049125, 0, 0.5808927197549393]}