{"episode_id": "6433", "start_position": [-3.869642734527588, 0.025033235549926758, -9.143081665039062], "start_rotation": [0, 0.4661258000022992, 0, 0.8847184515834495]}