{"episode_id": "22558", "start_position": [4.732962131500244, 0.17646045982837677, -7.1667094230651855], "start_rotation": [0, 0.8861931528477258, 0, -0.4633159784054585]}