{"episode_id": "4776", "start_position": [0.2931407690048218, 0.03514885902404785, -0.4654630422592163], "start_rotation": [0, 0.9112673220550923, 0, 0.4118153321023159]}