{"episode_id": "1300", "start_position": [-0.3532599210739136, 0.16646166145801544, -1.5036102533340454], "start_rotation": [0, 0.4699162895193838, 0, -0.8827109837564812]}