{"episode_id": "37901", "start_position": [3.7830238342285156, 2.365107297897339, 0.1235695481300354], "start_rotation": [0, 0.9892063391395742, 0, 0.1465292414710513]}