{"episode_id": "41516", "start_position": [-1.7652969360351562, 0.09678955376148224, -4.186737060546875], "start_rotation": [0, 0.4133173087076387, 0, -0.9105870646581108]}