{"episode_id": "36710", "start_position": [2.653658628463745, 0.18463699519634247, -0.6297128796577454], "start_rotation": [0, 0.5278537305890109, 0, 0.8493352925101276]}