{"episode_id": "40789", "start_position": [-1.0646052360534668, 0.12194900214672089, 0.3647022247314453], "start_rotation": [0, 0.8677212028891703, 0, -0.4970512187456856]}