{"episode_id": "22346", "start_position": [1.8562445640563965, 1.662041425704956, -7.56011962890625], "start_rotation": [0, 0.015558800985774151, 0, -0.9998789545299396]}