{"episode_id": "56776", "start_position": [-3.931626558303833, 0.43213748931884766, -5.0321245193481445], "start_rotation": [0, 0.5931997079756265, 0, -0.8050553437234185]}