{"episode_id": "39223", "start_position": [1.1262414455413818, 0.1719042807817459, -4.783210754394531], "start_rotation": [0, 0.4252428567777797, 0, 0.9050792853443684]}