{"episode_id": "32683", "start_position": [-1.8032903671264648, 3.0807693004608154, -3.628148078918457], "start_rotation": [0, 0.8892027342685176, 0, -0.45751338490736204]}