{"episode_id": "41380", "start_position": [4.8694987297058105, 0.18360306322574615, 0.5048956871032715], "start_rotation": [0, 0.2938270934509666, 0, 0.9558585874250213]}