{"episode_id": "33319", "start_position": [-1.7821192741394043, 0.1649409383535385, -1.4140610694885254], "start_rotation": [0, 0.9600630428688668, 0, 0.27978376242622177]}