{"episode_id": "60773", "start_position": [-3.833061695098877, 0.15964920818805695, 3.9887442588806152], "start_rotation": [0, 0.8577379356038141, 0, 0.5140871850436531]}