{"episode_id": "2457", "start_position": [-2.8971214294433594, 2.7814598083496094, -2.0599899291992188], "start_rotation": [0, 0.5756678994826452, 0, -0.817683599875428]}