{"episode_id": "55843", "start_position": [3.905038833618164, 0.18360306322574615, -5.839775085449219], "start_rotation": [0, 0.5334321249069928, 0, 0.8458428743668711]}