{"episode_id": "27441", "start_position": [-4.434723854064941, 0.17923279106616974, 1.5371977090835571], "start_rotation": [0, 0.5701443434495709, 0, 0.8215445378264393]}