{"episode_id": "63778", "start_position": [-2.4186604022979736, -2.374966859817505, -3.6802494525909424], "start_rotation": [0, 0.059705648581768675, 0, 0.9982160264829604]}