{"episode_id": "39223", "start_position": [-1.0157569646835327, -3.206904888153076, -2.3357582092285156], "start_rotation": [0, 0.6072085227598121, 0, -0.7945425160983185]}