{"episode_id": "7360", "start_position": [-1.2916463613510132, 0.17800255119800568, 0.07889460027217865], "start_rotation": [0, 0.10073451638181664, 0, 0.9949133415576059]}