{"episode_id": "63711", "start_position": [0.4098034203052521, 0.014962434768676758, 6.718055725097656], "start_rotation": [0, 0.6302435407120727, 0, 0.7763975008915923]}