{"episode_id": "31406", "start_position": [9.037620544433594, 0.5797033309936523, 0.11980770528316498], "start_rotation": [0, 0.9910829813335449, 0, -0.13324610354908026]}