{"episode_id": "43508", "start_position": [-3.3181679248809814, 1.662041425704956, -5.494527816772461], "start_rotation": [0, 0.3160682390077259, 0, 0.9487364588180192]}