{"episode_id": "64434", "start_position": [-2.7452828884124756, 0.1649409383535385, 1.0445351600646973], "start_rotation": [0, 0.7177960284782086, 0, -0.6962534463116938]}