{"episode_id": "50811", "start_position": [-1.1467173099517822, 0.1662864238023758, -0.9952650666236877], "start_rotation": [0, 0.5562897356786197, 0, -0.8309884054417435]}