{"episode_id": "34715", "start_position": [-4.127342224121094, 0.10841822624206543, 2.920152425765991], "start_rotation": [0, 0.6358537196304698, 0, -0.7718095926017607]}