{"episode_id": "16722", "start_position": [-4.323362350463867, 0.17923279106616974, 3.4343819618225098], "start_rotation": [0, 0.8626024767154385, 0, 0.5058823649470214]}