{"episode_id": "34513", "start_position": [1.604895830154419, 0.14570780098438263, -6.036220550537109], "start_rotation": [0, 0.3771773016366388, 0, -0.9261410708580545]}