{"episode_id": "14345", "start_position": [-5.725869178771973, 0.15562696754932404, -0.6742457151412964], "start_rotation": [0, 0.8382456831055519, 0, 0.5452927422540177]}