{"episode_id": "50189", "start_position": [-0.7304673790931702, 2.365107297897339, -8.027749061584473], "start_rotation": [0, 0.5676557145029587, 0, 0.8232660504309257]}