{"episode_id": "33366", "start_position": [-1.4219907522201538, 0.18145985901355743, 0.6600726246833801], "start_rotation": [0, 0.550504887321934, 0, 0.8348319405932338]}