{"episode_id": "5798", "start_position": [2.725198268890381, 0.18463699519634247, -0.8257662057876587], "start_rotation": [0, 0.5373049810063796, 0, -0.8433880230272032]}