{"episode_id": "17869", "start_position": [-10.993517875671387, 0.14771485328674316, 7.058139324188232], "start_rotation": [0, 0.6523297900031712, 0, -0.7579352512414359]}