{"episode_id": "48743", "start_position": [-2.3983378410339355, 2.6967344284057617, 1.4046813249588013], "start_rotation": [0, 0.7330060055177592, 0, 0.6802221665565588]}