{"episode_id": "31719", "start_position": [-1.8059239387512207, 0.17635054886341095, 2.1311373710632324], "start_rotation": [0, 0.2857563452951188, 0, -0.9583023067506291]}