{"episode_id": "26660", "start_position": [0.1659260094165802, 3.0807693004608154, -11.613362312316895], "start_rotation": [0, 0.5751903323504424, 0, 0.818019609526928]}