{"episode_id": "20261", "start_position": [-2.9589176177978516, 0.43213748931884766, -4.618680953979492], "start_rotation": [0, 0.8976943556034849, 0, 0.4406187058190381]}