{"episode_id": "26166", "start_position": [-2.035102605819702, 0.008991524577140808, 10.667390823364258], "start_rotation": [0, 0.7917077840406408, 0, -0.6108999792842181]}