{"episode_id": "63124", "start_position": [3.2574098110198975, 0.18321557343006134, -0.5214288234710693], "start_rotation": [0, 0.5051205742479655, 0, -0.8630487851051095]}