{"episode_id": "28307", "start_position": [3.478803873062134, 0.014962434768676758, 6.9491167068481445], "start_rotation": [0, 0.5379261665201996, 0, -0.8429919568850479]}