{"episode_id": "57373", "start_position": [-0.34924906492233276, 0.14340916275978088, -0.5513913035392761], "start_rotation": [0, 0.8082450547477633, 0, -0.5888462715138689]}