{"episode_id": "67163", "start_position": [-3.9438040256500244, 0.1649409383535385, 1.1907981634140015], "start_rotation": [0, 0.9714033706434214, 0, -0.23743523643848588]}