{"episode_id": "51050", "start_position": [3.05759334564209, 2.576350688934326, -0.8257759213447571], "start_rotation": [0, 0.2212800754082244, 0, -0.9752102994879261]}