{"episode_id": "41803", "start_position": [1.4983303546905518, 0.08076925575733185, -12.772510528564453], "start_rotation": [0, 0.6655166541557284, 0, 0.7463830002360481]}