{"episode_id": "66466", "start_position": [-5.351894378662109, 0.037133216857910156, -3.3619489669799805], "start_rotation": [0, 0.9788177866420978, 0, -0.20473334011114194]}