{"episode_id": "33966", "start_position": [-7.221521377563477, 0.19309520721435547, -0.035797975957393646], "start_rotation": [0, 0.8603611269449843, 0, -0.5096849333087614]}