{"episode_id": "21974", "start_position": [-5.617072105407715, -2.599823474884033, -2.6779980659484863], "start_rotation": [0, 0.6062112374077501, 0, 0.7953036751081718]}