{"episode_id": "66839", "start_position": [-3.9706149101257324, 0.1514829844236374, -2.5930418968200684], "start_rotation": [0, 0.0639544795255953, 0, 0.9979528167947672]}