{"episode_id": "64413", "start_position": [2.142854690551758, 0.17002512514591217, -5.880315780639648], "start_rotation": [0, 0.8905146212421082, 0, 0.4549546234010866]}