{"episode_id": "53664", "start_position": [-4.313061714172363, 0.1005861759185791, -1.7888150215148926], "start_rotation": [0, 0.21899265033879342, 0, 0.975726508350363]}