{"episode_id": "42063", "start_position": [0.2163601815700531, 0.2331012785434723, -2.372939348220825], "start_rotation": [0, 0.9912074963673986, 0, -0.13231666238638898]}