{"episode_id": "47559", "start_position": [0.3465712368488312, 0.17646045982837677, 0.0528559684753418], "start_rotation": [0, 0.9869085327328371, 0, -0.161280959877844]}