{"episode_id": "9870", "start_position": [-9.754233360290527, 0.17702746391296387, 4.953760623931885], "start_rotation": [0, 0.9010807732333588, 0, -0.43365128860545576]}