{"episode_id": "66593", "start_position": [-3.356248378753662, 0.17000891268253326, -3.0645194053649902], "start_rotation": [0, 0.977059605913511, 0, 0.2129660219193063]}