{"episode_id": "13000", "start_position": [3.1661345958709717, 3.1880505084991455, -1.6422100067138672], "start_rotation": [0, 0.8290310011879086, 0, 0.5592026457996903]}