{"episode_id": "42688", "start_position": [8.66811466217041, 0.09678955376148224, 1.828153371810913], "start_rotation": [0, 0.6507275680604918, 0, 0.7593112880539035]}