{"episode_id": "24054", "start_position": [-3.3227763175964355, 0.18128342926502228, 1.230446219444275], "start_rotation": [0, 0.8377756159804788, 0, 0.5460146676313095]}