{"episode_id": "59987", "start_position": [-13.675421714782715, 0.14771485328674316, 13.161357879638672], "start_rotation": [0, 0.35623957119532795, 0, 0.9343946531924125]}