{"episode_id": "35958", "start_position": [-3.491521120071411, 0.17702746391296387, 1.288785696029663], "start_rotation": [0, 0.8487629490234184, 0, 0.5287735397739471]}