{"episode_id": "68166", "start_position": [-0.9659610986709595, 0.17002512514591217, -3.4876773357391357], "start_rotation": [0, 0.9899911731805705, 0, -0.14112929187294032]}