{"episode_id": "67230", "start_position": [2.3535828590393066, 0.18463699519634247, 4.499553680419922], "start_rotation": [0, 0.7611158639240873, 0, 0.6486159431305172]}