{"episode_id": "12019", "start_position": [-6.353167533874512, -3.190829038619995, -1.9052351713180542], "start_rotation": [0, 0.9632614054338097, 0, 0.26856556890577327]}