{"episode_id": "11224", "start_position": [13.274862289428711, 0.19309520721435547, 1.1799817085266113], "start_rotation": [0, 0.720220307982917, 0, 0.6937454201427149]}