{"episode_id": "11242", "start_position": [-2.2244713306427, 0.15289896726608276, -0.26499342918395996], "start_rotation": [0, 0.07097705911365097, 0, 0.9974779481670646]}