{"episode_id": "55250", "start_position": [0.2471838891506195, 3.683565139770508, -3.8790829181671143], "start_rotation": [0, 0.7964476063030879, 0, -0.604707541224749]}