{"episode_id": "9944", "start_position": [3.46958589553833, 2.365107297897339, -4.994312286376953], "start_rotation": [0, 0.3264399058900229, 0, 0.9452179578502056]}