{"episode_id": "39705", "start_position": [-0.7971187829971313, 0.16646166145801544, -1.1414252519607544], "start_rotation": [0, 0.4696967936001759, 0, 0.8828277986570845]}