{"episode_id": "42372", "start_position": [-6.409224510192871, 2.7005860805511475, 0.2543865442276001], "start_rotation": [0, 0.2377577280898346, 0, -0.9713244888983085]}