{"episode_id": "45951", "start_position": [-2.0243444442749023, 0.16243858635425568, 0.39013051986694336], "start_rotation": [0, 0.990331734742778, 0, -0.1387193395362013]}