{"episode_id": "10169", "start_position": [-4.562300682067871, 0.17949719727039337, 3.8601534366607666], "start_rotation": [0, 0.2193995929366604, 0, 0.9756350847623448]}