{"episode_id": "45448", "start_position": [-0.6562325358390808, 0.14340916275978088, 1.8286765813827515], "start_rotation": [0, 0.8861379474174824, 0, 0.4634215555482191]}