{"episode_id": "42696", "start_position": [-3.4294793605804443, 0.1649409383535385, -1.5906989574432373], "start_rotation": [0, 0.7023702531545373, 0, -0.7118117921779824]}