{"episode_id": "9578", "start_position": [-1.7940587997436523, -6.767862796783447, 6.510590553283691], "start_rotation": [0, 0.5501684171586451, 0, -0.8350537184883084]}