{"episode_id": "22503", "start_position": [6.05361270904541, 0.021137923002243042, 0.24724863469600677], "start_rotation": [0, 0.9765239168101528, 0, -0.21540900607392818]}