{"episode_id": "62851", "start_position": [-3.006084680557251, 0.09678955376148224, -5.922117233276367], "start_rotation": [0, 0.7935354297704758, 0, -0.6085240518656484]}