{"episode_id": "22520", "start_position": [-1.2967920303344727, 0.1751515418291092, 0.4609677195549011], "start_rotation": [0, 0.9999832677637608, 0, -0.005784824328429898]}