{"episode_id": "7359", "start_position": [-4.352526664733887, 0.14340916275978088, 0.09339192509651184], "start_rotation": [0, 0.045206670962988575, 0, -0.9989776558564482]}