{"episode_id": "8649", "start_position": [-5.795042991638184, 0.17646045982837677, -4.835183143615723], "start_rotation": [0, 0.9071371553423582, 0, 0.42083510000637353]}