{"episode_id": "29689", "start_position": [3.821901321411133, 0.15289896726608276, -3.147125482559204], "start_rotation": [0, 0.332126674770019, 0, -0.9432347915053866]}