{"episode_id": "31372", "start_position": [1.5844149589538574, 0.17970331013202667, -0.16888615489006042], "start_rotation": [0, 0.6796038441755065, 0, 0.7335793174441834]}