{"episode_id": "17652", "start_position": [2.1262617111206055, 0.1005861759185791, -2.8330886363983154], "start_rotation": [0, 0.22116035363601133, 0, -0.9752374572275176]}