{"episode_id": "6209", "start_position": [1.2186017036437988, 2.365107297897339, -10.845690727233887], "start_rotation": [0, 0.9914750409760801, 0, -0.13029675023376566]}