{"episode_id": "10129", "start_position": [3.270906686782837, 0.1887628585100174, 3.7565269470214844], "start_rotation": [0, 0.4987298322992395, 0, 0.8667574945593332]}