{"episode_id": "51265", "start_position": [0.028551310300827026, 0.021137923002243042, -0.7907784581184387], "start_rotation": [0, 0.5803535951354307, 0, 0.8143646017683852]}