{"episode_id": "13003", "start_position": [-0.8118313550949097, 0.1672901213169098, 6.063839912414551], "start_rotation": [0, 0.07947750492165444, 0, 0.9968366597449295]}