{"episode_id": "42984", "start_position": [-3.2944750785827637, 0.17949719727039337, -0.5756330490112305], "start_rotation": [0, 0.9777468400113307, 0, 0.20978826670683282]}