{"episode_id": "30803", "start_position": [-4.877936840057373, 0.23767435550689697, 10.254517555236816], "start_rotation": [0, 0.9233725079849568, 0, -0.38390521160511837]}