{"episode_id": "3596", "start_position": [-2.449026584625244, 0.03514885902404785, 4.961215972900391], "start_rotation": [0, 0.5653633737520591, 0, 0.8248419579650937]}