{"episode_id": "13269", "start_position": [-0.32163748145103455, 0.17702746391296387, 2.3154749870300293], "start_rotation": [0, 0.00841763338305252, 0, -0.9999645710965107]}