{"episode_id": "19087", "start_position": [0.4351966977119446, -2.364851236343384, -1.0315526723861694], "start_rotation": [0, 0.7274530754156148, 0, -0.6861574331509963]}