{"episode_id": "15161", "start_position": [0.38461440801620483, 0.18463699519634247, 1.5837956666946411], "start_rotation": [0, 0.018498307348534783, 0, -0.9998288916735899]}