{"episode_id": "8260", "start_position": [-3.5033812522888184, 0.17282123863697052, -2.435529947280884], "start_rotation": [0, 0.9864387273047099, 0, 0.16412994021038363]}