{"episode_id": "29100", "start_position": [-5.20842981338501, 0.20017647743225098, -6.179322242736816], "start_rotation": [0, 0.5475861418946278, 0, -0.8367493156286155]}