{"episode_id": "1819", "start_position": [-0.2423057109117508, 0.1719042807817459, -0.8120766878128052], "start_rotation": [0, 0.17114994742369094, 0, 0.9852449926271475]}