{"episode_id": "40362", "start_position": [-1.1486306190490723, 0.1662864238023758, -1.9033417701721191], "start_rotation": [0, 0.5363902006733315, 0, -0.8439701135831903]}