{"episode_id": "3149", "start_position": [-1.8815977573394775, 0.18128342926502228, 4.891916275024414], "start_rotation": [0, 0.8414732749269198, 0, -0.5402987392024567]}