{"episode_id": "40167", "start_position": [-7.59136438369751, 0.062041521072387695, -1.5130095481872559], "start_rotation": [0, 0.9746532404062883, 0, -0.22372094440512724]}