{"episode_id": "55091", "start_position": [-0.6223096251487732, 0.025033235549926758, -8.582103729248047], "start_rotation": [0, 0.6945087126565245, 0, -0.719484293118465]}