{"episode_id": "54741", "start_position": [2.1576290130615234, 0.14570780098438263, -5.95435905456543], "start_rotation": [0, 0.9971875373667857, 0, 0.07494674989861402]}