{"episode_id": "2996", "start_position": [-4.483942985534668, 3.1651172637939453, -1.167872667312622], "start_rotation": [0, 0.92180144845749, 0, 0.38766233969999364]}