{"episode_id": "747", "start_position": [0.9831761121749878, 0.1046367883682251, -1.063786506652832], "start_rotation": [0, 0.5970333971062943, 0, 0.8022163814954902]}