{"episode_id": "4023", "start_position": [0.07835455238819122, 0.18463699519634247, 1.1915031671524048], "start_rotation": [0, 0.9467860863971627, 0, -0.3218634906365498]}