{"episode_id": "7517", "start_position": [-1.735704779624939, 1.5970072746276855, -5.812721252441406], "start_rotation": [0, 0.9738628812525347, 0, 0.2271367176801482]}