{"episode_id": "61678", "start_position": [-2.9172325134277344, 0.581283450126648, 4.982816696166992], "start_rotation": [0, 0.6714739991557541, 0, -0.7410281158348706]}