{"episode_id": "44660", "start_position": [-5.413248538970947, 3.0807693004608154, -6.988913536071777], "start_rotation": [0, 0.16124504134832623, 0, 0.9869144018812253]}