{"episode_id": "66010", "start_position": [-0.6931864023208618, 0.16243858635425568, -2.5661795139312744], "start_rotation": [0, 0.8871449759824307, 0, 0.4614908358669027]}