{"episode_id": "66585", "start_position": [0.07948624342679977, 0.12194900214672089, 0.5757953524589539], "start_rotation": [0, 0.9957436180263453, 0, -0.09216641014927153]}