{"episode_id": "28335", "start_position": [2.3908438682556152, 0.1887628585100174, 4.105658054351807], "start_rotation": [0, 0.651211664832019, 0, -0.7588961507259806]}