{"episode_id": "4386", "start_position": [-4.945937633514404, 0.12324567139148712, -0.5530255436897278], "start_rotation": [0, 0.9064795128361296, 0, 0.42224979906256094]}