{"episode_id": "67877", "start_position": [-1.8558990955352783, 0.16243858635425568, 1.33625328540802], "start_rotation": [0, 0.36647436199497424, 0, 0.9304281498323106]}