{"episode_id": "16030", "start_position": [0.38166412711143494, 1.662041425704956, -2.4969987869262695], "start_rotation": [0, 0.7504715151390021, 0, -0.6609027953980604]}