{"episode_id": "38558", "start_position": [2.4475488662719727, 0.08076925575733185, -0.18158651888370514], "start_rotation": [0, 0.5725747081859079, 0, 0.8198525498806614]}