{"episode_id": "44623", "start_position": [-1.0060386657714844, 2.7814598083496094, -4.396162509918213], "start_rotation": [0, 0.9789642373308244, 0, 0.2040319142371537]}