{"episode_id": "47079", "start_position": [-2.6751389503479004, 0.1719042807817459, 0.15491855144500732], "start_rotation": [0, 0.8570119930777642, 0, 0.5152964619720168]}