{"episode_id": "7064", "start_position": [-0.23941373825073242, 0.14340916275978088, -2.465813636779785], "start_rotation": [0, 0.9998728592087875, 0, 0.015945702168424492]}