{"episode_id": "31048", "start_position": [2.4770781993865967, 0.19742000102996826, 16.021562576293945], "start_rotation": [0, 0.984617293615906, 0, -0.17472488406775014]}