{"episode_id": "44660", "start_position": [8.253240585327148, 0.5000201463699341, 0.22447921335697174], "start_rotation": [0, 0.9516213124810486, 0, 0.3072732946935777]}