{"episode_id": "41695", "start_position": [-2.0301249027252197, 0.10311843454837799, 6.283166408538818], "start_rotation": [0, 0.22636830269901045, 0, -0.9740417812050822]}