{"episode_id": "66356", "start_position": [3.31707763671875, -2.967862606048584, -4.968482494354248], "start_rotation": [0, 0.9866638740730512, 0, -0.16277100355763036]}