{"episode_id": "65845", "start_position": [-3.0339958667755127, 0.15964920818805695, 4.485373497009277], "start_rotation": [0, 0.10780620740704117, 0, 0.9941719276083538]}