{"episode_id": "19142", "start_position": [-6.577131748199463, 0.044724658131599426, 5.364522933959961], "start_rotation": [0, 0.9744160894403913, 0, 0.22475160653418133]}