{"episode_id": "45616", "start_position": [-0.24418002367019653, 0.17949719727039337, 7.799666881561279], "start_rotation": [0, 0.9046127438672147, 0, -0.4262344233318434]}