{"episode_id": "8413", "start_position": [-2.120434522628784, 0.12114477157592773, -0.4184776544570923], "start_rotation": [0, 0.6376659793905789, 0, -0.7703129875108259]}