{"episode_id": "51602", "start_position": [-0.019172504544258118, 0.14570780098438263, -0.5553547739982605], "start_rotation": [0, 0.6204251643855604, 0, 0.7842656535875777]}