{"episode_id": "28855", "start_position": [-5.58126163482666, 0.1514829844236374, 0.6326414942741394], "start_rotation": [0, 0.9195185804035219, 0, 0.39304653705724457]}