{"episode_id": "48075", "start_position": [-1.846609115600586, 0.15964920818805695, 3.898923873901367], "start_rotation": [0, 0.7496211379723557, 0, 0.6618671690792877]}