{"episode_id": "30391", "start_position": [-8.37159538269043, 0.03310127556324005, -8.224982261657715], "start_rotation": [0, 0.9999448438294323, 0, -0.010502823379092169]}