{"episode_id": "50211", "start_position": [-0.4882265329360962, 0.17702746391296387, 1.1677526235580444], "start_rotation": [0, 0.8668930875866505, 0, -0.4984941069806984]}