{"episode_id": "7185", "start_position": [-2.721700668334961, 0.0701034814119339, 6.365735054016113], "start_rotation": [0, 0.9907719532271819, 0, 0.13553942857484222]}