{"episode_id": "26147", "start_position": [-1.2946293354034424, 0.17282123863697052, -4.019336223602295], "start_rotation": [0, 0.892494244374561, 0, 0.45105878082383144]}