{"episode_id": "38865", "start_position": [4.9453630447387695, 0.22010517120361328, -0.3497473895549774], "start_rotation": [0, 0.7680015659675273, 0, -0.6404479640622068]}