{"episode_id": "54794", "start_position": [-4.996726036071777, 0.16511733829975128, 0.1431082785129547], "start_rotation": [0, 0.7787639375888661, 0, 0.6273170884896128]}