{"episode_id": "66799", "start_position": [-4.571079254150391, 2.7814598083496094, -3.8203911781311035], "start_rotation": [0, 0.05292293877456055, 0, 0.9985985993137904]}