{"episode_id": "41356", "start_position": [-4.901612758636475, 0.17923279106616974, 2.0774519443511963], "start_rotation": [0, 0.09094310218232067, 0, 0.9958560900880488]}