{"episode_id": "9425", "start_position": [-0.7373374700546265, 0.12708741426467896, 6.157220840454102], "start_rotation": [0, 0.5072276077966805, 0, 0.8618121337558766]}