{"episode_id": "58663", "start_position": [4.5646772384643555, 0.1887628585100174, -1.428095817565918], "start_rotation": [0, 0.9435531198643886, 0, -0.3312212402521595]}