{"episode_id": "66780", "start_position": [-1.6997103691101074, 0.044724658131599426, 5.90709114074707], "start_rotation": [0, 0.9994779156842427, 0, 0.03230938036363223]}