{"episode_id": "56174", "start_position": [4.2203369140625, 0.2716124951839447, -2.8795101642608643], "start_rotation": [0, 0.3567621715680885, 0, -0.9341952434785898]}