{"episode_id": "45083", "start_position": [-0.042894184589385986, 0.021137923002243042, -1.0363428592681885], "start_rotation": [0, 0.013779799939693273, 0, -0.9999050540494443]}