{"episode_id": "18322", "start_position": [3.138288974761963, 0.18321557343006134, -0.2590138912200928], "start_rotation": [0, 0.4764637505073743, 0, 0.8791941164796581]}