{"episode_id": "65257", "start_position": [0.14399972558021545, 0.1662864238023758, -1.3533477783203125], "start_rotation": [0, 0.9520965357199707, 0, -0.3057976237154741]}