{"episode_id": "26470", "start_position": [-6.06801176071167, 0.20324724912643433, 6.496709823608398], "start_rotation": [0, 0.25882393189196035, 0, -0.9659245168645353]}