{"episode_id": "59109", "start_position": [-0.5113864541053772, 0.10410776734352112, -0.0694551169872284], "start_rotation": [0, 0.9476007586529506, 0, -0.31945704280912707]}