{"episode_id": "50109", "start_position": [7.115272045135498, 0.1673252135515213, 1.7127182483673096], "start_rotation": [0, 0.3396850466126064, 0, 0.940539243789323]}