{"episode_id": "62941", "start_position": [3.829655170440674, 0.14657917618751526, -1.107616662979126], "start_rotation": [0, 0.5245651212032305, 0, 0.8513703269535767]}