{"episode_id": "54562", "start_position": [5.99806022644043, 0.18360306322574615, -2.251079797744751], "start_rotation": [0, 0.5615237936006614, 0, -0.8274605907354874]}