{"episode_id": "37960", "start_position": [1.2458621263504028, 0.12324567139148712, -3.551128387451172], "start_rotation": [0, 0.9548700597480273, 0, 0.29702385257214414]}