{"episode_id": "47935", "start_position": [-10.973448753356934, -2.852285146713257, 16.2050724029541], "start_rotation": [0, 0.9765527054599293, 0, 0.21527845563105574]}