{"episode_id": "3271", "start_position": [4.625332832336426, 0.18128342926502228, 0.46152088046073914], "start_rotation": [0, 0.9922171259009374, 0, -0.12451977782217302]}