{"episode_id": "13398", "start_position": [-0.26904040575027466, 0.18321557343006134, -3.4350905418395996], "start_rotation": [0, 0.2891410312729369, 0, 0.9572865109435224]}