{"episode_id": "4314", "start_position": [-6.673107147216797, 0.08356514573097229, -3.531783103942871], "start_rotation": [0, 0.9133524757011254, 0, 0.4071698111729615]}