{"episode_id": "33649", "start_position": [0.13330337405204773, 0.16646166145801544, -1.7245289087295532], "start_rotation": [0, 0.8217461291762004, 0, -0.5698537524522687]}