{"episode_id": "14256", "start_position": [4.294835567474365, 0.4079635441303253, -2.6173601150512695], "start_rotation": [0, 0.7257750135568991, 0, 0.6879321403281597]}