{"episode_id": "41350", "start_position": [-2.0598342418670654, 0.27385804057121277, -4.839182376861572], "start_rotation": [0, 0.9082594362603763, 0, 0.4184074526630511]}