{"episode_id": "6209", "start_position": [-7.879549503326416, 0.14340753853321075, -0.8642975091934204], "start_rotation": [0, 0.9999761055455281, 0, -0.006912910964202867]}