{"episode_id": "23697", "start_position": [1.1885110139846802, 0.17970331013202667, -2.4553396701812744], "start_rotation": [0, 0.437734117359554, 0, 0.8991044669555659]}