{"episode_id": "34175", "start_position": [-6.8443074226379395, 0.17000891268253326, -1.3700785636901855], "start_rotation": [0, 0.9997218679589062, 0, -0.02358361135948971]}