{"episode_id": "16055", "start_position": [2.8271145820617676, 2.365107297897339, -5.0613789558410645], "start_rotation": [0, 0.6066266832645703, 0, -0.7949868345774204]}