{"episode_id": "25229", "start_position": [-0.3806683123111725, 3.1434075832366943, -0.6186731457710266], "start_rotation": [0, 0.2577933572187392, 0, 0.9662000750227105]}