{"episode_id": "18356", "start_position": [3.1008715629577637, 0.17800255119800568, 2.9656472206115723], "start_rotation": [0, 0.1585079801500705, 0, 0.9873576961915802]}