{"episode_id": "40519", "start_position": [-0.4690054953098297, 0.19852608442306519, 2.1690638065338135], "start_rotation": [0, 0.7938408276937814, 0, 0.6081255958159072]}