{"episode_id": "31560", "start_position": [-0.6695272326469421, -6.767862796783447, -0.2580915689468384], "start_rotation": [0, 0.31496370363494597, 0, 0.9491037168784863]}