{"episode_id": "42957", "start_position": [4.902724266052246, 0.18360306322574615, -1.0512018203735352], "start_rotation": [0, 0.5428455347563169, 0, -0.8398325579513622]}