{"episode_id": "24815", "start_position": [-7.909826755523682, 0.15165157616138458, 0.016419991850852966], "start_rotation": [0, 0.066813015035569, 0, 0.9977655140471917]}