{"episode_id": "16106", "start_position": [0.2943960428237915, 0.025033235549926758, -0.6714684963226318], "start_rotation": [0, 0.7561022141367879, 0, 0.6544535443997893]}