{"episode_id": "24056", "start_position": [-6.986336708068848, 3.0807693004608154, -7.778800010681152], "start_rotation": [0, 0.6386864522040169, 0, 0.769467098563055]}