{"episode_id": "32384", "start_position": [0.3171948492527008, 0.1662864238023758, 0.06278526782989502], "start_rotation": [0, 0.9860215353629328, 0, 0.1666179216066649]}