{"episode_id": "16588", "start_position": [0.3976587951183319, 0.08356514573097229, -2.6970691680908203], "start_rotation": [0, 0.4801053870603271, 0, 0.8772108169166939]}