{"episode_id": "3137", "start_position": [10.043292045593262, 0.19309520721435547, -3.1899302005767822], "start_rotation": [0, 0.021751149907409034, 0, 0.9997634157527997]}