{"episode_id": "1854", "start_position": [-6.759780406951904, 0.17923279106616974, 1.3661965131759644], "start_rotation": [0, 0.7387396262737553, 0, 0.673990923212555]}