{"episode_id": "4959", "start_position": [-4.569596290588379, 0.14340916275978088, -3.829230546951294], "start_rotation": [0, 0.4428487263293748, 0, 0.8965963448444626]}