{"episode_id": "62905", "start_position": [-7.624312400817871, 0.10841822624206543, -6.864560604095459], "start_rotation": [0, 0.7516641409283926, 0, 0.6595460705988487]}