{"episode_id": "15047", "start_position": [-6.805824279785156, 0.062041521072387695, -0.9763205647468567], "start_rotation": [0, 0.3884511182018829, 0, 0.9214693314308984]}