{"episode_id": "65755", "start_position": [-3.7167551517486572, 0.15964920818805695, 1.7357861995697021], "start_rotation": [0, 0.1290021428867912, 0, -0.9916443148279608]}