{"episode_id": "13128", "start_position": [0.1166323721408844, 0.12114477157592773, -6.078827857971191], "start_rotation": [0, 0.10385598000981057, 0, 0.9945923463490969]}