{"episode_id": "62187", "start_position": [-2.207200527191162, 0.16243858635425568, 1.4407119750976562], "start_rotation": [0, 0.663934976558549, 0, -0.7477903094465714]}