{"episode_id": "29821", "start_position": [-3.9770686626434326, 0.17949719727039337, 3.379538059234619], "start_rotation": [0, 0.06647713827010025, 0, -0.997787948457696]}