{"episode_id": "67867", "start_position": [-3.0936646461486816, 0.17923279106616974, 3.911496877670288], "start_rotation": [0, 0.5224420726918301, 0, 0.8526747801368729]}