{"episode_id": "13727", "start_position": [1.8201775550842285, 0.15289896726608276, -3.299159526824951], "start_rotation": [0, 0.9132741440195328, 0, 0.4073454772860375]}