{"episode_id": "10013", "start_position": [-6.978170394897461, -2.852285146713257, 4.355985641479492], "start_rotation": [0, 0.880207577852196, 0, -0.4745888956682091]}