{"episode_id": "18682", "start_position": [-1.2683320045471191, 0.17702746391296387, 5.614420413970947], "start_rotation": [0, 0.11899686063693082, 0, 0.9928946304409924]}