{"episode_id": "34510", "start_position": [-3.758293628692627, 0.03310127556324005, -2.9548373222351074], "start_rotation": [0, 0.6349949612368738, 0, -0.7725162776303042]}