{"episode_id": "38287", "start_position": [7.362275123596191, 0.17970331013202667, -3.3080599308013916], "start_rotation": [0, 0.3363545204699117, 0, -0.9417354387297187]}