{"episode_id": "45981", "start_position": [-2.2809245586395264, 0.18128342926502228, 4.957571029663086], "start_rotation": [0, 0.9746089621115362, 0, -0.2239137578887778]}