{"episode_id": "6092", "start_position": [6.138194561004639, 0.14657917618751526, 11.714986801147461], "start_rotation": [0, 0.6832131173473048, 0, -0.7302190330884137]}