{"episode_id": "16383", "start_position": [-2.9775607585906982, 0.17000891268253326, -5.405114650726318], "start_rotation": [0, 0.49479206416894206, 0, 0.8690113999456149]}