{"episode_id": "62559", "start_position": [0.19153009355068207, 0.16243858635425568, -0.8763841390609741], "start_rotation": [0, 0.7735968252459887, 0, -0.6336781138475016]}