{"episode_id": "51413", "start_position": [1.4322080612182617, 0.16243858635425568, -0.078118234872818], "start_rotation": [0, 0.0912904162304024, 0, -0.9958243117661267]}