{"episode_id": "35182", "start_position": [-2.42270827293396, -2.364851236343384, -2.3034653663635254], "start_rotation": [0, 0.9777536743252278, 0, -0.20975641192468078]}