{"episode_id": "47572", "start_position": [4.202463150024414, 0.3365013897418976, -2.754754066467285], "start_rotation": [0, 0.7018775859189301, 0, 0.7122975883608023]}