{"episode_id": "8439", "start_position": [-2.4862582683563232, 3.683565139770508, -7.9689860343933105], "start_rotation": [0, 0.029503823320431867, 0, 0.9995646674475227]}