{"episode_id": "40307", "start_position": [0.0705951452255249, 0.1751515418291092, 1.3167610168457031], "start_rotation": [0, 0.9952660500657107, 0, 0.09718790864401908]}