{"episode_id": "39223", "start_position": [-4.413449764251709, 0.08820843696594238, 4.019256591796875], "start_rotation": [0, 0.30345248456475865, 0, 0.9528465719156862]}