{"episode_id": "58265", "start_position": [6.066824436187744, 0.17646045982837677, -5.672253608703613], "start_rotation": [0, 0.8657940157696148, 0, -0.5004005618077622]}