{"episode_id": "37619", "start_position": [3.4175376892089844, 0.17646045982837677, -2.0562949180603027], "start_rotation": [0, 0.30338168976988555, 0, -0.9528691149955323]}