{"episode_id": "8248", "start_position": [-9.541097640991211, 0.2331012785434723, 3.0530738830566406], "start_rotation": [0, 0.9972313771928175, 0, 0.07436114806884411]}