{"episode_id": "58734", "start_position": [0.0730838030576706, 0.1719042807817459, -7.421512603759766], "start_rotation": [0, 0.07763797895479002, 0, 0.9969816167933166]}