{"episode_id": "16637", "start_position": [-5.812395095825195, 0.17635054886341095, 0.6027436256408691], "start_rotation": [0, 0.2874396703003466, 0, 0.9577987450073361]}