{"episode_id": "50406", "start_position": [-0.026461251080036163, 0.18360306322574615, -3.1521682739257812], "start_rotation": [0, 0.7655227559518297, 0, 0.6434088203622292]}