{"episode_id": "4119", "start_position": [3.9348196983337402, -2.967862606048584, -0.6445533037185669], "start_rotation": [0, 0.1914855778040677, 0, 0.9814954271381209]}