{"episode_id": "65896", "start_position": [0.777429461479187, 3.0807693004608154, -0.5800701975822449], "start_rotation": [0, 0.924579039475547, 0, -0.3809902882784219]}