{"episode_id": "37625", "start_position": [1.6130636930465698, 0.17002512514591217, -0.6925139427185059], "start_rotation": [0, 0.48292546716306145, 0, -0.8756614603631582]}