{"episode_id": "51747", "start_position": [-7.071942329406738, -1.0029926300048828, -2.613528251647949], "start_rotation": [0, 0.5146855214217047, 0, 0.8573790375550757]}