{"episode_id": "11223", "start_position": [-3.065950393676758, 0.16646166145801544, 2.878209114074707], "start_rotation": [0, 0.7953387175472448, 0, 0.6061652615997587]}