{"episode_id": "22532", "start_position": [-3.7380359172821045, 0.08820843696594238, 7.477070331573486], "start_rotation": [0, 0.42985005941230636, 0, -0.9029002859802607]}