{"episode_id": "43766", "start_position": [-1.052807331085205, 0.18321557343006134, 0.9510114789009094], "start_rotation": [0, 0.9999981316064929, 0, 0.0019330761814575707]}