{"episode_id": "33153", "start_position": [4.4029083251953125, 0.16646166145801544, 0.6301082968711853], "start_rotation": [0, 0.9991765610293805, 0, 0.0405733889329055]}