{"episode_id": "12923", "start_position": [-14.922323226928711, 0.19700729846954346, -3.697925567626953], "start_rotation": [0, 0.4078533355297285, 0, -0.9130474558845639]}