{"episode_id": "29763", "start_position": [-2.0501163005828857, 0.10841822624206543, -1.849137306213379], "start_rotation": [0, 0.6304489515083561, 0, -0.7762307128309305]}