{"episode_id": "58864", "start_position": [0.637545108795166, 0.18317724764347076, -1.3247379064559937], "start_rotation": [0, 0.6971066074113731, 0, -0.7169674873405388]}