{"episode_id": "28224", "start_position": [-6.9822893142700195, 0.16511733829975128, 0.4472610652446747], "start_rotation": [0, 0.9974626976921784, 0, 0.07119105781375827]}