{"episode_id": "6674", "start_position": [0.6225142478942871, 0.18360306322574615, 0.39260220527648926], "start_rotation": [0, 0.5041457478136725, 0, 0.8636185876655232]}