{"episode_id": "17932", "start_position": [-5.5568108558654785, 3.0807693004608154, -8.56155776977539], "start_rotation": [0, 0.12525543202716458, 0, -0.9921245268350584]}