{"episode_id": "54016", "start_position": [-4.949558258056641, 0.08076925575733185, -6.678956508636475], "start_rotation": [0, 0.9724805156536139, 0, -0.23298421979627956]}