{"episode_id": "10301", "start_position": [-5.025410175323486, 0.12324567139148712, 0.28030359745025635], "start_rotation": [0, 0.5230614123357198, 0, 0.8522949952483366]}