{"episode_id": "50211", "start_position": [-3.5636110305786133, 0.16511733829975128, -0.5101253390312195], "start_rotation": [0, 0.9999949486248921, 0, -0.00317847836225959]}