{"episode_id": "8675", "start_position": [-0.23686254024505615, 0.17949719727039337, 9.150323867797852], "start_rotation": [0, 0.5314724113822117, 0, 0.8470756022573057]}