{"episode_id": "58938", "start_position": [-4.05859375, 0.1501147747039795, 11.401445388793945], "start_rotation": [0, 0.48927735945410794, 0, -0.8721282391515686]}