{"episode_id": "66839", "start_position": [0.588602602481842, -2.8915817737579346, 0.3277006149291992], "start_rotation": [0, 0.9771570176199875, 0, 0.21251861781032605]}