{"episode_id": "55209", "start_position": [1.093017339706421, -0.034892842173576355, 0.29076895117759705], "start_rotation": [0, 0.41190420344789047, 0, -0.9112271545459776]}