{"episode_id": "20293", "start_position": [2.2359185218811035, 0.18463699519634247, 4.424787998199463], "start_rotation": [0, 0.7916463440572737, 0, -0.6109795953554853]}