{"episode_id": "52133", "start_position": [0.7748268246650696, 0.2110014110803604, -2.863706111907959], "start_rotation": [0, 0.9999734873440291, 0, 0.007281799847624339]}