{"episode_id": "21706", "start_position": [4.691000938415527, 0.2101832628250122, -0.05166195333003998], "start_rotation": [0, 0.10534192942641436, 0, -0.9944360602395311]}