{"episode_id": "43517", "start_position": [-14.543473243713379, 0.14771485328674316, 10.60937213897705], "start_rotation": [0, 0.9307254995876231, 0, 0.3657185316843671]}