{"episode_id": "36833", "start_position": [-2.8652310371398926, 0.0701034814119339, -1.7196377515792847], "start_rotation": [0, 0.989929998623036, 0, 0.14155775438384124]}