{"episode_id": "15880", "start_position": [0.8877592086791992, 0.13606712222099304, -0.3265211582183838], "start_rotation": [0, 0.9889292882754874, 0, -0.14838754257328277]}