{"episode_id": "45976", "start_position": [1.6621605157852173, 0.1719042807817459, -2.793703556060791], "start_rotation": [0, 0.6437898649162159, 0, -0.7652023326095918]}