{"episode_id": "15982", "start_position": [7.134347915649414, 0.14657917618751526, 8.083608627319336], "start_rotation": [0, 0.7701281868676542, 0, -0.637889156352371]}