{"episode_id": "47143", "start_position": [-7.233323097229004, 0.17635054886341095, 1.5918560028076172], "start_rotation": [0, 0.39261854769891674, 0, 0.9197014058936702]}