{"episode_id": "67621", "start_position": [3.8502602577209473, 2.365107297897339, -3.411043643951416], "start_rotation": [0, 0.2590630477577993, 0, 0.9658604129409385]}