{"episode_id": "570", "start_position": [-1.0471999645233154, 0.17002512514591217, -1.0687955617904663], "start_rotation": [0, 0.7825952141366215, 0, 0.6225309075142018]}