{"episode_id": "29994", "start_position": [1.8973793983459473, 0.12324567139148712, -2.318955183029175], "start_rotation": [0, 0.06555959260959568, 0, 0.9978486557674284]}