{"episode_id": "20817", "start_position": [-7.375670433044434, 0.03514885902404785, 2.2931556701660156], "start_rotation": [0, 0.9780168283150537, 0, 0.20852597807602496]}