{"episode_id": "3512", "start_position": [11.085478782653809, 0.14657917618751526, 10.217789649963379], "start_rotation": [0, 0.8834030610354056, 0, -0.4686139474591804]}