{"episode_id": "40432", "start_position": [-4.455578804016113, 0.14657917618751526, 3.4095535278320312], "start_rotation": [0, 0.2118820176572117, 0, -0.9772952525176355]}