{"episode_id": "55944", "start_position": [0.37321290373802185, 0.1662864238023758, -1.7793653011322021], "start_rotation": [0, 0.9923593181128966, 0, -0.12338145628297224]}