{"episode_id": "7077", "start_position": [0.955200731754303, 0.032137393951416016, 0.8623837828636169], "start_rotation": [0, 0.029503823320431867, 0, 0.9995646674475227]}