{"episode_id": "50950", "start_position": [-1.5950751304626465, 0.1719042807817459, -7.877372741699219], "start_rotation": [0, 0.7527886941772509, 0, -0.6582622440326571]}