{"episode_id": "21178", "start_position": [-4.979912281036377, 0.1672901213169098, -1.2720129489898682], "start_rotation": [0, 0.7386133885509759, 0, 0.6741292622733752]}