{"episode_id": "44915", "start_position": [-3.5420188903808594, 0.12194900214672089, 1.2146726846694946], "start_rotation": [0, 0.06613591099063065, 0, 0.9978106239549864]}