{"episode_id": "49417", "start_position": [-3.178081512451172, 0.14340916275978088, -3.745029926300049], "start_rotation": [0, 0.9833187736762958, 0, 0.18189059716144138]}