{"episode_id": "27533", "start_position": [-4.434865951538086, 0.17635054886341095, -0.10596176981925964], "start_rotation": [0, 0.8676463016974163, 0, -0.4971819537662204]}