{"episode_id": "29603", "start_position": [0.20723053812980652, 0.15562696754932404, 4.94338321685791], "start_rotation": [0, 0.5304004576108051, 0, -0.8477472232725086]}