{"episode_id": "19735", "start_position": [-4.593863487243652, 0.17923279106616974, 0.9339116215705872], "start_rotation": [0, 0.7072208070150842, 0, -0.7069927369675965]}