{"episode_id": "35794", "start_position": [-2.5989527702331543, 0.15562696754932404, 2.7019872665405273], "start_rotation": [0, 0.8747987830608244, 0, 0.484486417926551]}