{"episode_id": "63035", "start_position": [-0.2553253471851349, 0.1887628585100174, -0.08074066042900085], "start_rotation": [0, 0.6471476651184097, 0, -0.7623646762093523]}