{"episode_id": "4163", "start_position": [0.9778350591659546, 0.12194900214672089, 0.8770996332168579], "start_rotation": [0, 0.7341745486356985, 0, 0.6789607736353908]}