{"episode_id": "40013", "start_position": [-3.4433889389038086, 0.12324567139148712, -4.5074310302734375], "start_rotation": [0, 0.9998086877366126, 0, 0.019559854968603754]}