{"episode_id": "54068", "start_position": [-1.9417798519134521, 0.12194900214672089, 0.31024450063705444], "start_rotation": [0, 0.9465054799161288, 0, 0.3226877383613122]}