{"episode_id": "14596", "start_position": [-6.367381572723389, 0.1884130984544754, 7.86009407043457], "start_rotation": [0, 0.27099346847765227, 0, -0.9625811862084422]}