{"episode_id": "33649", "start_position": [-0.9196717739105225, 0.17646045982837677, -4.7762651443481445], "start_rotation": [0, 0.18325882654034656, 0, 0.9830646990381942]}