{"episode_id": "9202", "start_position": [-1.1283577680587769, 0.17646045982837677, -5.405059337615967], "start_rotation": [0, 0.9234340516326939, 0, -0.38375715274796796]}