{"episode_id": "65717", "start_position": [-1.9277286529541016, 0.18145985901355743, -4.821006774902344], "start_rotation": [0, 0.21620468554663103, 0, -0.9763480598371067]}