{"episode_id": "68311", "start_position": [-10.321493148803711, 0.14340753853321075, 1.0443124771118164], "start_rotation": [0, 0.6291005452938058, 0, -0.7773239375646657]}