{"episode_id": "36189", "start_position": [-0.8547894954681396, -1.0029926300048828, -4.89560604095459], "start_rotation": [0, 0.7803320943301765, 0, -0.625365351261389]}