{"episode_id": "31224", "start_position": [0.41260701417922974, 0.18463699519634247, 1.8339664936065674], "start_rotation": [0, 0.952428984635166, 0, -0.30476060970346325]}