{"episode_id": "52094", "start_position": [-0.1914578080177307, 0.12324567139148712, -3.1437559127807617], "start_rotation": [0, 0.7672227347855431, 0, 0.641380756827169]}