{"episode_id": "26696", "start_position": [0.5941336750984192, 0.11176629364490509, 0.47660359740257263], "start_rotation": [0, 0.24162340125304185, 0, 0.9703701005116097]}