{"episode_id": "57908", "start_position": [-1.8208303451538086, -6.767862796783447, 5.655612945556641], "start_rotation": [0, 0.9088250011730707, 0, -0.41717756080926494]}