{"episode_id": "51370", "start_position": [-5.624183654785156, 0.037133216857910156, -4.033328056335449], "start_rotation": [0, 0.43856607140203197, 0, -0.8986989490452227]}