{"episode_id": "56470", "start_position": [5.068485260009766, 0.16646166145801544, 2.015139102935791], "start_rotation": [0, 0.9998955617432908, 0, -0.01445218343604043]}