{"episode_id": "19097", "start_position": [-2.4475314617156982, -2.8852670192718506, 7.272032737731934], "start_rotation": [0, 0.2941891168492355, 0, -0.9557472278418948]}