{"episode_id": "20242", "start_position": [-6.179872512817383, 0.12324567139148712, -3.651698589324951], "start_rotation": [0, 0.20279735194756476, 0, 0.9792207279480227]}