{"episode_id": "34826", "start_position": [-1.323671817779541, 0.18145985901355743, -0.10625158250331879], "start_rotation": [0, 0.38584270159894785, 0, -0.9225645829007448]}