{"episode_id": "2674", "start_position": [-8.22761058807373, 0.17923279106616974, 3.354288101196289], "start_rotation": [0, 0.42281951987136673, 0, -0.9062139116211728]}