{"episode_id": "54522", "start_position": [-7.00913667678833, 0.10841822624206543, 1.7575163841247559], "start_rotation": [0, 0.9757415067674712, 0, 0.21892581385287815]}