{"episode_id": "31466", "start_position": [1.5231345891952515, 0.34016478061676025, -6.868921279907227], "start_rotation": [0, 0.5760926669119237, 0, 0.8173843888467086]}