{"episode_id": "59903", "start_position": [1.7047251462936401, 0.17800255119800568, -0.22704018652439117], "start_rotation": [0, 0.32791361102859146, 0, 0.9447077133707492]}