{"episode_id": "43682", "start_position": [-1.2059712409973145, 0.17282123863697052, 0.9855177402496338], "start_rotation": [0, 0.14907723231746822, 0, -0.9888255552950498]}