{"episode_id": "54914", "start_position": [-10.690389633178711, -2.852285146713257, 11.561690330505371], "start_rotation": [0, 0.966555942343436, 0, -0.2564558642741327]}