{"episode_id": "26586", "start_position": [-2.7431859970092773, -0.03270988166332245, 8.680845260620117], "start_rotation": [0, 0.9990578967320125, 0, 0.043397223153184956]}