{"episode_id": "12343", "start_position": [-3.1593689918518066, 0.18128342926502228, -0.29625028371810913], "start_rotation": [0, 0.4166103113246462, 0, 0.9090851712012364]}