{"episode_id": "61147", "start_position": [-0.9195353984832764, -2.967862606048584, -3.0843091011047363], "start_rotation": [0, 0.476446518245369, 0, 0.8792034549817609]}