{"episode_id": "59570", "start_position": [-0.13503019511699677, -2.943950891494751, 4.271545886993408], "start_rotation": [0, 0.993032844328753, 0, -0.11783789748780556]}