{"episode_id": "4034", "start_position": [-9.374590873718262, 0.03310127556324005, -9.860922813415527], "start_rotation": [0, 0.00033024951753169465, 0, 0.9999999454676266]}