{"episode_id": "55633", "start_position": [5.588528633117676, 0.11987394839525223, 2.100522041320801], "start_rotation": [0, 0.6149907555937995, 0, -0.7885343179178492]}