{"episode_id": "46051", "start_position": [-1.9168564081192017, 0.014962434768676758, 4.127457618713379], "start_rotation": [0, 0.15217581262331786, 0, 0.9883534398444884]}