{"episode_id": "20243", "start_position": [0.449492871761322, 0.14340916275978088, -5.358556747436523], "start_rotation": [0, 0.4369812180038247, 0, -0.8994706304887857]}