{"episode_id": "15214", "start_position": [-2.0981686115264893, 0.17282123863697052, -1.4318633079528809], "start_rotation": [0, 0.10256721204689806, 0, -0.9947260763712423]}