{"episode_id": "56123", "start_position": [-3.3485119342803955, -2.364851236343384, -0.06876450777053833], "start_rotation": [0, 0.9809157889662761, 0, -0.19443306034897473]}