{"episode_id": "68046", "start_position": [-1.2733118534088135, -2.799823522567749, 1.0201432704925537], "start_rotation": [0, 0.6014299175989142, 0, -0.7989255623754715]}