{"episode_id": "7204", "start_position": [1.6972743272781372, 0.18463699519634247, 2.393212080001831], "start_rotation": [0, 0.07781804169781292, 0, 0.9969675784027872]}