{"episode_id": "55883", "start_position": [1.22359037399292, 1.5974199771881104, 5.080945014953613], "start_rotation": [0, 0.7810119766767372, 0, -0.6245160464611744]}