{"episode_id": "57973", "start_position": [0.49517545104026794, 2.365107297897339, -4.279384613037109], "start_rotation": [0, 0.22431629409837772, 0, -0.9745163929878091]}