{"episode_id": "55230", "start_position": [-2.207845687866211, 1.5970072746276855, 3.382312536239624], "start_rotation": [0, 0.655165077245216, 0, 0.7554857520551067]}