{"episode_id": "66647", "start_position": [-3.3933048248291016, 0.17800255119800568, 0.6458477973937988], "start_rotation": [0, 0.422363039600774, 0, 0.9064267553306197]}