{"episode_id": "39988", "start_position": [3.5624303817749023, 0.032137393951416016, 6.935142517089844], "start_rotation": [0, 0.965832646906419, 0, 0.2591665452363412]}