{"episode_id": "44289", "start_position": [2.806483268737793, 0.1702125072479248, -4.006400108337402], "start_rotation": [0, 0.3677330827854101, 0, -0.9299313844715311]}