{"episode_id": "39959", "start_position": [-0.06862396001815796, 0.15562696754932404, 4.2909955978393555], "start_rotation": [0, 0.4350485124909576, 0, 0.9004070145103297]}