{"episode_id": "67466", "start_position": [2.742361545562744, 0.08356514573097229, -8.703332901000977], "start_rotation": [0, 0.6745091501844133, 0, 0.7382664873319801]}