{"episode_id": "63630", "start_position": [-4.106908321380615, 0.1719042807817459, 0.8349359035491943], "start_rotation": [0, 0.5961198246023416, 0, 0.8028954818132142]}