{"episode_id": "776", "start_position": [-1.843626856803894, 0.1514829844236374, 1.931490421295166], "start_rotation": [0, 0.2983939052232267, 0, -0.9544428098768579]}