{"episode_id": "33356", "start_position": [-4.078840255737305, 0.17923279106616974, 5.704946041107178], "start_rotation": [0, 0.8697297941426135, 0, 0.4935282009983291]}