{"episode_id": "12937", "start_position": [2.391319990158081, 0.18321557343006134, -3.732163906097412], "start_rotation": [0, 0.8194808207202519, 0, 0.5731066082952302]}