{"episode_id": "28704", "start_position": [-1.9545726776123047, 0.17800255119800568, 0.07201774418354034], "start_rotation": [0, 0.8536708990699585, 0, -0.5208128225006452]}