{"episode_id": "39382", "start_position": [0.6461445093154907, 2.365107297897339, -6.695768356323242], "start_rotation": [0, 0.45040679407531226, 0, -0.8928234539094497]}