{"episode_id": "21479", "start_position": [-4.865259170532227, -1.002579927444458, 1.9066965579986572], "start_rotation": [0, 0.13394539809342107, 0, 0.9909887135228105]}