{"episode_id": "3865", "start_position": [0.865835428237915, 0.16243858635425568, 1.2745789289474487], "start_rotation": [0, 0.5428313337285915, 0, 0.8398417369495508]}