{"episode_id": "23697", "start_position": [2.4158217906951904, 0.09919064491987228, 6.7894721031188965], "start_rotation": [0, 0.19764638808319202, 0, 0.9802733829282871]}