{"episode_id": "13727", "start_position": [-5.391506195068359, 0.17000891268253326, -0.059549540281295776], "start_rotation": [0, 0.8787472758019257, 0, 0.47728736131464267]}