{"episode_id": "47668", "start_position": [2.1172802448272705, 0.17002512514591217, -4.2021379470825195], "start_rotation": [0, 0.6455836010123357, 0, 0.7636896058634983]}