{"episode_id": "11571", "start_position": [0.06512594223022461, 0.17635054886341095, 1.5134108066558838], "start_rotation": [0, 0.9835544743440393, 0, -0.18061172718796686]}