{"episode_id": "26435", "start_position": [0.8555249571800232, 0.0701034814119339, 0.9577409625053406], "start_rotation": [0, 0.12720655036704548, 0, 0.9918762491075771]}