{"episode_id": "27276", "start_position": [0.3004710078239441, 0.1751515418291092, 1.4486291408538818], "start_rotation": [0, 0.8192968361998727, 0, -0.573369596502011]}