{"episode_id": "50828", "start_position": [-2.971162796020508, 0.17282123863697052, -1.3903615474700928], "start_rotation": [0, 0.5863403248682019, 0, 0.810064826685773]}