{"episode_id": "26970", "start_position": [0.8580571413040161, -2.943950891494751, 3.2297704219818115], "start_rotation": [0, 0.9918069610689253, 0, 0.1277456534494359]}