{"episode_id": "6711", "start_position": [-4.836517810821533, 0.19309520721435547, -3.2898826599121094], "start_rotation": [0, 0.9956598131567427, 0, -0.09306737594173475]}