{"episode_id": "63072", "start_position": [5.635426044464111, -2.943950891494751, -1.0939499139785767], "start_rotation": [0, 0.994973963950518, 0, 0.10013396556909832]}