{"episode_id": "65267", "start_position": [2.5835354328155518, 0.1514829844236374, 3.837327480316162], "start_rotation": [0, 0.4223775647209199, 0, -0.9064199869930192]}