{"episode_id": "5528", "start_position": [0.2112441211938858, 0.1514829844236374, -1.0534268617630005], "start_rotation": [0, 0.2169561404702539, 0, 0.976181352573512]}