{"episode_id": "31158", "start_position": [-2.9401674270629883, 0.581283450126648, 4.532875061035156], "start_rotation": [0, 0.05998128940290159, 0, 0.9981995015634727]}