{"episode_id": "26494", "start_position": [3.0702948570251465, 0.03574872016906738, 9.298561096191406], "start_rotation": [0, 0.9348697263141766, 0, -0.354990978506858]}