{"episode_id": "11187", "start_position": [-5.492877960205078, 0.025033235549926758, -9.99648666381836], "start_rotation": [0, 0.9056470625380777, 0, 0.4240323078683406]}