{"episode_id": "44340", "start_position": [3.706679344177246, -2.943950891494751, -1.8245210647583008], "start_rotation": [0, 0.5459180376356909, 0, -0.8378385859961311]}