{"episode_id": "38558", "start_position": [0.7531442046165466, 0.151718869805336, 9.293909072875977], "start_rotation": [0, 0.5760886097275866, 0, 0.8173872483359014]}