{"episode_id": "68220", "start_position": [-1.6844022274017334, 0.15289896726608276, -0.5187181830406189], "start_rotation": [0, 0.9970137263700288, 0, -0.07722453903876172]}