{"episode_id": "7185", "start_position": [-4.043231010437012, 0.18145985901355743, 0.279536634683609], "start_rotation": [0, 0.9612595102478281, 0, 0.27564497811152966]}