{"episode_id": "54725", "start_position": [-7.684937000274658, 0.1672901213169098, -2.282382011413574], "start_rotation": [0, 0.989318304118315, 0, 0.14577137282903407]}