{"episode_id": "27079", "start_position": [-4.6552019119262695, 0.19742006063461304, 12.70473861694336], "start_rotation": [0, 0.3373900634780707, 0, -0.9413649372407406]}