{"episode_id": "46460", "start_position": [-1.745624303817749, 0.15562696754932404, -1.4334999322891235], "start_rotation": [0, 0.023194473428409326, 0, 0.9997309720131605]}