{"episode_id": "32143", "start_position": [2.269651174545288, 0.1887628585100174, 3.6695244312286377], "start_rotation": [0, 0.3620094256338868, 0, -0.9321744341871984]}