{"episode_id": "13172", "start_position": [-1.3940033912658691, 0.12114477157592773, -7.8778605461120605], "start_rotation": [0, 0.9490974382498605, 0, -0.31498262286601203]}