{"episode_id": "16540", "start_position": [-1.723804235458374, 0.14340916275978088, -5.816452503204346], "start_rotation": [0, 0.717571327211387, 0, -0.6964850252260193]}