{"episode_id": "28224", "start_position": [1.4566701650619507, 0.17702746391296387, -0.6093389987945557], "start_rotation": [0, 0.6636599492655373, 0, -0.7480344054526266]}