{"episode_id": "55934", "start_position": [0.10683709383010864, 0.15562696754932404, 0.9774647951126099], "start_rotation": [0, 0.8861113278401054, 0, -0.46347245298231626]}