{"episode_id": "12446", "start_position": [0.07059961557388306, 0.12194900214672089, 0.30827707052230835], "start_rotation": [0, 0.30247455906558884, 0, 0.9531574587223653]}