{"episode_id": "18554", "start_position": [-0.26854899525642395, -3.206904888153076, -1.073712706565857], "start_rotation": [0, 0.7410951256558055, 0, 0.6714000407575247]}