{"episode_id": "22979", "start_position": [1.040671944618225, 0.17970331013202667, -2.8789734840393066], "start_rotation": [0, 0.9241323907566069, 0, -0.3820724072142322]}