{"episode_id": "14864", "start_position": [-1.4917354583740234, 0.0701034814119339, 6.234053611755371], "start_rotation": [0, 0.9925772200254277, 0, 0.12161604452782367]}