{"episode_id": "30435", "start_position": [-5.31318998336792, 0.17000891268253326, -1.3387529850006104], "start_rotation": [0, 0.1579066101059703, 0, 0.9874540508220324]}