{"episode_id": "59025", "start_position": [-1.8935105800628662, 0.14340916275978088, -6.821727275848389], "start_rotation": [0, 0.12119193207362107, 0, -0.9926290926626434]}