{"episode_id": "34492", "start_position": [-3.588254690170288, -2.8915817737579346, -0.20438924431800842], "start_rotation": [0, 0.9999640878061611, 0, -0.008474850912686974]}