{"episode_id": "33619", "start_position": [0.6288762092590332, 0.17970331013202667, -3.3311455249786377], "start_rotation": [0, 0.8646109529025412, 0, 0.5024419370643335]}