{"episode_id": "12923", "start_position": [0.4373335540294647, 0.18360306322574615, -4.19808292388916], "start_rotation": [0, 0.9295767444720471, 0, -0.36862864258864975]}