{"episode_id": "59225", "start_position": [-2.1718227863311768, 0.0701034814119339, 6.120418548583984], "start_rotation": [0, 0.9983250043410524, 0, 0.05785486762095051]}