{"episode_id": "5989", "start_position": [-1.7372500896453857, 0.18145985901355743, -4.717166900634766], "start_rotation": [0, 0.1446126083722262, 0, -0.9894883493501988]}