{"episode_id": "36398", "start_position": [-6.694352626800537, -2.943950891494751, 0.9711390733718872], "start_rotation": [0, 0.9244307549378054, 0, -0.3813499433920493]}