{"episode_id": "6034", "start_position": [-7.190783500671387, 0.17702746391296387, 6.566411018371582], "start_rotation": [0, 0.4083672789646347, 0, -0.9128177065937209]}