{"episode_id": "51368", "start_position": [1.627366065979004, 0.14657917618751526, 11.71808910369873], "start_rotation": [0, 0.42070756519642544, 0, -0.9071963098395492]}