{"episode_id": "55633", "start_position": [-5.447309494018555, -2.8849050998687744, 2.8273539543151855], "start_rotation": [0, 0.18323248357146915, 0, 0.9830696094195117]}