{"episode_id": "19383", "start_position": [-1.188197374343872, 2.7814598083496094, -1.8551443815231323], "start_rotation": [0, 0.7989926320569641, 0, 0.6013408134483179]}