{"episode_id": "34510", "start_position": [-0.33888083696365356, 0.12324567139148712, -0.2208353877067566], "start_rotation": [0, 0.8986420574065266, 0, -0.43868263318732476]}