{"episode_id": "46453", "start_position": [-0.11850050091743469, 0.18463699519634247, 1.395559310913086], "start_rotation": [0, 0.8893331890139774, 0, 0.4572597499433217]}