{"episode_id": "40244", "start_position": [-5.488180160522461, -2.8915817737579346, -6.468669891357422], "start_rotation": [0, 0.9990575728093692, 0, 0.04340467961236393]}