{"episode_id": "37889", "start_position": [3.1697652339935303, 0.18128342926502228, 4.986844539642334], "start_rotation": [0, 0.9284095821903292, 0, -0.3715584041536114]}