{"episode_id": "9394", "start_position": [1.6246328353881836, 0.16243858635425568, 1.2722160816192627], "start_rotation": [0, 0.8731133056206646, 0, 0.48751733871541025]}