{"episode_id": "2891", "start_position": [-0.12291118502616882, 0.15289896726608276, 0.9546805620193481], "start_rotation": [0, 0.6815608497484317, 0, -0.7317614420630509]}