{"episode_id": "42017", "start_position": [0.23365545272827148, 0.16243858635425568, -0.259141743183136], "start_rotation": [0, 0.36714152298694047, 0, -0.9301650940015057]}