{"episode_id": "6706", "start_position": [-4.620872497558594, -2.8849050998687744, 5.07363748550415], "start_rotation": [0, 0.8923113916814959, 0, -0.4514204030340588]}