{"episode_id": "68347", "start_position": [-3.6415696144104004, 0.14657917618751526, -5.012402534484863], "start_rotation": [0, 0.9990946489753818, 0, 0.04254271252234168]}