{"episode_id": "13294", "start_position": [0.9047666192054749, 0.021137923002243042, -0.1174892708659172], "start_rotation": [0, 0.5924190417592758, 0, -0.8056299888664904]}