{"episode_id": "63750", "start_position": [-0.42062002420425415, 0.17002512514591217, -4.974474906921387], "start_rotation": [0, 0.9766915691765757, 0, 0.21464756858487413]}