{"episode_id": "18383", "start_position": [1.96486234664917, 0.14657917618751526, 12.245396614074707], "start_rotation": [0, 0.9964601171948513, 0, 0.08406684744905848]}