{"episode_id": "65067", "start_position": [0.04672475904226303, -2.6641716957092285, -0.1707974374294281], "start_rotation": [0, 0.2712893275871694, 0, 0.9624978445364444]}