{"episode_id": "51747", "start_position": [0.7543672323226929, 0.18360306322574615, -4.0449538230896], "start_rotation": [0, 0.8697663748414701, 0, 0.49346373037451025]}