{"episode_id": "52903", "start_position": [-0.2553252875804901, -2.2110278606414795, 0.6100647449493408], "start_rotation": [0, 0.8449259807372776, 0, -0.534883246209067]}