{"episode_id": "13382", "start_position": [-2.285552501678467, 0.1672901213169098, 3.6499526500701904], "start_rotation": [0, 0.9021748151380387, 0, -0.43137060972051144]}