{"episode_id": "29811", "start_position": [-3.834103584289551, 1.662041425704956, -3.1900343894958496], "start_rotation": [0, 0.9609299962483873, 0, 0.2767915141583544]}