{"episode_id": "33309", "start_position": [-4.169579982757568, -2.967862606048584, -4.074930191040039], "start_rotation": [0, 0.38241355733349164, 0, 0.9239912722355901]}