{"episode_id": "24582", "start_position": [-1.965811848640442, 3.0025815963745117, 1.4145925045013428], "start_rotation": [0, 0.15864453760839947, 0, -0.987335763905581]}