{"episode_id": "51408", "start_position": [-1.2246997356414795, 0.32578447461128235, -4.2664642333984375], "start_rotation": [0, 0.9865565966914235, 0, 0.16341995448731472]}