{"episode_id": "18863", "start_position": [0.04235129803419113, 0.12324567139148712, -0.9860442876815796], "start_rotation": [0, 0.6530619968062683, 0, 0.7573044489024275]}