{"episode_id": "42732", "start_position": [-3.780550718307495, 0.1672901213169098, -4.519165992736816], "start_rotation": [0, 0.23417604529450234, 0, 0.972194208895644]}