{"episode_id": "37482", "start_position": [-2.0693860054016113, 0.1672901213169098, 1.8648048639297485], "start_rotation": [0, 0.24732138264203207, 0, -0.9689335032333404]}