{"episode_id": "42798", "start_position": [-15.788049697875977, -2.852285146713257, 15.079904556274414], "start_rotation": [0, 0.4751017292851957, 0, 0.8799308761659729]}