{"episode_id": "52590", "start_position": [-0.9999679327011108, -2.852285146713257, -0.4201216697692871], "start_rotation": [0, 0.9767923293388019, 0, -0.2141885742631422]}