{"episode_id": "9935", "start_position": [-3.9360404014587402, 0.09678955376148224, -3.541088819503784], "start_rotation": [0, 0.5352450345220621, 0, -0.8446968408958783]}