{"episode_id": "5740", "start_position": [4.014202117919922, 0.08356514573097229, -12.776878356933594], "start_rotation": [0, 0.7496554354915459, 0, -0.6618283221787812]}