{"episode_id": "60755", "start_position": [-0.22788727283477783, 0.17646045982837677, -6.102849006652832], "start_rotation": [0, 0.3608772974551996, 0, 0.9326133047418053]}