{"episode_id": "51747", "start_position": [-2.6377944946289062, 0.14657917618751526, 1.122893214225769], "start_rotation": [0, 0.7761572764011903, 0, 0.6305393582398219]}