{"episode_id": "67227", "start_position": [0.3363674283027649, 0.16243858635425568, -0.47547483444213867], "start_rotation": [0, 0.9991836107270278, 0, -0.040399406610733615]}