{"episode_id": "16547", "start_position": [-4.895898342132568, 0.08076925575733185, -8.114422798156738], "start_rotation": [0, 0.7376927662224897, 0, 0.6751365659353752]}