{"episode_id": "36598", "start_position": [-12.931200981140137, -2.852285146713257, 14.6918306350708], "start_rotation": [0, 0.9712154661204142, 0, 0.23820268337805636]}