{"episode_id": "51080", "start_position": [-6.160499572753906, 0.12586547434329987, -1.7335292100906372], "start_rotation": [0, 0.45549741724635656, 0, 0.8902371048669554]}