{"episode_id": "6212", "start_position": [-5.66120719909668, 0.08356514573097229, -3.7665693759918213], "start_rotation": [0, 0.2290168739840105, 0, 0.973422452705192]}