{"episode_id": "49958", "start_position": [5.772639751434326, 0.021137923002243042, 2.6648879051208496], "start_rotation": [0, 0.9623762822987826, 0, 0.2717202444956466]}