{"episode_id": "11540", "start_position": [6.887665748596191, 0.15289896726608276, 1.827602744102478], "start_rotation": [0, 0.9273425324429228, 0, 0.3742136121553394]}