{"episode_id": "2809", "start_position": [0.804255485534668, 0.17002512514591217, 0.3551323413848877], "start_rotation": [0, 0.8463102441911324, 0, 0.5326903139509351]}