{"episode_id": "49014", "start_position": [-5.959978103637695, 0.16511733829975128, -1.651155948638916], "start_rotation": [0, 0.9823682241468611, 0, -0.18695633764743685]}