{"episode_id": "47516", "start_position": [-1.703863501548767, 0.1751515418291092, -2.8243179321289062], "start_rotation": [0, 0.9531525675514756, 0, -0.3024899716850622]}