{"episode_id": "58287", "start_position": [2.631803035736084, 0.18360306322574615, -5.41929292678833], "start_rotation": [0, 0.23458765257606182, 0, -0.9720949713165133]}