{"episode_id": "21178", "start_position": [0.5297533273696899, 0.15562696754932404, 4.5868964195251465], "start_rotation": [0, 0.7638401354571561, 0, -0.6454054907302799]}