{"episode_id": "31920", "start_position": [-10.39348030090332, 0.05753323435783386, -0.5257391333580017], "start_rotation": [0, 0.07434683156978508, 0, 0.9972324446364218]}