{"episode_id": "57446", "start_position": [1.9058818817138672, 0.15964920818805695, 4.052628993988037], "start_rotation": [0, 0.6793130274950947, 0, 0.7338486292659058]}