{"episode_id": "33076", "start_position": [4.926258563995361, 0.18360306322574615, 0.12571564316749573], "start_rotation": [0, 0.6657075867563682, 0, -0.7462127102475624]}