{"episode_id": "47471", "start_position": [-0.5908166766166687, 3.3211450576782227, -3.5583534240722656], "start_rotation": [0, 0.9876247992396445, 0, -0.15683512338392783]}