{"episode_id": "66196", "start_position": [-6.267249584197998, 3.0807693004608154, -8.144232749938965], "start_rotation": [0, 0.9734575847809317, 0, -0.22886749579718635]}