{"episode_id": "3658", "start_position": [1.1510396003723145, 0.14340916275978088, -6.866739749908447], "start_rotation": [0, 0.3553681415221474, 0, 0.934726422003302]}