{"episode_id": "59229", "start_position": [-8.327369689941406, 0.062041521072387695, -5.309015274047852], "start_rotation": [0, 0.8978223166784908, 0, -0.4403579086085179]}