{"episode_id": "47157", "start_position": [2.6344094276428223, 0.15964920818805695, 1.5012109279632568], "start_rotation": [0, 0.43299085799427034, 0, -0.9013983120093945]}