{"episode_id": "7359", "start_position": [-0.4189872443675995, 0.17949719727039337, 7.670828342437744], "start_rotation": [0, 0.4604193626105, 0, -0.8877015323481992]}