{"episode_id": "11224", "start_position": [0.23764589428901672, 0.1719042807817459, 0.30437910556793213], "start_rotation": [0, 0.9424093282003475, 0, 0.3344617438825698]}