{"episode_id": "17713", "start_position": [5.550769805908203, 0.17646045982837677, -6.689722061157227], "start_rotation": [0, 0.1834753266822027, 0, -0.9830243153141528]}