{"episode_id": "2415", "start_position": [2.962139844894409, 0.1662864238023758, -1.2503340244293213], "start_rotation": [0, 0.2874734201552345, 0, 0.9577886158773511]}