{"episode_id": "35534", "start_position": [-4.961697101593018, 1.5974199771881104, 4.238199710845947], "start_rotation": [0, 0.3985326402366405, 0, -0.9171541498930332]}