{"episode_id": "18046", "start_position": [-8.94564151763916, 0.1672901213169098, 2.8375296592712402], "start_rotation": [0, 0.9795727796234966, 0, -0.20108995355486187]}