{"episode_id": "38443", "start_position": [-0.9170644283294678, 0.15289896726608276, -1.095716118812561], "start_rotation": [0, 0.2259103146151936, 0, -0.9741481046280716]}