{"episode_id": "17904", "start_position": [-6.221512794494629, -2.8849050998687744, 3.3281006813049316], "start_rotation": [0, 0.7107604261166066, 0, 0.7034341594396307]}