{"episode_id": "35269", "start_position": [-4.161147117614746, 0.044724658131599426, 4.233552932739258], "start_rotation": [0, 0.6651685903494854, 0, 0.7466932076914041]}