{"episode_id": "1231", "start_position": [-5.813857078552246, 0.16511733829975128, -2.1107888221740723], "start_rotation": [0, 0.9756235712050529, 0, 0.21945078561968973]}