{"episode_id": "48905", "start_position": [-4.847649574279785, 0.15964920818805695, 2.9686810970306396], "start_rotation": [0, 0.6556196561812162, 0, 0.7550912967508127]}