{"episode_id": "2898", "start_position": [-0.8230621814727783, 0.032137393951416016, 4.5401225090026855], "start_rotation": [0, 0.9159426122908171, 0, -0.401309270999156]}