{"episode_id": "64843", "start_position": [-5.88598108291626, 0.1514829844236374, 1.37791109085083], "start_rotation": [0, 0.21949186457158765, 0, -0.9756143302488375]}