{"episode_id": "60773", "start_position": [-2.7032382488250732, 0.00017642974853515625, -1.1506348848342896], "start_rotation": [0, 0.9497807003112116, 0, -0.3129163167946733]}