{"episode_id": "53686", "start_position": [1.9715380668640137, 0.18321557343006134, -5.1714348793029785], "start_rotation": [0, 0.998306876940863, 0, -0.05816682432951537]}