{"episode_id": "58239", "start_position": [-15.617027282714844, 0.14771485328674316, 9.657687187194824], "start_rotation": [0, 0.9904747394452973, 0, 0.13769455516021845]}