{"episode_id": "64858", "start_position": [4.474684238433838, 0.2682689130306244, 4.462106704711914], "start_rotation": [0, 0.26157870127466837, 0, 0.965182150186926]}