{"episode_id": "26122", "start_position": [1.3753901720046997, 0.1887628585100174, 3.5977773666381836], "start_rotation": [0, 0.67304857556288, 0, 0.7395982794279461]}