{"episode_id": "42732", "start_position": [0.9728515148162842, 0.15562696754932404, 0.4458181858062744], "start_rotation": [0, 0.999894493181058, 0, -0.014525925312867408]}