{"episode_id": "41695", "start_position": [-5.212751388549805, 0.10841822624206543, -3.673065662384033], "start_rotation": [0, 0.6205852364679639, 0, 0.7841389955090878]}