{"episode_id": "15102", "start_position": [-4.902353286743164, -2.599823474884033, -4.244503974914551], "start_rotation": [0, 0.7624028789126577, 0, -0.6471026581815991]}