{"episode_id": "53372", "start_position": [1.8098243474960327, 1.662041425704956, -2.788877487182617], "start_rotation": [0, 0.21405773106290324, 0, 0.9768210111234308]}