{"episode_id": "15598", "start_position": [-2.5804338455200195, 0.17923279106616974, 4.470036029815674], "start_rotation": [0, 0.606107560868546, 0, 0.7953826906954801]}