{"episode_id": "57525", "start_position": [0.22742284834384918, 0.12194900214672089, -0.1552271693944931], "start_rotation": [0, 0.9233493023006881, 0, 0.3839610213821611]}