{"episode_id": "8973", "start_position": [-3.315034866333008, 0.1649409383535385, -0.8775137662887573], "start_rotation": [0, 0.713707260316862, 0, -0.7004441066716166]}