{"episode_id": "20641", "start_position": [-0.3385487198829651, 0.17000891268253326, -3.398498773574829], "start_rotation": [0, 0.9365733550263169, 0, 0.35047161176727065]}