{"episode_id": "32428", "start_position": [-0.4706820249557495, 0.18463699519634247, 5.080694198608398], "start_rotation": [0, 0.6096602380974393, 0, 0.792662850197342]}