{"episode_id": "29484", "start_position": [-1.936180591583252, 3.2694509029388428, -1.8650531768798828], "start_rotation": [0, 0.9577237123453752, 0, 0.2876895736925358]}