{"episode_id": "37538", "start_position": [-1.3568463325500488, -2.8915817737579346, -8.374073028564453], "start_rotation": [0, 0.9264877977845858, 0, 0.3763248072560039]}