{"episode_id": "32681", "start_position": [-0.17526370286941528, 0.10841822624206543, 0.4725179076194763], "start_rotation": [0, 0.9391771957618911, 0, 0.3434329555544]}