{"episode_id": "57759", "start_position": [-0.46900343894958496, 1.662041425704956, 0.01689820922911167], "start_rotation": [0, 0.00943787397405629, 0, 0.9999554622756205]}