{"episode_id": "47823", "start_position": [-11.091409683227539, 0.2520025372505188, 0.1719248741865158], "start_rotation": [0, 0.10488387261361355, 0, -0.994484476131011]}