{"episode_id": "11893", "start_position": [-0.26899856328964233, 0.15289896726608276, -1.2561758756637573], "start_rotation": [0, 0.3031847483408568, 0, 0.9529317962863298]}