{"episode_id": "47515", "start_position": [-3.274104118347168, 0.025033235549926758, -9.632281303405762], "start_rotation": [0, 0.9726459481688776, 0, -0.2322926161346183]}