{"episode_id": "13574", "start_position": [0.7029874324798584, 0.12194900214672089, 0.6210991144180298], "start_rotation": [0, 0.9999896397777105, 0, -0.004551959714766135]}