{"episode_id": "57306", "start_position": [-1.036529302597046, 0.17949719727039337, 8.434326171875], "start_rotation": [0, 0.8179951181946663, 0, 0.5752251616625389]}