{"episode_id": "31621", "start_position": [-6.5716657638549805, 0.062041521072387695, -6.724326133728027], "start_rotation": [0, 0.6121631938570868, 0, 0.7907314487780859]}