{"episode_id": "36612", "start_position": [-1.8073909282684326, -2.511791467666626, 1.6187173128128052], "start_rotation": [0, 0.175637020959935, 0, 0.9844549948414704]}