{"episode_id": "65717", "start_position": [6.747265815734863, 0.14882415533065796, -0.552462637424469], "start_rotation": [0, 0.9959606889781316, 0, -0.08979034474934035]}