{"episode_id": "64806", "start_position": [-3.350142478942871, -2.852285146713257, 2.9725637435913086], "start_rotation": [0, 0.9320563909458806, 0, -0.36231324030035106]}