{"episode_id": "35205", "start_position": [-0.18336045742034912, -2.683361768722534, 1.0377295017242432], "start_rotation": [0, 0.5259922786125507, 0, -0.8504893431666131]}