{"episode_id": "1682", "start_position": [-1.9443998336791992, 0.1662864238023758, -0.23436656594276428], "start_rotation": [0, 0.9113301278737799, 0, 0.41167632677816207]}