{"episode_id": "22661", "start_position": [-3.555464506149292, 0.08356514573097229, -5.33785343170166], "start_rotation": [0, 0.04392007800668801, 0, 0.9990350478075763]}