{"episode_id": "41569", "start_position": [-0.10927650332450867, 0.08076925575733185, -0.6523054838180542], "start_rotation": [0, 0.8319570581098856, 0, 0.5548400251073676]}