{"episode_id": "27872", "start_position": [4.909083366394043, -2.967862606048584, -4.315864086151123], "start_rotation": [0, 0.9546542114031574, 0, -0.29771687330451324]}