{"episode_id": "37895", "start_position": [4.763316631317139, 0.24472466111183167, 3.3172945976257324], "start_rotation": [0, 0.6903333026151516, 0, 0.7234914866813966]}