{"episode_id": "35827", "start_position": [-0.040586456656455994, 0.038023028522729874, -0.5335599184036255], "start_rotation": [0, 0.8566989911852145, 0, -0.515816671407813]}