{"episode_id": "9781", "start_position": [-8.097990989685059, 0.14340753853321075, 3.4202373027801514], "start_rotation": [0, 0.9616539707016709, 0, 0.2742656388133771]}