{"episode_id": "63824", "start_position": [-1.054941177368164, -0.03270988166332245, 8.230093955993652], "start_rotation": [0, 0.997138043414378, 0, 0.07560239662699951]}