{"episode_id": "9901", "start_position": [-5.434036731719971, 0.1672901213169098, -0.02621777355670929], "start_rotation": [0, 0.8371093932857134, 0, 0.5470355232275366]}