{"episode_id": "14596", "start_position": [1.7504628896713257, 0.7662864327430725, -0.8322700262069702], "start_rotation": [0, 0.5636947348512921, 0, 0.8259831995270434]}