{"episode_id": "48254", "start_position": [-5.4425272941589355, 3.400176525115967, 0.865950882434845], "start_rotation": [0, 0.00978505699255833, 0, 0.9999521251838271]}