{"episode_id": "16959", "start_position": [-0.9248862862586975, 0.17646045982837677, -6.430572986602783], "start_rotation": [0, 0.8808248169600579, 0, 0.47344233210316183]}