{"episode_id": "20785", "start_position": [-1.2697755098342896, 1.662041425704956, -4.159126281738281], "start_rotation": [0, 0.35183068306117005, 0, -0.9360636572673412]}