{"episode_id": "42106", "start_position": [-1.9024748802185059, 0.1672901213169098, 4.016347408294678], "start_rotation": [0, 0.791101969115541, 0, 0.6116842931296452]}