{"episode_id": "66915", "start_position": [-1.7046141624450684, -2.511791467666626, 1.635413646697998], "start_rotation": [0, 0.8445003262590126, 0, 0.5355550382065518]}