{"episode_id": "42732", "start_position": [0.33806312084198, 0.17002512514591217, -0.8194879293441772], "start_rotation": [0, 0.34670935461914015, 0, 0.9379726133633003]}