{"episode_id": "15982", "start_position": [2.424257755279541, 0.18360306322574615, -5.88740348815918], "start_rotation": [0, 0.7093317326471335, 0, 0.7048748066570514]}