{"episode_id": "20558", "start_position": [-7.0046772956848145, 0.08076925575733185, -4.903775215148926], "start_rotation": [0, 0.5856264428141597, 0, -0.8105810690343279]}