{"episode_id": "42037", "start_position": [0.37820592522621155, 0.17000891268253326, -0.25328055024147034], "start_rotation": [0, 0.4280049389032505, 0, -0.9037763950637485]}