{"episode_id": "42143", "start_position": [-1.1800974607467651, 0.0701034814119339, 3.6147313117980957], "start_rotation": [0, 0.6600817572450794, 0, 0.7511937657836678]}