{"episode_id": "32971", "start_position": [-4.932991027832031, 0.1514829844236374, -3.4480247497558594], "start_rotation": [0, 0.8269763462226313, 0, 0.5622367141945345]}