{"episode_id": "48606", "start_position": [-9.067314147949219, 0.062041521072387695, -3.3973968029022217], "start_rotation": [0, 0.30499999879032075, 0, -0.95235235114841]}