{"episode_id": "13741", "start_position": [-6.256145477294922, 0.17923279106616974, 5.517305374145508], "start_rotation": [0, 0.040107550497007365, 0, -0.9991953684806241]}