{"episode_id": "13357", "start_position": [2.453199863433838, 0.1662864238023758, -0.1340116411447525], "start_rotation": [0, 0.7331010777453864, 0, 0.6801197025587136]}