{"episode_id": "25508", "start_position": [8.380243301391602, -2.943950891494751, 0.8989294767379761], "start_rotation": [0, 0.9872828990207994, 0, 0.15897319680086358]}