{"episode_id": "16104", "start_position": [-2.463224172592163, 0.17949719727039337, 8.998510360717773], "start_rotation": [0, 0.7927645966623621, 0, -0.6095279273985421]}