{"episode_id": "51045", "start_position": [-5.334272861480713, -2.8849050998687744, -1.2165100574493408], "start_rotation": [0, 0.7155198191764937, 0, -0.6985924336590239]}