{"episode_id": "1704", "start_position": [6.768073558807373, 0.15289896726608276, 1.859739065170288], "start_rotation": [0, 0.12760119865579947, 0, 0.9918255562857832]}