{"episode_id": "11503", "start_position": [-4.451809883117676, 0.025033235549926758, -3.9114127159118652], "start_rotation": [0, 0.8686451175917715, 0, -0.4954348188046309]}