{"episode_id": "64414", "start_position": [0.8436235785484314, 0.18145985901355743, 0.855647087097168], "start_rotation": [0, 0.7583727495407513, 0, -0.6518211202116735]}