{"episode_id": "1385", "start_position": [-2.073312997817993, 0.1751515418291092, -2.367478132247925], "start_rotation": [0, 0.21670401477033158, 0, -0.976237353302167]}