{"episode_id": "29714", "start_position": [0.12816458940505981, 0.1662864238023758, 0.24967384338378906], "start_rotation": [0, 0.41598166777790996, 0, -0.9093729994192199]}