{"episode_id": "35497", "start_position": [8.477163314819336, 0.5675398707389832, -0.6774582862854004], "start_rotation": [0, 0.6476435353602898, 0, 0.7619434697574519]}