{"episode_id": "32689", "start_position": [-7.47673225402832, -1.0029926300048828, -5.369666576385498], "start_rotation": [0, 0.6507872347076357, 0, -0.7592601498442999]}