{"episode_id": "59025", "start_position": [1.5765011310577393, 0.17800255119800568, -3.5968716144561768], "start_rotation": [0, 0.7599569860846783, 0, -0.6499733681475666]}