{"episode_id": "112", "start_position": [-8.033775329589844, 0.17635054886341095, 1.684856653213501], "start_rotation": [0, 0.9404657918833811, 0, -0.3398883556363249]}