{"episode_id": "22656", "start_position": [-4.414100646972656, -2.511791467666626, 3.15643572807312], "start_rotation": [0, 0.420838239881761, 0, -0.9071356986985031]}