{"episode_id": "62761", "start_position": [-4.161876678466797, 0.2189677655696869, -0.5512290000915527], "start_rotation": [0, 0.9797629570513409, 0, -0.20016130492683218]}