{"episode_id": "58363", "start_position": [-2.5384159088134766, 0.1672901213169098, 3.111825942993164], "start_rotation": [0, 0.32792568392729804, 0, 0.944703522710069]}