{"episode_id": "49417", "start_position": [2.1174402236938477, 0.17800255119800568, 0.640751838684082], "start_rotation": [0, 0.48681346436977324, 0, 0.8735059535620233]}