{"episode_id": "50807", "start_position": [-9.55590534210205, 0.11509490013122559, 3.8165431022644043], "start_rotation": [0, 0.996358269154872, 0, 0.08526546479500172]}