{"episode_id": "34323", "start_position": [0.20520958304405212, 0.21710196137428284, -1.8916866779327393], "start_rotation": [0, 0.6537229350071027, 0, 0.7567339851266754]}