{"episode_id": "21049", "start_position": [0.9704569578170776, 0.17970331013202667, -3.1898365020751953], "start_rotation": [0, 0.9257476277834179, 0, -0.37814194379012545]}