{"episode_id": "42328", "start_position": [1.4639009237289429, 0.17002512514591217, -1.6664519309997559], "start_rotation": [0, 0.8705488871232636, 0, 0.4920819394455026]}