{"episode_id": "3882", "start_position": [2.4268946647644043, 0.1887628585100174, 3.6575753688812256], "start_rotation": [0, 0.15966525163715442, 0, 0.9871712148455526]}