{"episode_id": "31488", "start_position": [-0.45174768567085266, 3.3211450576782227, -0.8784816265106201], "start_rotation": [0, 0.9657051008529871, 0, -0.2596414030668492]}