{"episode_id": "57518", "start_position": [-5.83527135848999, 0.14340753853321075, 0.39140117168426514], "start_rotation": [0, 0.5567470339287697, 0, -0.830682093349506]}