{"episode_id": "38006", "start_position": [-0.7194422483444214, 0.16243858635425568, -1.3990163803100586], "start_rotation": [0, 0.5899352543336644, 0, 0.8074505530955284]}