{"episode_id": "47799", "start_position": [0.7468085289001465, 0.12114477157592773, -6.945996284484863], "start_rotation": [0, 0.24129597192082525, 0, -0.9704515721738949]}