{"episode_id": "57951", "start_position": [-2.301072597503662, 0.17923279106616974, 3.936220169067383], "start_rotation": [0, 0.6387644479128918, 0, 0.7694023525324956]}