{"episode_id": "42260", "start_position": [0.1747761070728302, -2.3998236656188965, -1.7392301559448242], "start_rotation": [0, 0.8601250295757534, 0, -0.510083261338097]}