{"episode_id": "32605", "start_position": [3.8035380840301514, 0.18321557343006134, -4.544220924377441], "start_rotation": [0, 0.6914229239161936, 0, 0.7224502337761276]}