{"episode_id": "49014", "start_position": [-3.6911940574645996, 0.17702746391296387, 0.20763857662677765], "start_rotation": [0, 0.29110568099220424, 0, 0.9566909022741175]}