{"episode_id": "54328", "start_position": [4.558356285095215, 0.29237574338912964, -0.29764118790626526], "start_rotation": [0, 0.9251853634430992, 0, -0.3795155375879366]}