{"episode_id": "18586", "start_position": [10.071721076965332, 0.19309520721435547, -1.5222879648208618], "start_rotation": [0, 0.7392738261901955, 0, 0.6734049375450916]}