{"episode_id": "2573", "start_position": [-0.32514768838882446, -2.511791467666626, -0.14959296584129333], "start_rotation": [0, 0.9975357991608894, 0, -0.07015931436698662]}