{"episode_id": "29964", "start_position": [2.07845139503479, 0.1514829844236374, -1.9991611242294312], "start_rotation": [0, 0.7915042280402462, 0, -0.6111636908344719]}