{"episode_id": "29418", "start_position": [-5.7957844734191895, 0.1005861759185791, -3.172858715057373], "start_rotation": [0, 0.04381878834201701, 0, -0.9990394956097769]}