{"episode_id": "12725", "start_position": [-4.163877487182617, 0.1514829844236374, -1.692307710647583], "start_rotation": [0, 0.9981269795104782, 0, -0.061176243536926835]}