{"episode_id": "50424", "start_position": [-1.0628600120544434, 0.17949719727039337, 8.684769630432129], "start_rotation": [0, 0.22991571851166193, 0, -0.9732105437063792]}