{"episode_id": "20475", "start_position": [1.4459004402160645, 0.14570780098438263, -1.1344430446624756], "start_rotation": [0, 0.9150440476870317, 0, 0.40335392745395837]}