{"episode_id": "45431", "start_position": [-8.233039855957031, 0.17000891268253326, -3.4227092266082764], "start_rotation": [0, 0.4474352053624298, 0, 0.894316351747121]}