{"episode_id": "55218", "start_position": [-4.212344169616699, -2.511791467666626, 6.618751525878906], "start_rotation": [0, 0.6747676041515477, 0, 0.7380302706444908]}