{"episode_id": "19201", "start_position": [-6.535325050354004, 0.08356514573097229, -7.927695274353027], "start_rotation": [0, 0.3251691624277388, 0, -0.9456558654214771]}