{"episode_id": "65682", "start_position": [2.8913326263427734, 0.1662864238023758, -1.19761061668396], "start_rotation": [0, 0.7415545795526836, 0, -0.670892543962476]}