{"episode_id": "44505", "start_position": [-2.8110392093658447, 0.17800255119800568, -3.2440783977508545], "start_rotation": [0, 0.46201575259406447, 0, 0.8868717180939644]}