{"episode_id": "54682", "start_position": [-3.5523133277893066, 0.1873927116394043, 1.5033013820648193], "start_rotation": [0, 0.9965801571160731, 0, 0.08263165520854059]}