{"episode_id": "64880", "start_position": [0.2744223475456238, -2.519124984741211, 0.9759507179260254], "start_rotation": [0, 0.2594727518800619, 0, 0.9657504289575997]}