{"episode_id": "26805", "start_position": [-3.1631722450256348, 0.17000891268253326, 0.8857611417770386], "start_rotation": [0, 0.7271948379529657, 0, 0.6864311091832596]}