{"episode_id": "3204", "start_position": [-6.863487720489502, 0.20017647743225098, -0.3694714903831482], "start_rotation": [0, 0.9808749244954571, 0, 0.19463910834164702]}