{"episode_id": "18046", "start_position": [-4.166463375091553, 0.18585340678691864, -0.9343193173408508], "start_rotation": [0, 0.929702483899003, 0, 0.36831140551444247]}