{"episode_id": "13128", "start_position": [4.116857528686523, 0.17646045982837677, -4.887872219085693], "start_rotation": [0, 0.9907016732315475, 0, -0.13605217622740257]}