{"episode_id": "54024", "start_position": [-0.04818182438611984, 0.17800255119800568, -0.4521790146827698], "start_rotation": [0, 0.8160389891381961, 0, 0.5779968583014194]}