{"episode_id": "232", "start_position": [0.0647273138165474, 0.10252110660076141, -0.9757863283157349], "start_rotation": [0, 0.7572133999068834, 0, 0.6531675642600895]}