{"episode_id": "36972", "start_position": [6.58455228805542, -2.943950891494751, -3.42608642578125], "start_rotation": [0, 0.9191135565580884, 0, 0.39399272855110123]}