{"episode_id": "41138", "start_position": [1.0468837022781372, 0.15165157616138458, 2.829946279525757], "start_rotation": [0, 0.04102369038890819, 0, 0.999158174077996]}