{"episode_id": "50906", "start_position": [0.9088817834854126, -2.8849050998687744, 3.1233465671539307], "start_rotation": [0, 0.8035264735481693, 0, -0.5952690201137996]}