{"episode_id": "17713", "start_position": [-3.7457282543182373, 0.12114477157592773, -5.721355438232422], "start_rotation": [0, 0.7130709887035167, 0, 0.7010918378282471]}