{"episode_id": "41138", "start_position": [-3.701298475265503, 0.05230565369129181, 0.05264885723590851], "start_rotation": [0, 0.8795358681109609, 0, 0.4758325931525692]}