{"episode_id": "9365", "start_position": [-3.6735544204711914, -6.767862796783447, 4.646040439605713], "start_rotation": [0, 0.5591685493665466, 0, -0.82905399908529]}