{"episode_id": "23177", "start_position": [-3.33567476272583, 3.056049346923828, -3.4280881881713867], "start_rotation": [0, 0.3934685906276737, 0, -0.9193380597959991]}