{"episode_id": "7679", "start_position": [0.07977341115474701, 3.3211450576782227, -3.664985418319702], "start_rotation": [0, 0.7667473004224421, 0, 0.641949045715388]}