{"episode_id": "65875", "start_position": [1.2269481420516968, 0.17002512514591217, -1.8665380477905273], "start_rotation": [0, 0.7752224737117697, 0, 0.6316883062493753]}