{"episode_id": "39192", "start_position": [-5.31508731842041, -0.03270988166332245, 7.197556495666504], "start_rotation": [0, 0.6215407217413876, 0, 0.783381855302505]}