{"episode_id": "41586", "start_position": [1.9773132801055908, 0.18321557343006134, -1.696952223777771], "start_rotation": [0, 0.8283584803207895, 0, 0.5601983827900899]}