{"episode_id": "25513", "start_position": [-1.9051799774169922, 0.1719042807817459, -8.043706893920898], "start_rotation": [0, 0.43602413074948404, 0, -0.8999349739865413]}