{"episode_id": "3904", "start_position": [-1.8069519996643066, 0.10841822624206543, 0.6985719203948975], "start_rotation": [0, 0.9402099598610035, 0, -0.34059540715953596]}