{"episode_id": "59412", "start_position": [-1.0657442808151245, -2.799823522567749, 0.8306041359901428], "start_rotation": [0, 0.8734540562071055, 0, 0.4869065738880044]}