{"episode_id": "32384", "start_position": [-1.861763834953308, 0.17282123863697052, -6.795803070068359], "start_rotation": [0, 0.5032665662829637, 0, 0.864131218775109]}