{"episode_id": "26711", "start_position": [1.2544478178024292, 0.16646166145801544, 0.24881482124328613], "start_rotation": [0, 0.552950744991655, 0, -0.833213942282037]}