{"episode_id": "26435", "start_position": [-3.297316789627075, 2.7814598083496094, -2.3044114112854004], "start_rotation": [0, 0.8006487139514438, 0, -0.5991340725145743]}