{"episode_id": "26238", "start_position": [-2.754150390625, 0.1672901213169098, 4.140239715576172], "start_rotation": [0, 0.9684523128081354, 0, 0.24919895227824196]}