{"episode_id": "42984", "start_position": [-0.303205668926239, 0.17800255119800568, 2.3006813526153564], "start_rotation": [0, 0.8717374782590775, 0, 0.48997323294084577]}