{"episode_id": "23253", "start_position": [8.34919261932373, 0.19309520721435547, -2.8943076133728027], "start_rotation": [0, 0.8318231988202159, 0, -0.5550406885125663]}