{"episode_id": "52923", "start_position": [-4.894834518432617, 0.15562696754932404, 3.013183355331421], "start_rotation": [0, 0.9597358555322149, 0, -0.28090405409293684]}