{"episode_id": "49486", "start_position": [0.4176899194717407, 0.17635054886341095, -2.524510145187378], "start_rotation": [0, 0.045536277148217584, 0, -0.998962685721284]}