{"episode_id": "570", "start_position": [-6.210424423217773, 0.1672901213169098, 1.7898348569869995], "start_rotation": [0, 0.8895281292488836, 0, 0.4568804080664671]}