{"episode_id": "13783", "start_position": [-4.385307788848877, 0.1796688735485077, 0.9294825792312622], "start_rotation": [0, 0.05847980132660165, 0, -0.9982885919596604]}