{"episode_id": "11242", "start_position": [-8.47464370727539, 0.17000891268253326, -3.0745925903320312], "start_rotation": [0, 0.2452692523238385, 0, 0.9694549983699632]}