{"episode_id": "39694", "start_position": [7.969423770904541, 0.19309520721435547, -0.9632771015167236], "start_rotation": [0, 0.9984260673301966, 0, -0.05608375946348203]}