{"episode_id": "29714", "start_position": [6.501260757446289, 0.16646166145801544, 0.13520824909210205], "start_rotation": [0, 0.8348128752250442, 0, 0.5505337985614459]}