{"episode_id": "2438", "start_position": [2.8674135208129883, 0.18360306322574615, -5.883662223815918], "start_rotation": [0, 0.27061606988241566, 0, 0.9626873546076086]}