{"episode_id": "54085", "start_position": [4.732782363891602, 0.17646045982837677, -0.4932120740413666], "start_rotation": [0, 0.44354670778898564, 0, 0.8962512583029115]}