{"episode_id": "58211", "start_position": [-5.047479629516602, 0.16646166145801544, 3.0344581604003906], "start_rotation": [0, 0.8630946679478739, 0, 0.5050421706748351]}