{"episode_id": "40044", "start_position": [-5.992108345031738, 3.0807693004608154, -1.5353727340698242], "start_rotation": [0, 0.9906934007508377, 0, -0.13611240101012123]}