{"episode_id": "45448", "start_position": [-1.3823822736740112, 0.17949719727039337, 1.200302004814148], "start_rotation": [0, 0.10958172562856958, 0, 0.9939777891926282]}