{"episode_id": "3679", "start_position": [-4.509739398956299, 0.14340916275978088, -9.68384838104248], "start_rotation": [0, 0.5454911157930213, 0, 0.838116604411871]}