{"episode_id": "43183", "start_position": [-3.0094146728515625, 0.18128342926502228, -0.39155009388923645], "start_rotation": [0, 0.9497749910088186, 0, 0.31293364544931646]}