{"episode_id": "5708", "start_position": [6.175674915313721, 0.17970331013202667, -3.0180282592773438], "start_rotation": [0, 0.0844975002586106, 0, 0.9964236912328239]}