{"episode_id": "14373", "start_position": [-5.595388889312744, 0.044724658131599426, 2.482775926589966], "start_rotation": [0, 0.7384544553803146, 0, 0.6743033570500467]}