{"episode_id": "52635", "start_position": [-0.19631162285804749, 0.20017647743225098, -6.441152572631836], "start_rotation": [0, 0.993865914680677, 0, -0.11059178828439908]}