{"episode_id": "68161", "start_position": [0.11296270042657852, 3.1651172637939453, -2.210543394088745], "start_rotation": [0, 0.7365004902326289, 0, -0.676437009548633]}