{"episode_id": "4131", "start_position": [-6.026784896850586, 0.20017647743225098, -2.6682238578796387], "start_rotation": [0, 0.30392448472708555, 0, -0.9526961255213414]}