{"episode_id": "31609", "start_position": [-2.2029712200164795, 0.1005861759185791, -1.5672951936721802], "start_rotation": [0, 0.8622428467860395, 0, -0.5064950870110256]}