{"episode_id": "54024", "start_position": [-0.916765570640564, 0.14340916275978088, -2.611523151397705], "start_rotation": [0, 0.9710790441746106, 0, -0.23875822491576026]}