{"episode_id": "49990", "start_position": [-0.13255375623703003, -0.12651327252388, 4.123263835906982], "start_rotation": [0, 0.6764612150008832, 0, 0.7364782580630123]}