{"episode_id": "37829", "start_position": [3.6667375564575195, 0.1514829844236374, 2.773587226867676], "start_rotation": [0, 0.9281223382743565, 0, -0.37227533519713735]}