{"episode_id": "20261", "start_position": [9.06562328338623, 0.5797033309936523, 0.10057257115840912], "start_rotation": [0, 0.05506176800281894, 0, -0.9984829501320509]}