{"episode_id": "61203", "start_position": [0.09274117648601532, 0.17635054886341095, 1.174051284790039], "start_rotation": [0, 0.3949004083696767, 0, -0.918723934307506]}