{"episode_id": "50713", "start_position": [0.6002553701400757, 0.14570780098438263, -5.891450881958008], "start_rotation": [0, 0.06475883370379913, 0, -0.9979009437100076]}