{"episode_id": "46341", "start_position": [-0.2023794949054718, 0.14327827095985413, -1.8249706029891968], "start_rotation": [0, 0.9937134021509035, 0, -0.11195389401747759]}