{"episode_id": "48690", "start_position": [-3.3781604766845703, 0.08356514573097229, -5.216372489929199], "start_rotation": [0, 0.8667838449664472, 0, -0.4986840343395626]}