{"episode_id": "51736", "start_position": [-6.597705841064453, 0.17702746391296387, 6.309527397155762], "start_rotation": [0, 0.9479613061789475, 0, -0.31838555555725784]}