{"episode_id": "18658", "start_position": [-4.1455078125, 0.1649409383535385, 1.2353893518447876], "start_rotation": [0, 0.4012248884448005, 0, 0.9159795788621368]}