{"episode_id": "24780", "start_position": [3.306506872177124, 0.23514866828918457, 5.545420169830322], "start_rotation": [0, 0.6045815189312449, 0, -0.7965432737565415]}