{"episode_id": "35269", "start_position": [0.48065316677093506, 0.17282123863697052, -3.7812204360961914], "start_rotation": [0, 0.43220368466955134, 0, -0.901776011522852]}