{"episode_id": "25010", "start_position": [1.0264214277267456, -2.374966859817505, -6.422262191772461], "start_rotation": [0, 0.7779096738197644, 0, -0.6283761129909601]}