{"episode_id": "18250", "start_position": [-13.428837776184082, -2.852285146713257, 15.523445129394531], "start_rotation": [0, 0.9633871412603576, 0, -0.26811418473142323]}