{"episode_id": "24500", "start_position": [-7.048758029937744, 2.7005860805511475, 0.5281261801719666], "start_rotation": [0, 0.29879618757446436, 0, 0.9543169485506193]}