{"episode_id": "13642", "start_position": [-4.5814361572265625, 3.1651172637939453, -0.9007095098495483], "start_rotation": [0, 0.9088268893986458, 0, -0.41717344726861716]}