{"episode_id": "65881", "start_position": [9.208433151245117, 0.19309520721435547, -1.1352565288543701], "start_rotation": [0, 0.28419956369866417, 0, 0.9587651474649508]}