{"episode_id": "33860", "start_position": [4.437376976013184, 0.2759421765804291, 4.573399543762207], "start_rotation": [0, 0.6034883495238288, 0, -0.797371815396685]}