{"episode_id": "32625", "start_position": [1.6479310989379883, 1.662041425704956, -7.279356956481934], "start_rotation": [0, 0.3578907429871437, 0, 0.9337634690242012]}