{"episode_id": "8800", "start_position": [5.0132036209106445, 0.15289896726608276, -0.34585464000701904], "start_rotation": [0, 0.5715723290678014, 0, -0.8205516879782827]}