{"episode_id": "31357", "start_position": [-1.5209754705429077, 0.1672901213169098, 2.8498027324676514], "start_rotation": [0, 0.9716531303370108, 0, 0.2364110706085647]}