{"episode_id": "33770", "start_position": [-3.9128527641296387, 0.18128342926502228, 0.48807549476623535], "start_rotation": [0, 0.9985017583586672, 0, -0.05471963591481414]}