{"episode_id": "29702", "start_position": [0.12101168185472488, 0.17800255119800568, -3.285707712173462], "start_rotation": [0, 0.4786490995240946, 0, -0.8780062867228078]}