{"episode_id": "38287", "start_position": [0.19132551550865173, 3.0807693004608154, -4.079397678375244], "start_rotation": [0, 0.8752229011533359, 0, -0.4837198293400199]}