{"episode_id": "39875", "start_position": [3.264347553253174, 0.17970331013202667, -0.3114657700061798], "start_rotation": [0, 0.9621654962942441, 0, 0.27246570011810856]}