{"episode_id": "15635", "start_position": [-3.4552531242370605, 0.17000891268253326, -1.35116446018219], "start_rotation": [0, 0.44110465602232596, 0, -0.8974556715712624]}