{"episode_id": "33849", "start_position": [1.790471076965332, 0.16243858635425568, 0.058640025556087494], "start_rotation": [0, 0.9800380313425335, 0, -0.1988101031694597]}