{"episode_id": "40311", "start_position": [0.33874303102493286, 0.12324567139148712, -0.22760383784770966], "start_rotation": [0, 0.3854546428567432, 0, 0.9227267842108955]}