{"episode_id": "9705", "start_position": [1.3002580404281616, 0.12324567139148712, -3.3664050102233887], "start_rotation": [0, 0.937030727365896, 0, -0.3492469269329938]}