{"episode_id": "10010", "start_position": [-0.002698451280593872, 0.1649409383535385, 0.8648185133934021], "start_rotation": [0, 0.7809575330964533, 0, -0.6245841268395332]}