{"episode_id": "34475", "start_position": [-2.2346043586730957, 0.17000891268253326, -0.0789925754070282], "start_rotation": [0, 0.6515822373201068, 0, 0.7585780039052833]}