{"episode_id": "63576", "start_position": [-2.0767197608947754, 0.1005861759185791, -2.8263320922851562], "start_rotation": [0, 0.4825613358118149, 0, -0.8758621793293263]}