{"episode_id": "55318", "start_position": [-1.2603261470794678, 0.11509490013122559, 2.676469087600708], "start_rotation": [0, 0.8549266177691289, 0, -0.5187489549192728]}