{"episode_id": "22440", "start_position": [4.236321449279785, 3.056049346923828, 0.5172812342643738], "start_rotation": [0, 0.36270768559661887, 0, 0.9319029642667439]}