{"episode_id": "63725", "start_position": [-4.135908126831055, 0.1649409383535385, 1.228001356124878], "start_rotation": [0, 0.2895964043909545, 0, 0.9571488507874993]}