{"episode_id": "33502", "start_position": [-1.8522405624389648, 1.662041425704956, -8.183390617370605], "start_rotation": [0, 0.33970527589254423, 0, 0.9405319375389495]}