{"episode_id": "6212", "start_position": [-5.396701812744141, 0.037133216857910156, -3.1052651405334473], "start_rotation": [0, 0.9767954450927222, 0, 0.21417436458668626]}