{"episode_id": "20741", "start_position": [0.0856090784072876, 0.0701034814119339, -1.3456177711486816], "start_rotation": [0, 0.9855228418723877, 0, -0.16954270302131194]}