{"episode_id": "23885", "start_position": [-7.19090461730957, -2.599823474884033, -5.338150978088379], "start_rotation": [0, 0.9857640312259492, 0, -0.16813469225940791]}