{"episode_id": "38709", "start_position": [0.3081855773925781, 0.17702746391296387, 2.34967041015625], "start_rotation": [0, 0.20780967613916018, 0, -0.9781692790631575]}