{"episode_id": "52626", "start_position": [0.463015079498291, 0.18145985901355743, -2.3764727115631104], "start_rotation": [0, 0.7491419521042842, 0, 0.6624094923817007]}