{"episode_id": "47537", "start_position": [-0.8093819618225098, 3.400176525115967, -2.318589210510254], "start_rotation": [0, 0.9063853347852835, 0, 0.42245192020651257]}