{"episode_id": "57973", "start_position": [-12.276906967163086, 0.2244775891304016, 16.290634155273438], "start_rotation": [0, 0.8746608625317437, 0, 0.4847353665199458]}