{"episode_id": "55054", "start_position": [1.902011752128601, 0.17002512514591217, -1.4114712476730347], "start_rotation": [0, 0.8177073200870508, 0, 0.5756342056167731]}