{"episode_id": "19097", "start_position": [0.1276165246963501, 0.1514829844236374, -2.0671050548553467], "start_rotation": [0, 0.95119426195216, 0, 0.3085927348938821]}