{"episode_id": "52348", "start_position": [-3.5892562866210938, 0.0701034814119339, 1.6887884140014648], "start_rotation": [0, 0.4581240708905451, 0, -0.8888882582589753]}