{"episode_id": "27529", "start_position": [-17.767675399780273, 0.19700729846954346, -1.5787341594696045], "start_rotation": [0, 0.8967231748792402, 0, -0.44259185220075553]}