{"episode_id": "33604", "start_position": [-11.404279708862305, 0.14340753853321075, -0.9211496114730835], "start_rotation": [0, 0.9707130834646428, 0, -0.24024177320059348]}