{"episode_id": "43208", "start_position": [3.827345609664917, 0.16646166145801544, -2.625156879425049], "start_rotation": [0, 0.06384123328268221, 0, 0.9979600678047925]}