{"episode_id": "19726", "start_position": [-1.3249354362487793, 0.16646166145801544, -2.6299116611480713], "start_rotation": [0, 0.3941108957147714, 0, 0.919062893320637]}