{"episode_id": "47581", "start_position": [1.7970099449157715, 0.1658194363117218, -1.79340660572052], "start_rotation": [0, 0.48993395000056433, 0, -0.87175955666505]}