{"episode_id": "13575", "start_position": [-1.0840034484863281, 0.1662864238023758, -1.665539026260376], "start_rotation": [0, 0.7113255812252964, 0, -0.7028626590554475]}