{"episode_id": "15510", "start_position": [-0.775767982006073, 0.1751515418291092, -2.7015061378479004], "start_rotation": [0, 0.963118018126753, 0, 0.26907932503184895]}