{"episode_id": "38965", "start_position": [-3.7156734466552734, 0.13072557747364044, -3.542400360107422], "start_rotation": [0, 0.9073609163321541, 0, -0.4203524325050036]}