{"episode_id": "48030", "start_position": [1.2435903549194336, 0.1719042807817459, -6.486410140991211], "start_rotation": [0, 0.9893214931847629, 0, -0.14574972769330022]}