{"episode_id": "3680", "start_position": [-0.0661785751581192, 0.15289896726608276, -0.22632670402526855], "start_rotation": [0, 0.8912338539244906, 0, 0.4535440635912896]}