{"episode_id": "43481", "start_position": [-1.7006278038024902, 0.14657917618751526, 11.250925064086914], "start_rotation": [0, 0.12579220456665316, 0, 0.9920566119281002]}