{"episode_id": "42277", "start_position": [-2.1324658393859863, 0.15964920818805695, 2.6707663536071777], "start_rotation": [0, 0.8481790207284612, 0, -0.5297096835023017]}