{"episode_id": "36164", "start_position": [6.68916130065918, 0.15289896726608276, -2.4783148765563965], "start_rotation": [0, 0.5165376042846576, 0, -0.8562645054887341]}