{"episode_id": "17655", "start_position": [1.908360481262207, 0.18360306322574615, -2.0683677196502686], "start_rotation": [0, 0.9991542687581866, 0, -0.041118696748478824]}