{"episode_id": "8487", "start_position": [-1.6632250547409058, 0.1649409383535385, -0.7404955625534058], "start_rotation": [0, 0.714147355488326, 0, -0.6999953961627395]}