{"episode_id": "35680", "start_position": [-6.6572370529174805, 0.17923279106616974, 5.998935222625732], "start_rotation": [0, 0.540139270420043, 0, -0.8415756463622885]}