{"episode_id": "6092", "start_position": [-12.811162948608398, 0.10064725577831268, -0.5688237547874451], "start_rotation": [0, 0.9888360489547037, 0, 0.14900761150911318]}