{"episode_id": "17076", "start_position": [-1.9266383647918701, 2.365107297897339, -5.254767894744873], "start_rotation": [0, 0.1349898492689701, 0, -0.9908469814226315]}