{"episode_id": "66632", "start_position": [-1.120392084121704, 0.0701034814119339, 3.4820666313171387], "start_rotation": [0, 0.563653620170473, 0, -0.8260112568656193]}