{"episode_id": "6776", "start_position": [1.0689688920974731, 0.14570780098438263, -0.6104481816291809], "start_rotation": [0, 0.16612378469228994, 0, 0.9861049072788908]}