{"episode_id": "46628", "start_position": [-1.86185884475708, 0.1719042807817459, -1.996262788772583], "start_rotation": [0, 0.6837464746874183, 0, 0.7297196436663382]}