{"episode_id": "47438", "start_position": [7.891729831695557, 0.09678955376148224, -4.531290054321289], "start_rotation": [0, 0.9904338088610138, 0, 0.13798865991473575]}