{"episode_id": "15901", "start_position": [-2.357539176940918, 0.10841822624206543, -9.51382827758789], "start_rotation": [0, 0.9352814535934949, 0, 0.35390479307864603]}