{"episode_id": "52620", "start_position": [-2.3407859802246094, 0.1662864238023758, -1.6612296104431152], "start_rotation": [0, 0.6931676521143179, 0, 0.7207763911660287]}