{"episode_id": "21591", "start_position": [-4.176843643188477, 0.2413744479417801, -2.8021340370178223], "start_rotation": [0, 0.9137214988095766, 0, 0.40634101763565644]}