{"episode_id": "10444", "start_position": [-4.837552547454834, 0.1005861759185791, 0.5689263343811035], "start_rotation": [0, 0.0067332778726650454, 0, -0.9999773312276081]}