{"episode_id": "9021", "start_position": [-3.6407272815704346, 2.7005860805511475, -0.49289754033088684], "start_rotation": [0, 0.7339249761428428, 0, 0.6792305421531982]}