{"episode_id": "60965", "start_position": [4.721872329711914, 0.23173341155052185, 3.8749172687530518], "start_rotation": [0, 0.5408233709222744, 0, -0.8411361848501513]}