{"episode_id": "26696", "start_position": [-4.259463787078857, -2.8915817737579346, -0.9968048930168152], "start_rotation": [0, 0.19831420158778174, 0, 0.98013849911561]}