{"episode_id": "52793", "start_position": [0.7649390697479248, 0.11516054719686508, 5.084756374359131], "start_rotation": [0, 0.5008485405850936, 0, 0.8655349440627927]}