{"episode_id": "51991", "start_position": [-0.08993050456047058, 0.10841822624206543, -5.780465126037598], "start_rotation": [0, 0.23802353246546548, 0, -0.971259387595642]}