{"episode_id": "33073", "start_position": [3.0615127086639404, 0.15289896726608276, 0.11740117520093918], "start_rotation": [0, 0.1559445601307953, 0, 0.9877658093726532]}