{"episode_id": "6268", "start_position": [-1.8310747146606445, 3.108415365219116, 1.7183138132095337], "start_rotation": [0, 0.9764587761579407, 0, -0.2157040993215856]}