{"episode_id": "42115", "start_position": [-9.143238067626953, 0.1672901213169098, 2.225895404815674], "start_rotation": [0, 0.23101396536634794, 0, 0.9729504344033748]}