{"episode_id": "6615", "start_position": [0.3869425356388092, -2.852285146713257, 1.2357438802719116], "start_rotation": [0, 0.8777816283247529, 0, -0.4790609699981259]}