{"episode_id": "68005", "start_position": [-3.0353007316589355, 0.17282123863697052, -1.1541868448257446], "start_rotation": [0, 0.1444365938535637, 0, -0.9895140576848722]}