{"episode_id": "51991", "start_position": [3.6665332317352295, 0.1514829844236374, 2.627412796020508], "start_rotation": [0, 0.8788049550146152, 0, -0.4771811511803041]}