{"episode_id": "13011", "start_position": [-9.07037353515625, 0.506331205368042, 4.889097213745117], "start_rotation": [0, 0.1797495006614595, 0, 0.9837124158065486]}