{"episode_id": "55250", "start_position": [-4.224752902984619, 0.037133216857910156, -3.318121910095215], "start_rotation": [0, 0.5487468690645184, 0, -0.8359885607422438]}