{"episode_id": "60695", "start_position": [-3.3933095932006836, 2.7814598083496094, -3.6593174934387207], "start_rotation": [0, 0.33081201914292346, 0, 0.9436966716008816]}