{"episode_id": "29618", "start_position": [-4.6766438484191895, 1.5974199771881104, 4.946447372436523], "start_rotation": [0, 0.6170467672742532, 0, -0.7869264813160081]}