{"episode_id": "39849", "start_position": [-0.014104858040809631, 0.15619195997714996, -0.6428483724594116], "start_rotation": [0, 0.4272786261344925, 0, 0.904120000690517]}