{"episode_id": "38445", "start_position": [-2.601454496383667, 0.09678955376148224, -6.419716835021973], "start_rotation": [0, 0.9573215121413448, 0, 0.2890251241525711]}