{"episode_id": "39988", "start_position": [-0.6081666350364685, 3.0807693004608154, -4.0286054611206055], "start_rotation": [0, 0.8664752312596241, 0, -0.4992200653154688]}