{"episode_id": "2102", "start_position": [0.37301552295684814, 0.1672901213169098, 3.9332849979400635], "start_rotation": [0, 0.7590796922337303, 0, -0.6509977118533868]}