{"episode_id": "65488", "start_position": [4.215361595153809, 0.18321557343006134, -3.480254888534546], "start_rotation": [0, 0.42646267924259457, 0, -0.9045051593071363]}