{"episode_id": "31411", "start_position": [0.6983710527420044, 0.22503304481506348, -13.456775665283203], "start_rotation": [0, 0.5635416058079249, 0, 0.8260876821036768]}