{"episode_id": "21038", "start_position": [-4.607837677001953, 0.1514829844236374, 2.574976921081543], "start_rotation": [0, 0.2664033465618005, 0, 0.9638616378613029]}