{"episode_id": "20264", "start_position": [-6.227413654327393, 3.1651172637939453, -2.2247776985168457], "start_rotation": [0, 0.716204110415242, 0, 0.697890874151763]}