{"episode_id": "29702", "start_position": [-0.5129806995391846, 0.14340916275978088, -0.2902655005455017], "start_rotation": [0, 0.4369636017326766, 0, 0.8994791886201741]}