{"episode_id": "63202", "start_position": [2.8024654388427734, 3.3211450576782227, -2.307344913482666], "start_rotation": [0, 0.5980565681751301, 0, 0.8014538921626034]}