{"episode_id": "35908", "start_position": [-1.723134160041809, 0.1514829844236374, 3.3540334701538086], "start_rotation": [0, 0.9667774742011958, 0, -0.25561947378311445]}