{"episode_id": "24492", "start_position": [-0.22323742508888245, 0.18360306322574615, -0.5954154133796692], "start_rotation": [0, 0.9054642123634862, 0, 0.4244226197188028]}