{"episode_id": "54433", "start_position": [1.351743221282959, 0.14570780098438263, -3.3505337238311768], "start_rotation": [0, 0.999938071294113, 0, -0.01112895217930674]}