{"episode_id": "36561", "start_position": [-1.0017175674438477, 0.18321557343006134, 0.5763623118400574], "start_rotation": [0, 0.6410688809679369, 0, -0.7674833482587861]}