{"episode_id": "1241", "start_position": [-1.531448483467102, 2.7814598083496094, -3.186133861541748], "start_rotation": [0, 0.9422270122549073, 0, -0.3349750100786484]}