{"episode_id": "54924", "start_position": [3.833616256713867, 0.014962434768676758, 5.159925937652588], "start_rotation": [0, 0.19236158717239488, 0, -0.9813241155604591]}