{"episode_id": "67248", "start_position": [-3.163870334625244, 0.17800255119800568, -0.23157626390457153], "start_rotation": [0, 0.9997242653380984, 0, 0.023481765142327343]}