{"episode_id": "51068", "start_position": [-0.5553914904594421, 0.16243858635425568, 1.164320945739746], "start_rotation": [0, 0.5233494576019746, 0, -0.8521181521524577]}