{"episode_id": "27775", "start_position": [-2.681973934173584, 0.18128342926502228, 3.1598424911499023], "start_rotation": [0, 0.9580251977840883, 0, 0.2866840079438655]}