{"episode_id": "26337", "start_position": [-2.9790496826171875, 0.21234184503555298, 0.13779929280281067], "start_rotation": [0, 0.6143009077702511, 0, 0.7890718564951137]}