{"episode_id": "40446", "start_position": [1.7524757385253906, 0.18321557343006134, -5.911642074584961], "start_rotation": [0, 0.14798416292630184, 0, 0.9889897307469889]}