{"episode_id": "43605", "start_position": [-0.8870380520820618, 0.15562696754932404, 2.7264227867126465], "start_rotation": [0, 0.4107908972595985, 0, -0.9117295864063281]}