{"episode_id": "26306", "start_position": [0.20811320841312408, 0.18463699519634247, -0.21786482632160187], "start_rotation": [0, 0.993376024388378, 0, -0.11490898211341301]}