{"episode_id": "2488", "start_position": [-1.8488621711730957, 0.18145985901355743, -4.704803943634033], "start_rotation": [0, 0.8869647259897365, 0, 0.46183717352542286]}