{"episode_id": "52115", "start_position": [-2.1276626586914062, -3.206904888153076, -0.8418184518814087], "start_rotation": [0, 0.9540076566092153, 0, 0.299782239518944]}