{"episode_id": "38865", "start_position": [-1.0676814317703247, 0.032137393951416016, 1.772955060005188], "start_rotation": [0, 0.9772680881591629, 0, -0.21200727314348106]}