{"episode_id": "43104", "start_position": [-2.550692081451416, 0.1430758237838745, -0.430855929851532], "start_rotation": [0, 0.9047332481955445, 0, -0.4259785788153429]}