{"episode_id": "58595", "start_position": [0.3464546203613281, 0.12194900214672089, 1.8694614171981812], "start_rotation": [0, 0.9114909396186973, 0, 0.41132015145507306]}