{"episode_id": "16802", "start_position": [1.5613253116607666, 0.16243858635425568, 0.1286735087633133], "start_rotation": [0, 0.02191189470359791, 0, 0.9997599056125918]}