{"episode_id": "27803", "start_position": [5.568506240844727, 0.18360306322574615, -1.0060334205627441], "start_rotation": [0, 0.4112713696053303, 0, 0.9115129513851988]}