{"episode_id": "64173", "start_position": [-7.783350944519043, 0.10841822624206543, 3.911479949951172], "start_rotation": [0, 0.5631245904752105, 0, -0.8263720079976853]}