{"episode_id": "27035", "start_position": [-4.223824977874756, 0.16646166145801544, 1.9158422946929932], "start_rotation": [0, 0.9571322874223196, 0, -0.28965114253825774]}