{"episode_id": "67158", "start_position": [-4.37465763092041, 0.14340753853321075, 0.31775128841400146], "start_rotation": [0, 0.8951538947140577, 0, -0.4457572262771]}