{"episode_id": "21591", "start_position": [-1.4805362224578857, 0.15964920818805695, 1.8909261226654053], "start_rotation": [0, 0.0633536634267574, 0, 0.9979911389037526]}