{"episode_id": "34552", "start_position": [-1.387049674987793, 0.1719042807817459, -8.46432113647461], "start_rotation": [0, 0.9879483924695663, 0, 0.15478363549419447]}