{"episode_id": "38558", "start_position": [4.15250825881958, 0.22700777649879456, -0.41683313250541687], "start_rotation": [0, 0.8833768222139018, 0, 0.4686634079755625]}