{"episode_id": "55230", "start_position": [5.296536922454834, 0.18360306322574615, -2.4402363300323486], "start_rotation": [0, 0.32974970084189803, 0, -0.9440683951889708]}