{"episode_id": "51490", "start_position": [-4.397239685058594, 0.1649409383535385, 1.1588459014892578], "start_rotation": [0, 0.8658660471049893, 0, -0.5002759123431594]}