{"episode_id": "36857", "start_position": [-0.046004366129636765, 2.365107297897339, -9.697009086608887], "start_rotation": [0, 0.595201938178315, 0, -0.8035761648958842]}