{"episode_id": "52472", "start_position": [-2.2156741619110107, 0.16243858635425568, 1.4579474925994873], "start_rotation": [0, 0.3686263984798359, 0, -0.9295776343822958]}