{"episode_id": "18356", "start_position": [0.09177607297897339, 0.14340916275978088, 1.286044716835022], "start_rotation": [0, 0.9980753015086204, 0, -0.06201364784042591]}