{"episode_id": "40217", "start_position": [-8.337869644165039, 0.08356514573097229, -5.6121110916137695], "start_rotation": [0, 0.02474403534365097, 0, 0.999693819484202]}