{"episode_id": "37646", "start_position": [-6.02972936630249, 0.16511733829975128, -2.0060858726501465], "start_rotation": [0, 0.32575536269766026, 0, -0.9454540939007646]}