{"episode_id": "18423", "start_position": [-0.38183584809303284, 0.22503304481506348, -12.113306045532227], "start_rotation": [0, 0.8263712405839221, 0, -0.5631257166350953]}