{"episode_id": "35538", "start_position": [0.10068880021572113, 0.16243858635425568, 2.284019708633423], "start_rotation": [0, 0.9801405331238859, 0, -0.19830414853861392]}