{"episode_id": "35872", "start_position": [-1.414337396621704, 0.16243858635425568, -1.9757884740829468], "start_rotation": [0, 0.6042828827319808, 0, 0.796769852364613]}