{"episode_id": "49274", "start_position": [2.4342527389526367, 0.044724658131599426, 2.9275949001312256], "start_rotation": [0, 0.43187871758916907, 0, -0.9019316899264238]}