{"episode_id": "31836", "start_position": [2.332955837249756, 3.0807693004608154, -13.454985618591309], "start_rotation": [0, 0.952160243505447, 0, 0.3055991994224589]}