{"episode_id": "49118", "start_position": [1.0099191665649414, 0.15751183032989502, -2.6477162837982178], "start_rotation": [0, 0.7631039670632236, 0, 0.6462757425838994]}