{"episode_id": "20243", "start_position": [-3.636617660522461, 0.17800255119800568, -3.7118139266967773], "start_rotation": [0, 0.9809900459706656, 0, -0.19405805756646977]}