{"episode_id": "68159", "start_position": [-0.0757220983505249, 0.15562696754932404, -1.5643669366836548], "start_rotation": [0, 0.6264601282176988, 0, 0.7794534673432818]}