{"episode_id": "63202", "start_position": [3.6738266944885254, 0.16646166145801544, 0.6477850675582886], "start_rotation": [0, 0.9636780524480643, 0, -0.2670666793703511]}