{"episode_id": "38508", "start_position": [-5.366551399230957, 0.1514829844236374, -0.20867417752742767], "start_rotation": [0, 0.9163211172269987, 0, -0.40044426593954974]}