{"episode_id": "52903", "start_position": [-6.529077529907227, 0.4601173400878906, -1.9231663942337036], "start_rotation": [0, 0.9854294394133558, 0, 0.1700847434001044]}