{"episode_id": "57323", "start_position": [-2.4998931884765625, -3.206904888153076, 0.2882581651210785], "start_rotation": [0, 0.01428218724780285, 0, -0.9998980043621543]}