{"episode_id": "23369", "start_position": [3.2107937335968018, 0.1887628585100174, 2.884005069732666], "start_rotation": [0, 0.1830061931870015, 0, -0.9831117603076478]}