{"episode_id": "55230", "start_position": [0.660005509853363, 0.14657917618751526, 14.130388259887695], "start_rotation": [0, 0.9963981685790683, 0, 0.08479793424535007]}