{"episode_id": "68137", "start_position": [-2.727069139480591, 0.14340916275978088, -9.555140495300293], "start_rotation": [0, 0.6396777698882958, 0, 0.7686431881638817]}