{"episode_id": "18351", "start_position": [1.9409042596817017, 0.14570780098438263, -1.9134376049041748], "start_rotation": [0, 0.03569377892226149, 0, -0.9993627740446653]}