{"episode_id": "42935", "start_position": [-3.0098915100097656, 0.17000891268253326, 0.04453625530004501], "start_rotation": [0, 0.9997058621345232, 0, 0.024252612516383002]}