{"episode_id": "63910", "start_position": [-0.8325751423835754, 0.14340916275978088, 0.8725539445877075], "start_rotation": [0, 0.163254896198543, 0, -0.9865839238844322]}