{"episode_id": "41669", "start_position": [5.016873359680176, -2.943950891494751, 0.23783841729164124], "start_rotation": [0, 0.40313907710752805, 0, -0.9151387241882459]}