{"episode_id": "46198", "start_position": [-0.03243972361087799, 0.17646045982837677, -4.7205729484558105], "start_rotation": [0, 0.2884756731588652, 0, -0.9574872249777224]}