{"episode_id": "36318", "start_position": [-0.837439239025116, 0.1751515418291092, -0.36232447624206543], "start_rotation": [0, 0.4504627425176348, 0, -0.892795227139735]}