{"episode_id": "62148", "start_position": [-0.8957449197769165, 2.7814598083496094, -0.836740255355835], "start_rotation": [0, 0.6911404792363701, 0, 0.7227204424678471]}