{"episode_id": "5708", "start_position": [5.24946403503418, 0.23213768005371094, -3.9013302326202393], "start_rotation": [0, 0.13251206620054518, 0, -0.9911813922341673]}