{"episode_id": "50195", "start_position": [-0.03882001340389252, 0.17002512514591217, -5.459792613983154], "start_rotation": [0, 0.30226000881589626, 0, -0.9532255174252389]}