{"episode_id": "37354", "start_position": [-3.890428066253662, 0.21489977836608887, 1.792107105255127], "start_rotation": [0, 0.12771878724650507, 0, -0.9918104210907859]}