{"episode_id": "64695", "start_position": [3.209789276123047, 0.24472466111183167, 6.2901763916015625], "start_rotation": [0, 0.5819622709730295, 0, -0.8132157863469659]}