{"episode_id": "2989", "start_position": [-3.051504611968994, 0.17923279106616974, 0.3940640687942505], "start_rotation": [0, 0.602896866448369, 0, -0.7978191326527193]}