{"episode_id": "16104", "start_position": [0.9267187118530273, 0.17800255119800568, -6.822879791259766], "start_rotation": [0, 0.19152581238529334, 0, 0.9814875766866096]}