{"episode_id": "59981", "start_position": [0.46614688634872437, 0.17970331013202667, -1.751526951789856], "start_rotation": [0, 0.9386962159759048, 0, 0.34474543378051803]}