{"episode_id": "30288", "start_position": [-1.4714727401733398, 0.1751515418291092, -2.455232620239258], "start_rotation": [0, 0.08266910109587945, 0, 0.9965770515740362]}