{"episode_id": "42798", "start_position": [-9.96444320678711, 0.14340753853321075, -1.806169867515564], "start_rotation": [0, 0.18742244068786731, 0, 0.9822794046128641]}