{"episode_id": "31279", "start_position": [-0.32332539558410645, 3.1651172637939453, -0.6361421942710876], "start_rotation": [0, 0.5292290689048373, 0, -0.8484789877340033]}