{"episode_id": "56470", "start_position": [-2.7377114295959473, 0.12114477157592773, -7.480373382568359], "start_rotation": [0, 0.8045774233143259, 0, 0.5938477665975347]}