{"episode_id": "12770", "start_position": [2.041379690170288, 0.14570780098438263, -1.9667062759399414], "start_rotation": [0, 0.9989927548711928, 0, -0.044871769687241575]}