{"episode_id": "30644", "start_position": [8.051862716674805, 0.14657917618751526, 12.496391296386719], "start_rotation": [0, 0.12143680333778703, 0, 0.9925991652198282]}