{"episode_id": "13697", "start_position": [1.1961137056350708, 0.1887628585100174, 1.6234462261199951], "start_rotation": [0, 0.4296357862813754, 0, -0.9030022653052341]}