{"episode_id": "5583", "start_position": [-8.022645950317383, 0.15165157616138458, 5.7725019454956055], "start_rotation": [0, 0.9976347872396437, 0, 0.0687374082236946]}