{"episode_id": "31753", "start_position": [-8.000312805175781, -3.0069048404693604, 0.3945450186729431], "start_rotation": [0, 0.8858166327797647, 0, 0.46403544378713074]}