{"episode_id": "13319", "start_position": [2.323737621307373, 3.3211450576782227, -0.026897981762886047], "start_rotation": [0, 0.9725913557511517, 0, -0.23252108445931652]}