{"episode_id": "40323", "start_position": [5.664283752441406, 0.17646045982837677, -0.6293743252754211], "start_rotation": [0, 0.9434282470913081, 0, 0.3315767521860085]}