{"episode_id": "306", "start_position": [0.5028213858604431, 0.16243858635425568, 0.8248127698898315], "start_rotation": [0, 0.9367608192180259, 0, -0.3499702381317202]}