{"episode_id": "42072", "start_position": [2.2860498428344727, 0.1005861759185791, -2.4986155033111572], "start_rotation": [0, 0.2831671959228878, 0, 0.9590705600492431]}