{"episode_id": "53216", "start_position": [0.08407855778932571, 0.17800255119800568, -5.568667888641357], "start_rotation": [0, 0.1211120149013568, 0, -0.9926388466338266]}