{"episode_id": "21178", "start_position": [1.5286543369293213, 0.17002512514591217, -4.195847988128662], "start_rotation": [0, 0.8661751757163968, 0, 0.49974049763118966]}