{"episode_id": "8637", "start_position": [3.62790584564209, 0.12114477157592773, 0.804779052734375], "start_rotation": [0, 0.5369945843402653, 0, -0.8435856900097498]}