{"episode_id": "24951", "start_position": [0.2769986391067505, 0.12661336362361908, -0.5581172704696655], "start_rotation": [0, 0.9981291190222199, 0, -0.0611413261217585]}