{"episode_id": "38904", "start_position": [-2.206787586212158, 0.16243858635425568, 1.4388372898101807], "start_rotation": [0, 0.7042421278971647, 0, -0.7099598758344541]}