{"episode_id": "17411", "start_position": [-2.4570178985595703, 3.1434075832366943, 0.39242660999298096], "start_rotation": [0, 0.21532436815991998, 0, 0.976542583032881]}