{"episode_id": "8413", "start_position": [-3.9520089626312256, 0.16646166145801544, 1.5586340427398682], "start_rotation": [0, 0.4590756867984504, 0, 0.888397159940604]}