{"episode_id": "57525", "start_position": [-4.199840545654297, 0.0912613496184349, 5.718950271606445], "start_rotation": [0, 0.9308745848761728, 0, 0.36533889367491784]}