{"episode_id": "44867", "start_position": [-1.4698294401168823, 0.073152557015419, -6.174801349639893], "start_rotation": [0, 0.9999933626756453, 0, -0.0036434330864228825]}