{"episode_id": "20927", "start_position": [-3.6362409591674805, 0.14340753853321075, -1.4392094612121582], "start_rotation": [0, 0.6101397342514902, 0, -0.7922938247187851]}