{"episode_id": "13783", "start_position": [0.24993249773979187, 0.14340916275978088, -0.13636432588100433], "start_rotation": [0, 0.10575698713520977, 0, 0.9943920050322624]}