{"episode_id": "24462", "start_position": [-1.8154313564300537, 0.16646166145801544, -0.04200023412704468], "start_rotation": [0, 0.6846875583233152, 0, -0.7288367083766135]}