{"episode_id": "3596", "start_position": [5.970642566680908, 0.09678955376148224, 0.020587731152772903], "start_rotation": [0, 0.8170869934644722, 0, -0.5765143928048887]}