{"episode_id": "67548", "start_position": [9.927520751953125, 0.19309520721435547, -1.5404170751571655], "start_rotation": [0, 0.9979779340556928, 0, 0.06356133367017414]}