{"episode_id": "32933", "start_position": [-4.014668941497803, 0.17635054886341095, 1.3529013395309448], "start_rotation": [0, 0.20478603639156573, 0, 0.9788067630022957]}