{"episode_id": "16173", "start_position": [-6.585129737854004, 0.044724658131599426, 4.648837566375732], "start_rotation": [0, 0.9309135839849858, 0, 0.3652395092979793]}