{"episode_id": "27221", "start_position": [1.5222008228302002, 0.18321557343006134, -2.8800642490386963], "start_rotation": [0, 0.18844755290961623, 0, -0.9820832550259563]}