{"episode_id": "42670", "start_position": [-7.077008247375488, 0.044724658131599426, 5.9535369873046875], "start_rotation": [0, 0.7061531716143424, 0, -0.708059106444515]}