{"episode_id": "22237", "start_position": [-0.7570659518241882, 0.1514829844236374, -0.17903859913349152], "start_rotation": [0, 0.9377643258816717, 0, 0.3472723270053257]}