{"episode_id": "28203", "start_position": [-8.040045738220215, 0.002424970269203186, -1.5637807846069336], "start_rotation": [0, 0.4206650355876341, 0, -0.9072160315129217]}