{"episode_id": "9202", "start_position": [2.121323347091675, 0.16646166145801544, -2.154297113418579], "start_rotation": [0, 0.9672473450820485, 0, 0.25383572134695453]}