{"episode_id": "43363", "start_position": [-1.4387375116348267, 0.1751515418291092, 2.596963882446289], "start_rotation": [0, 0.07133441756961974, 0, 0.9974524554433676]}