{"episode_id": "56639", "start_position": [-3.1796865463256836, 0.16646166145801544, 0.7098909616470337], "start_rotation": [0, 0.7502024128884448, 0, 0.6612082423082424]}