{"episode_id": "30473", "start_position": [-9.015405654907227, 0.17000891268253326, 0.9462885856628418], "start_rotation": [0, 0.8005685434368874, 0, -0.5992411928925953]}