{"episode_id": "24689", "start_position": [1.6450223922729492, 0.025033235549926758, -2.5629496574401855], "start_rotation": [0, 0.6069673902405652, 0, -0.7947267374290092]}