{"episode_id": "54924", "start_position": [-8.394340515136719, -2.8915817737579346, -3.294898748397827], "start_rotation": [0, 0.9743142158663495, 0, 0.22519282573106228]}