{"episode_id": "51859", "start_position": [-2.3602681159973145, 0.16243858635425568, 1.3837476968765259], "start_rotation": [0, 0.48658725995886226, 0, -0.8736319811257636]}