{"episode_id": "60276", "start_position": [-8.898865699768066, 0.17702746391296387, 4.453803539276123], "start_rotation": [0, 0.7994935607844248, 0, -0.6006746592492822]}