{"episode_id": "44841", "start_position": [13.3319673538208, 0.19309520721435547, 0.638008713722229], "start_rotation": [0, 0.7003526615206908, 0, -0.7137969946006251]}