{"episode_id": "46240", "start_position": [-6.81563663482666, 0.03514885902404785, 3.7963571548461914], "start_rotation": [0, 0.6361382824529107, 0, -0.7715750680250502]}