{"episode_id": "48698", "start_position": [-6.799572944641113, 0.044724658131599426, 3.3605127334594727], "start_rotation": [0, 0.1293402714226349, 0, -0.9916002693567197]}