{"episode_id": "807", "start_position": [-9.468583106994629, 0.11509490013122559, 0.22799432277679443], "start_rotation": [0, 0.2380303950639221, 0, -0.9712577057741746]}