{"episode_id": "11437", "start_position": [0.7443279027938843, 0.18360306322574615, -5.883386611938477], "start_rotation": [0, 0.8035156011001836, 0, 0.5952836960547556]}