{"episode_id": "42115", "start_position": [-1.2934294939041138, 0.17002512514591217, 0.27520686388015747], "start_rotation": [0, 0.5257910407879802, 0, -0.8506137674803368]}