{"episode_id": "42277", "start_position": [-4.0908589363098145, 0.14340753853321075, 1.2026517391204834], "start_rotation": [0, 0.43958231409463044, 0, -0.8982023096915358]}