{"episode_id": "11463", "start_position": [1.0791082382202148, 0.14340916275978088, 0.23343515396118164], "start_rotation": [0, 0.21678891615964876, 0, 0.9762185031181927]}