{"episode_id": "51736", "start_position": [-5.405348777770996, 0.5395938754081726, 1.2674885988235474], "start_rotation": [0, 0.9821043326121603, 0, -0.1883376751062385]}