{"episode_id": "24483", "start_position": [0.8740683794021606, 0.12194900214672089, 1.4486911296844482], "start_rotation": [0, 0.8532629501881227, 0, -0.5214809084101366]}