{"episode_id": "26009", "start_position": [-3.4541869163513184, 0.15562696754932404, 2.156308174133301], "start_rotation": [0, 0.8727560270400886, 0, -0.488156652382409]}