{"episode_id": "46741", "start_position": [0.9611313343048096, 0.12194900214672089, 1.1325682401657104], "start_rotation": [0, 0.743292163443106, 0, 0.6689669347315059]}