{"episode_id": "40323", "start_position": [-4.823258399963379, 0.16646166145801544, -2.0626063346862793], "start_rotation": [0, 0.5683157864617719, 0, -0.8228105291367738]}