{"episode_id": "16051", "start_position": [4.626230239868164, 0.15289896726608276, -1.7585818767547607], "start_rotation": [0, 0.8352980541158265, 0, -0.5497973815782629]}