{"episode_id": "47963", "start_position": [2.278249740600586, -1.002579927444458, 6.793503761291504], "start_rotation": [0, 0.9610323229362859, 0, 0.27643602202261247]}