{"episode_id": "6502", "start_position": [-3.8789639472961426, 0.28689995408058167, -0.47584086656570435], "start_rotation": [0, 0.4752640044008828, 0, -0.8798432395153342]}