{"episode_id": "49796", "start_position": [-8.6350736618042, 0.15165157616138458, 7.051867485046387], "start_rotation": [0, 0.03689743344922635, 0, 0.9993190578613318]}