{"episode_id": "35492", "start_position": [-0.9283466935157776, 0.1672901213169098, -0.3394249677658081], "start_rotation": [0, 0.5344757204051301, 0, 0.8451838287008437]}