{"episode_id": "7626", "start_position": [-6.653404235839844, 0.12324567139148712, -3.2477777004241943], "start_rotation": [0, 0.9466666826665738, 0, 0.32221451228810977]}