{"episode_id": "13502", "start_position": [-4.126548767089844, 0.14340753853321075, -1.0750796794891357], "start_rotation": [0, 0.8780409273728838, 0, -0.4785855512425823]}