{"episode_id": "50828", "start_position": [-2.376516580581665, 0.044724658131599426, 8.45452880859375], "start_rotation": [0, 0.7733957089467458, 0, -0.6339235579963568]}