{"episode_id": "40678", "start_position": [-2.907393455505371, 0.2992745637893677, 5.862626552581787], "start_rotation": [0, 0.8270375180864863, 0, 0.5621467278899209]}