{"episode_id": "19726", "start_position": [1.0711514949798584, 0.17646045982837677, -5.155085563659668], "start_rotation": [0, 0.9929680656602972, 0, 0.11838251804573112]}