{"episode_id": "61378", "start_position": [-0.40296781063079834, 0.12324567139148712, -3.549959182739258], "start_rotation": [0, 0.7229551420414985, 0, -0.6908949721887957]}