{"episode_id": "747", "start_position": [-4.083183288574219, 0.08356514573097229, -7.7867536544799805], "start_rotation": [0, 0.9999993792225096, 0, 0.0011142506879170274]}