{"episode_id": "52793", "start_position": [-3.715745210647583, 0.09678955376148224, -4.633346080780029], "start_rotation": [0, 0.9679673628518224, 0, 0.25107605312671366]}