{"episode_id": "43326", "start_position": [0.8763889074325562, 0.16243858635425568, 1.2845637798309326], "start_rotation": [0, 0.9850824667042185, 0, 0.17208292707858092]}