{"episode_id": "43089", "start_position": [-3.7448997497558594, 0.16950266063213348, -2.5653064250946045], "start_rotation": [0, 0.7002067385412685, 0, -0.7139401398586577]}