{"episode_id": "4034", "start_position": [-0.8161439895629883, 0.17923279106616974, 0.23189394176006317], "start_rotation": [0, 0.7974970459626071, 0, 0.6033228502890599]}