{"episode_id": "68258", "start_position": [-5.617414474487305, 3.400176525115967, -1.0162266492843628], "start_rotation": [0, 0.3369736365268979, 0, 0.9415140828929953]}