{"episode_id": "16055", "start_position": [-8.678645133972168, 3.1434075832366943, 2.4532759189605713], "start_rotation": [0, 0.850247127727915, 0, -0.5263837210537866]}