{"episode_id": "28312", "start_position": [6.782129287719727, 0.15289896726608276, -0.3409210741519928], "start_rotation": [0, 0.4331998088398355, 0, -0.901297911692427]}