{"episode_id": "43314", "start_position": [2.3937571048736572, 0.021137923002243042, 5.191797733306885], "start_rotation": [0, 0.9330173701184044, 0, -0.3598313314003333]}