{"episode_id": "51688", "start_position": [2.442767858505249, 0.15562696754932404, 3.3465778827667236], "start_rotation": [0, 0.9928055457603423, 0, -0.11973783156341516]}