{"episode_id": "1292", "start_position": [0.8773199319839478, 0.12194900214672089, 1.8587145805358887], "start_rotation": [0, 0.6584739761224494, 0, 0.7526034963840468]}