{"episode_id": "8800", "start_position": [-3.0793213844299316, 0.17000891268253326, -2.0790634155273438], "start_rotation": [0, 0.07753919937467967, 0, -0.9969893041353722]}