{"episode_id": "44789", "start_position": [1.476233720779419, 0.18321557343006134, -7.834592342376709], "start_rotation": [0, 0.8896023821040953, 0, 0.4567358117716622]}