{"episode_id": "50934", "start_position": [-9.053628921508789, 0.21688814461231232, -3.4467718601226807], "start_rotation": [0, 0.8503187849449957, 0, 0.5262679583345979]}