{"episode_id": "18356", "start_position": [-1.1425914764404297, 0.17949719727039337, -0.9829370379447937], "start_rotation": [0, 0.0018737552903863558, 0, 0.999998244519015]}