{"episode_id": "68049", "start_position": [2.06054425239563, 0.17002512514591217, -1.9813807010650635], "start_rotation": [0, 0.9724846090948366, 0, 0.23296713303310168]}