{"episode_id": "52476", "start_position": [4.690066814422607, 0.19789406657218933, -0.003953985869884491], "start_rotation": [0, 0.682886580751856, 0, 0.7305244128905198]}