{"episode_id": "7440", "start_position": [-2.8613429069519043, 0.14657917618751526, 14.3645601272583], "start_rotation": [0, 0.5547669915619782, 0, 0.8320057602404397]}