{"episode_id": "33930", "start_position": [-2.080775022506714, 0.1751515418291092, -2.19966721534729], "start_rotation": [0, 0.028761720186769053, 0, -0.9995862961505114]}