{"episode_id": "54611", "start_position": [2.253884792327881, 0.1887628585100174, 1.360153317451477], "start_rotation": [0, 0.5496083373053992, 0, -0.8354224533518324]}