{"episode_id": "729", "start_position": [0.7408676147460938, 0.08356514573097229, -13.927912712097168], "start_rotation": [0, 0.436757409645014, 0, 0.8995793267523312]}