{"episode_id": "22065", "start_position": [-3.4553585052490234, 0.03514885902404785, 2.050280809402466], "start_rotation": [0, 0.7284997308579364, 0, 0.685046087602808]}