{"episode_id": "15687", "start_position": [-1.5260934829711914, 2.7145578861236572, -2.157893419265747], "start_rotation": [0, 0.9095096314643198, 0, 0.4156828481831276]}