{"episode_id": "19182", "start_position": [-4.581765651702881, 0.15165157616138458, 6.467381477355957], "start_rotation": [0, 0.9995336459610408, 0, 0.030536708922685292]}