{"episode_id": "20928", "start_position": [-0.5856075882911682, -2.8849050998687744, 2.9199047088623047], "start_rotation": [0, 0.10147513664302882, 0, 0.9948380755898312]}