{"episode_id": "45459", "start_position": [1.5209112167358398, 3.683565139770508, -7.4810333251953125], "start_rotation": [0, 0.38613366483506173, 0, -0.9224428398990607]}