{"episode_id": "23746", "start_position": [0.16086167097091675, 0.12324567139148712, 0.4349823594093323], "start_rotation": [0, 0.6963201184665226, 0, 0.7177313512859584]}