{"episode_id": "34733", "start_position": [1.5260565280914307, 0.15964920818805695, 4.3192644119262695], "start_rotation": [0, 0.385172869692119, 0, -0.9228444400077068]}