{"episode_id": "52440", "start_position": [4.38936710357666, 0.16646166145801544, 0.6325628757476807], "start_rotation": [0, 0.3353637583470352, 0, -0.9420887164101646]}