{"episode_id": "36239", "start_position": [3.211198091506958, 0.1514829844236374, 0.9371305704116821], "start_rotation": [0, 0.9059563165953971, 0, -0.42337117570862165]}