{"episode_id": "10137", "start_position": [4.904417514801025, 0.18360306322574615, -1.1400902271270752], "start_rotation": [0, 0.9321918568309311, 0, 0.3619645591188464]}