{"episode_id": "30187", "start_position": [-7.378554821014404, 3.683565139770508, -2.0012216567993164], "start_rotation": [0, 0.994786493256226, 0, 0.1019795706746241]}