{"episode_id": "60130", "start_position": [8.108875274658203, 0.19309520721435547, -0.8668559193611145], "start_rotation": [0, 0.9758838506579971, 0, -0.2182904258663671]}