{"episode_id": "31137", "start_position": [-5.028928756713867, 1.5974199771881104, 2.887524127960205], "start_rotation": [0, 0.879895248879285, 0, 0.4751677082879907]}