{"episode_id": "16919", "start_position": [-9.933658599853516, 0.03310127556324005, -8.858817100524902], "start_rotation": [0, 0.9963942109573359, 0, -0.08484442451161979]}