{"episode_id": "41510", "start_position": [-9.271714210510254, 0.14340753853321075, -1.6106799840927124], "start_rotation": [0, 0.019106152972863746, 0, -0.9998174607990088]}