{"episode_id": "16104", "start_position": [0.6948705911636353, 0.14340916275978088, -4.056095600128174], "start_rotation": [0, 0.9340877979511463, 0, -0.3570433947278377]}