{"episode_id": "49377", "start_position": [2.8977131843566895, 0.23514866828918457, 3.942409038543701], "start_rotation": [0, 0.9418262486557165, 0, -0.336100159689192]}