{"episode_id": "52749", "start_position": [-1.3818892240524292, 0.18321557343006134, -5.445840835571289], "start_rotation": [0, 0.9618703869181153, 0, 0.2735056832499008]}