{"episode_id": "13382", "start_position": [0.7881091833114624, 0.15562696754932404, -0.7046215534210205], "start_rotation": [0, 0.15227126032250898, 0, 0.9883387391374451]}