{"episode_id": "11253", "start_position": [9.650703430175781, 0.14657917618751526, 9.663171768188477], "start_rotation": [0, 0.9509676583815887, 0, -0.30929033724356475]}