{"episode_id": "51373", "start_position": [-3.907228946685791, 0.18128342926502228, 3.466379404067993], "start_rotation": [0, 0.12633635208560948, 0, 0.9919874626938089]}