{"episode_id": "66780", "start_position": [-0.17288875579833984, 0.17282123863697052, -7.217220306396484], "start_rotation": [0, 0.9195724254220867, 0, 0.3929205446440041]}