{"episode_id": "56226", "start_position": [0.7894784212112427, 0.1887628585100174, 3.470717430114746], "start_rotation": [0, 0.3123564168003163, 0, -0.9499649829776186]}