{"episode_id": "48720", "start_position": [-1.8251073360443115, 0.1005861759185791, -2.40224027633667], "start_rotation": [0, 0.9896019506197412, 0, 0.14383316491547846]}