{"episode_id": "40626", "start_position": [0.6396523118019104, 0.17002512514591217, -3.099977970123291], "start_rotation": [0, 0.9674883596978188, 0, -0.2529155468713301]}