{"episode_id": "67659", "start_position": [1.4020843505859375, 0.14570780098438263, -1.5048085451126099], "start_rotation": [0, 0.8566136510340906, 0, 0.5159583828779656]}