{"episode_id": "37273", "start_position": [-3.416304111480713, 0.17282123863697052, -3.5705201625823975], "start_rotation": [0, 0.9952857404325981, 0, -0.09698605513956601]}