{"episode_id": "51688", "start_position": [-5.505856037139893, 0.1672901213169098, 0.2717694938182831], "start_rotation": [0, 0.38605550884490686, 0, 0.9224755520286161]}