{"episode_id": "4317", "start_position": [-5.971654891967773, 0.1514829844236374, -0.012251615524291992], "start_rotation": [0, 0.92783023200195, 0, -0.3730027621656541]}