{"episode_id": "22490", "start_position": [-0.16773667931556702, 0.17702746391296387, 1.3115426301956177], "start_rotation": [0, 0.03707684731580951, 0, 0.9993124173115834]}