{"episode_id": "36244", "start_position": [5.813201904296875, 0.09678955376148224, -6.122476577758789], "start_rotation": [0, 0.968359203998204, 0, -0.249560517774677]}