{"episode_id": "63574", "start_position": [6.36505126953125, 0.17646045982837677, -7.336604595184326], "start_rotation": [0, 0.9993575463916035, 0, -0.035839844728376744]}