{"episode_id": "43326", "start_position": [3.3830976486206055, 0.14657917618751526, -0.8292481899261475], "start_rotation": [0, 0.510140466156092, 0, 0.8600911026106741]}