{"episode_id": "8913", "start_position": [-10.967975616455078, -0.0029926300048828125, 0.1769462376832962], "start_rotation": [0, 0.2573179640125331, 0, 0.9663267901680284]}