{"episode_id": "8675", "start_position": [-1.685213565826416, 0.14340916275978088, -9.534854888916016], "start_rotation": [0, 0.2549764079137392, 0, -0.966947274367846]}