{"episode_id": "18020", "start_position": [0.19845381379127502, 0.0978083685040474, 5.446195602416992], "start_rotation": [0, 0.9999195943367133, 0, 0.012680885675008805]}