{"episode_id": "31752", "start_position": [-0.5375183820724487, 0.08076925575733185, -4.181008338928223], "start_rotation": [0, 0.9934652446725009, 0, -0.11413504119159926]}