{"episode_id": "39081", "start_position": [-7.2298126220703125, -2.511791467666626, 5.273244380950928], "start_rotation": [0, 0.9968745287317655, 0, -0.07900110104182388]}