{"episode_id": "8913", "start_position": [-3.7330946922302246, 0.14657917618751526, -5.263589859008789], "start_rotation": [0, 0.999922666918727, 0, -0.012436244696066473]}