{"episode_id": "9888", "start_position": [-7.781486988067627, -2.8849050998687744, -0.6122713088989258], "start_rotation": [0, 0.7165974989608569, 0, 0.6974869349909321]}