{"episode_id": "37864", "start_position": [1.50673246383667, 0.15562696754932404, 4.384234428405762], "start_rotation": [0, 0.024054714252726803, 0, -0.999710643497517]}