{"episode_id": "57308", "start_position": [2.6787009239196777, 0.18128342926502228, -0.7911204695701599], "start_rotation": [0, 0.9698112603827775, 0, 0.2438567596659326]}