{"episode_id": "63630", "start_position": [1.8175888061523438, 0.19309520721435547, -2.1241140365600586], "start_rotation": [0, 0.26077718853327275, 0, -0.9653990148848723]}