{"episode_id": "2021", "start_position": [-0.9822045564651489, 2.8597400188446045, -2.9422829151153564], "start_rotation": [0, 0.9922059887356595, 0, -0.1246084905497714]}