{"episode_id": "67079", "start_position": [-0.5260471105575562, 0.17282123863697052, -3.9120819568634033], "start_rotation": [0, 0.864039336971467, 0, -0.5034242983467402]}