{"episode_id": "42482", "start_position": [-8.027339935302734, 0.11509490013122559, 1.5367794036865234], "start_rotation": [0, 0.9995471009005025, 0, 0.03009307364495632]}