{"episode_id": "13498", "start_position": [-3.123865842819214, 1.5970072746276855, -3.837987184524536], "start_rotation": [0, 0.10281309090207139, 0, 0.9947006928414006]}