{"episode_id": "40013", "start_position": [-8.254266738891602, 0.17923279106616974, 1.606201410293579], "start_rotation": [0, 0.760528031942479, 0, -0.6493050998026272]}