{"episode_id": "64769", "start_position": [-6.619677543640137, 1.5970072746276855, -4.391755104064941], "start_rotation": [0, 0.014769866726676528, 0, 0.9998909195691679]}