{"episode_id": "36972", "start_position": [0.34674936532974243, 0.12194900214672089, 1.9689199924468994], "start_rotation": [0, 0.5246436911045813, 0, -0.8513219117256179]}