{"episode_id": "20950", "start_position": [-4.788525581359863, 0.17800255119800568, -1.2004557847976685], "start_rotation": [0, 0.9994779977006483, 0, -0.03230684311880213]}