{"episode_id": "54257", "start_position": [-4.466225624084473, 0.15964920818805695, 3.9917802810668945], "start_rotation": [0, 0.3081000672323144, 0, -0.9513539554610804]}