{"episode_id": "9717", "start_position": [2.083221673965454, 0.18321557343006134, -8.924774169921875], "start_rotation": [0, 0.9639034423464274, 0, -0.26625204944320596]}