{"episode_id": "61888", "start_position": [1.5160073041915894, 0.12324567139148712, -0.8135542869567871], "start_rotation": [0, 0.25439783121436643, 0, 0.9670996553992907]}