{"episode_id": "68220", "start_position": [-8.127628326416016, 0.17000891268253326, -0.15835663676261902], "start_rotation": [0, 0.9999922959577998, 0, -0.003925305726717513]}