{"episode_id": "53029", "start_position": [-1.2175719738006592, 0.1662864238023758, 0.07922382652759552], "start_rotation": [0, 0.1360219964628153, 0, 0.9907058173233212]}