{"episode_id": "32505", "start_position": [-5.46677303314209, 0.17702746391296387, 7.005561828613281], "start_rotation": [0, 0.9979296381213825, 0, 0.06431514097727453]}