{"episode_id": "50203", "start_position": [-1.627395510673523, 0.12194900214672089, 0.8907806277275085], "start_rotation": [0, 0.5225592788862914, 0, 0.8526029556891291]}