{"episode_id": "41930", "start_position": [-3.8702378273010254, 0.1649409383535385, 0.8356516361236572], "start_rotation": [0, 0.41160441738848, 0, 0.911362608178704]}