{"episode_id": "10172", "start_position": [-6.410446643829346, -2.8915817737579346, -6.156879901885986], "start_rotation": [0, 0.9987641573198053, 0, -0.049700684635719784]}