{"episode_id": "22097", "start_position": [-2.1957085132598877, 0.17000891268253326, -4.325008869171143], "start_rotation": [0, 0.9966656511986892, 0, 0.08159399316550651]}