{"episode_id": "10296", "start_position": [2.501532554626465, 0.15289896726608276, -0.7258445024490356], "start_rotation": [0, 0.8153441955819987, 0, -0.5789765476517538]}