{"episode_id": "51490", "start_position": [-0.23057183623313904, 0.14570780098438263, -1.922640323638916], "start_rotation": [0, 0.7346493881732218, 0, -0.6784469592066213]}