{"episode_id": "23573", "start_position": [-0.5002973079681396, 0.15289896726608276, 1.7855106592178345], "start_rotation": [0, 0.998966154923345, 0, 0.045460106881392875]}