{"episode_id": "56573", "start_position": [4.763624668121338, 0.1887628585100174, 2.2874016761779785], "start_rotation": [0, 0.6430568578745689, 0, -0.7658184364067546]}