{"episode_id": "21091", "start_position": [-4.252638339996338, 0.17635054886341095, -0.5508359670639038], "start_rotation": [0, 0.9072475657007293, 0, 0.42059702154211814]}