{"episode_id": "56271", "start_position": [-2.7467145919799805, 0.1672901213169098, -3.8252668380737305], "start_rotation": [0, 0.9960854417249018, 0, 0.08839566043481598]}