{"episode_id": "7649", "start_position": [-0.5561659336090088, 0.16511733829975128, -0.39757660031318665], "start_rotation": [0, 0.9378584154963067, 0, 0.3470181443134596]}