{"episode_id": "57304", "start_position": [-10.326074600219727, 0.2331012785434723, 2.669332504272461], "start_rotation": [0, 0.11855497374551081, 0, 0.9929474901525263]}