{"episode_id": "26009", "start_position": [1.0111968517303467, 0.17002512514591217, -2.3705787658691406], "start_rotation": [0, 0.9964947200214058, 0, 0.08365568103518153]}