{"episode_id": "36428", "start_position": [-1.678680181503296, 0.1649409383535385, -1.037160038948059], "start_rotation": [0, 0.9116187808202764, 0, 0.4110367361389405]}