{"episode_id": "17792", "start_position": [-3.1994595527648926, 0.1672901213169098, -0.13071003556251526], "start_rotation": [0, 0.9800453453618067, 0, -0.19877404517355163]}