{"episode_id": "35815", "start_position": [-1.779524803161621, 0.12114477157592773, -0.1224915161728859], "start_rotation": [0, 0.9039423243467498, 0, 0.42765438645545933]}