{"episode_id": "20641", "start_position": [3.679680109024048, 0.15289896726608276, 1.9752662181854248], "start_rotation": [0, 0.05741568782028807, 0, 0.9983503587379148]}