{"episode_id": "62006", "start_position": [-8.324338912963867, 0.044724658131599426, 7.632063865661621], "start_rotation": [0, 0.7505494748921524, 0, 0.6608142596366351]}