{"episode_id": "62951", "start_position": [0.35644078254699707, -2.2229726314544678, 8.038276672363281], "start_rotation": [0, 0.6325387272348378, 0, 0.7745287331972465]}