{"episode_id": "30103", "start_position": [1.4945356845855713, 0.18321557343006134, -0.37482768297195435], "start_rotation": [0, 0.12436296802849761, 0, 0.9922367923954155]}