{"episode_id": "56148", "start_position": [0.23390349745750427, 0.17635054886341095, 0.6207475662231445], "start_rotation": [0, 0.1413942948115476, 0, -0.9899533592017076]}