{"episode_id": "59570", "start_position": [-9.545828819274902, -2.8849050998687744, 1.0321345329284668], "start_rotation": [0, 0.5428752566412259, 0, 0.8398133457660237]}