{"episode_id": "32465", "start_position": [-1.388522982597351, 0.1719042807817459, -2.6625030040740967], "start_rotation": [0, 0.5675546793374725, 0, -0.8233357067212248]}