{"episode_id": "65157", "start_position": [2.067018747329712, 3.0807693004608154, -4.374826908111572], "start_rotation": [0, 0.9977889446041233, 0, 0.06646218493090571]}