{"episode_id": "639", "start_position": [-5.209146499633789, 0.14340916275978088, -6.069477081298828], "start_rotation": [0, 0.34862689442815575, 0, 0.9372615902091472]}