{"episode_id": "35269", "start_position": [2.7560884952545166, 0.1662864238023758, -0.12842252850532532], "start_rotation": [0, 0.699399601865063, 0, 0.7147308562745779]}