{"episode_id": "12115", "start_position": [14.084203720092773, 0.19309520721435547, -0.6327927112579346], "start_rotation": [0, 0.03460677059369667, 0, -0.999401006317822]}