{"episode_id": "11161", "start_position": [-0.04530264437198639, 0.14657917618751526, 12.230518341064453], "start_rotation": [0, 0.5150574437553365, 0, 0.8571556624279038]}