{"episode_id": "23325", "start_position": [-0.22144898772239685, 0.12114477157592773, -5.176435470581055], "start_rotation": [0, 0.06257824906825564, 0, -0.9980400606907277]}