{"episode_id": "14766", "start_position": [3.6636695861816406, 0.18321557343006134, -0.3763568103313446], "start_rotation": [0, 0.299675656130535, 0, -0.954041142258935]}