{"episode_id": "10668", "start_position": [2.419741153717041, 0.1887628585100174, 0.6885076761245728], "start_rotation": [0, 0.8318347521118702, 0, -0.5550233735429377]}