{"episode_id": "26096", "start_position": [-7.698342323303223, -2.4110465049743652, 5.152272701263428], "start_rotation": [0, 0.2001028786892292, 0, -0.9797748914624642]}