{"episode_id": "13825", "start_position": [-3.505741596221924, 0.1514829844236374, -0.7136067748069763], "start_rotation": [0, 0.8499882721994929, 0, -0.5268016107827697]}