{"episode_id": "23888", "start_position": [-3.0596792697906494, 0.18964537978172302, 7.486715316772461], "start_rotation": [0, 0.5751274832567297, 0, -0.8180637982472884]}