{"episode_id": "40768", "start_position": [-6.941338539123535, 0.08820843696594238, 4.129305839538574], "start_rotation": [0, 0.7688297342506822, 0, 0.6394535477515355]}