{"episode_id": "55318", "start_position": [-7.313075065612793, -2.943950891494751, 1.8444452285766602], "start_rotation": [0, 0.1147251485734849, 0, -0.9933972721347647]}