{"episode_id": "65067", "start_position": [0.6260423064231873, 0.15964920818805695, 2.6699962615966797], "start_rotation": [0, 0.8915329466135719, 0, -0.4529558533704162]}