{"episode_id": "51650", "start_position": [1.9977531433105469, 0.18463699519634247, 4.4715576171875], "start_rotation": [0, 0.977110162256885, 0, -0.21273394372860205]}