{"episode_id": "14961", "start_position": [4.114505290985107, 0.1887628585100174, 3.0946927070617676], "start_rotation": [0, 0.8123573532891813, 0, -0.5831599528062573]}