{"episode_id": "35977", "start_position": [-3.491450309753418, -0.03270988166332245, 8.943096160888672], "start_rotation": [0, 0.9972529498542716, 0, -0.07407127653114665]}