{"episode_id": "36875", "start_position": [-5.420503616333008, 2.7005860805511475, -2.4031310081481934], "start_rotation": [0, 0.5992659515284982, 0, -0.8005500105169219]}