{"episode_id": "43682", "start_position": [-7.381698131561279, 0.044724658131599426, 5.109515190124512], "start_rotation": [0, 0.8425861692359013, 0, 0.5385615539679461]}