{"episode_id": "22661", "start_position": [-1.3215131759643555, 0.037133216857910156, -5.875387191772461], "start_rotation": [0, 0.8965862800654708, 0, -0.44286910300715393]}