{"episode_id": "62761", "start_position": [-7.064482688903809, -0.03270988166332245, 10.896485328674316], "start_rotation": [0, 0.8011307813682441, 0, -0.5984893241690337]}