{"episode_id": "32933", "start_position": [-5.154111385345459, 0.15562696754932404, 3.8595402240753174], "start_rotation": [0, 0.9807366494446121, 0, 0.19533464730087163]}