{"episode_id": "39054", "start_position": [0.7396486401557922, 0.17002512514591217, -2.9405949115753174], "start_rotation": [0, 0.8875414435885568, 0, 0.46072788705779544]}