{"episode_id": "15835", "start_position": [3.780999183654785, 2.365107297897339, -6.830040454864502], "start_rotation": [0, 0.9988459934726237, 0, -0.04802792233365364]}