{"episode_id": "44878", "start_position": [-3.3665530681610107, 0.17000891268253326, 0.3119155466556549], "start_rotation": [0, 0.7332766073695555, 0, -0.6799304501819248]}