{"episode_id": "42063", "start_position": [-6.160573959350586, 0.17923279106616974, -0.29120099544525146], "start_rotation": [0, 0.20149735068268976, 0, -0.9794890594937021]}