{"episode_id": "13544", "start_position": [10.777739524841309, 0.19309520721435547, -2.8364181518554688], "start_rotation": [0, 0.13639015188676093, 0, 0.9906552005962046]}