{"episode_id": "43366", "start_position": [-0.09666681289672852, 2.7814598083496094, -2.8324782848358154], "start_rotation": [0, 0.9522555632389034, 0, -0.30530205089477996]}