{"episode_id": "6168", "start_position": [1.576334834098816, 0.14570780098438263, -5.895170211791992], "start_rotation": [0, 0.25943489727286434, 0, 0.9657605987391588]}