{"episode_id": "50203", "start_position": [-2.171112537384033, 3.056049346923828, -3.422210693359375], "start_rotation": [0, 0.6920816971472908, 0, -0.7218191771307587]}