{"episode_id": "41180", "start_position": [-3.2160604000091553, 0.17800255119800568, -2.1007578372955322], "start_rotation": [0, 0.07227700940115576, 0, -0.9973845967890347]}