{"episode_id": "41536", "start_position": [2.8629984855651855, 0.1514829844236374, 1.0662767887115479], "start_rotation": [0, 0.6264175726627753, 0, 0.7794876680610647]}