{"episode_id": "13533", "start_position": [-0.9816445708274841, 0.17646045982837677, -6.589748382568359], "start_rotation": [0, 0.9411694487353195, 0, 0.3379350067206042]}