{"episode_id": "11339", "start_position": [-2.687166452407837, 0.04812474548816681, 0.02764108031988144], "start_rotation": [0, 0.7959381064879585, 0, -0.605378006406215]}