{"episode_id": "31047", "start_position": [-0.7555067539215088, 1.662041425704956, -4.34523868560791], "start_rotation": [0, 0.8174703234167428, 0, 0.5759707200309109]}