{"episode_id": "60173", "start_position": [7.550850868225098, 0.05604910850524902, -2.8743855953216553], "start_rotation": [0, 0.9910834969112159, 0, 0.13324226863212713]}