{"episode_id": "9935", "start_position": [-5.92923641204834, 0.17635054886341095, 1.4320260286331177], "start_rotation": [0, 0.701239313298912, 0, 0.7129259607308955]}