{"episode_id": "4437", "start_position": [-8.407759666442871, -2.8915817737579346, -0.9578084945678711], "start_rotation": [0, 0.996315028845561, 0, 0.08576924446716858]}