{"episode_id": "45433", "start_position": [-1.9192156791687012, 0.1514829844236374, -1.9349130392074585], "start_rotation": [0, 0.9271231209096285, 0, 0.37475687942290065]}