{"episode_id": "38445", "start_position": [-7.998384952545166, 0.03514885902404785, 2.6054775714874268], "start_rotation": [0, 0.5675495881924569, 0, 0.8233392162059162]}