{"episode_id": "26364", "start_position": [-3.602405548095703, 0.17000891268253326, -4.963884353637695], "start_rotation": [0, 0.8254421323497801, 0, 0.5644867457627752]}