{"episode_id": "45051", "start_position": [-1.6516661643981934, -0.034892842173576355, -9.45926284790039], "start_rotation": [0, 0.5764113889853619, 0, -0.8171596604385007]}