{"episode_id": "25434", "start_position": [0.7990590333938599, 0.17646045982837677, -4.966437816619873], "start_rotation": [0, 0.9492029268175132, 0, -0.3146645892391876]}