{"episode_id": "25229", "start_position": [-3.8548073768615723, -2.852285146713257, 0.6394795179367065], "start_rotation": [0, 0.22525237204332718, 0, -0.9743004510359494]}