{"episode_id": "20928", "start_position": [5.95318603515625, -2.943950891494751, -2.0203821659088135], "start_rotation": [0, 0.6617744052301764, 0, 0.7497030322616057]}