{"episode_id": "11943", "start_position": [-8.022650718688965, 0.17635054886341095, 0.6919482946395874], "start_rotation": [0, 0.5119084527954387, 0, 0.8590400083561767]}