{"episode_id": "16893", "start_position": [-3.3759379386901855, 0.03310127556324005, -4.371942043304443], "start_rotation": [0, 0.887290514180592, 0, 0.46121095330135053]}