{"episode_id": "51952", "start_position": [-12.066913604736328, 0.19700729846954346, -0.0013225674629211426], "start_rotation": [0, 0.8646867155615131, 0, 0.5023115407109843]}