{"episode_id": "4569", "start_position": [-1.6845074892044067, 0.1649409383535385, -1.5392733812332153], "start_rotation": [0, 0.5251188725248993, 0, -0.8510288888857878]}