{"episode_id": "52988", "start_position": [-0.34816774725914, 0.014962434768676758, 4.939075469970703], "start_rotation": [0, 0.3337064492326829, 0, 0.9426770421202135]}