{"episode_id": "24056", "start_position": [-0.8471498489379883, -6.767862796783447, -2.7026281356811523], "start_rotation": [0, 0.08528777513912922, 0, 0.9963563596484027]}