{"episode_id": "42623", "start_position": [5.584145545959473, 0.18360306322574615, -4.194393157958984], "start_rotation": [0, 0.9921650412161399, 0, -0.12493410658653359]}