{"episode_id": "51180", "start_position": [-6.251381874084473, 0.17000891268253326, -2.7813847064971924], "start_rotation": [0, 0.8485781613945331, 0, -0.5290700369556698]}