{"episode_id": "15669", "start_position": [-2.950244903564453, 0.1672901213169098, 1.5138888359069824], "start_rotation": [0, 0.972888018358646, 0, 0.2312766822102626]}