{"episode_id": "43863", "start_position": [-6.04746150970459, 0.037133216857910156, -3.4288856983184814], "start_rotation": [0, 0.57970797590472, 0, 0.8148243139919503]}