{"episode_id": "58237", "start_position": [-0.9600141048431396, 0.1751515418291092, -2.907150983810425], "start_rotation": [0, 0.3136681867241387, 0, -0.9495326580150842]}