{"episode_id": "23442", "start_position": [3.155149459838867, 2.365107297897339, -8.080672264099121], "start_rotation": [0, 0.3798795499877577, 0, 0.9250359601124156]}