{"episode_id": "39959", "start_position": [1.579635500907898, 0.17002512514591217, -6.1686553955078125], "start_rotation": [0, 0.6255154718259965, 0, -0.7802117626044233]}