{"episode_id": "44769", "start_position": [-1.0306569337844849, -0.9379585385322571, -2.717714548110962], "start_rotation": [0, 0.9862814144813428, 0, -0.1650726247706803]}