{"episode_id": "51080", "start_position": [-0.4910883903503418, 0.15964920818805695, 2.2352328300476074], "start_rotation": [0, 0.8768764476421796, 0, 0.4807158158105803]}