{"episode_id": "46166", "start_position": [-6.561164855957031, 0.17702746391296387, 4.830434799194336], "start_rotation": [0, 0.5479660166545247, 0, 0.836500594495768]}