{"episode_id": "34129", "start_position": [-1.7081776857376099, 0.12114477157592773, -1.8396120071411133], "start_rotation": [0, 0.32968320666243417, 0, 0.9440916180354398]}