{"episode_id": "549", "start_position": [-0.41662174463272095, 0.17282123863697052, -7.117833137512207], "start_rotation": [0, 0.4310007592889239, 0, 0.9023515642433225]}