{"episode_id": "26805", "start_position": [-3.0031447410583496, 0.15289896726608276, -0.41403278708457947], "start_rotation": [0, 0.721073990603127, 0, -0.6928580663279323]}