{"episode_id": "19182", "start_position": [-9.99929428100586, 3.683565139770508, -1.2871367931365967], "start_rotation": [0, 0.8514315818984947, 0, 0.5244656912952715]}