{"episode_id": "52481", "start_position": [-9.668139457702637, 0.17000891268253326, -0.7715398073196411], "start_rotation": [0, 0.31049865760190815, 0, -0.9505738180843258]}