{"episode_id": "17756", "start_position": [-0.2897058427333832, 0.014962434768676758, 8.695940971374512], "start_rotation": [0, 0.969937088420948, 0, -0.24335579817521152]}