{"episode_id": "27467", "start_position": [-9.110139846801758, 0.17923279106616974, 5.525209426879883], "start_rotation": [0, 0.30356985247002133, 0, -0.9528091858663672]}