{"episode_id": "39889", "start_position": [-3.615091323852539, 0.1649409383535385, -0.29913514852523804], "start_rotation": [0, 0.9557456175297878, 0, -0.2941943483016025]}