{"episode_id": "742", "start_position": [5.393310546875, 0.09678955376148224, 1.8949764966964722], "start_rotation": [0, 0.18828396216723586, 0, -0.9821146315937905]}