{"episode_id": "66608", "start_position": [-3.935901641845703, 0.1649409383535385, 1.0240451097488403], "start_rotation": [0, 0.6162444219460436, 0, 0.7875549583491851]}