{"episode_id": "45616", "start_position": [-2.435492992401123, 0.17800255119800568, -1.7101088762283325], "start_rotation": [0, 0.999745197292848, 0, 0.02257300356364488]}