{"episode_id": "4846", "start_position": [6.71058464050293, 0.16646166145801544, 0.08090311288833618], "start_rotation": [0, 0.37182609306598363, 0, -0.9283024057467946]}