{"episode_id": "16106", "start_position": [-3.721853733062744, 3.1651172637939453, -0.6869573593139648], "start_rotation": [0, 0.03877969072815481, 0, 0.9992477848797208]}