{"episode_id": "12899", "start_position": [-4.385828495025635, 0.14340916275978088, -5.782889366149902], "start_rotation": [0, 0.712213469762774, 0, -0.7019629431020346]}