{"episode_id": "30187", "start_position": [-0.002930089831352234, 0.037133216857910156, -5.944342613220215], "start_rotation": [0, 0.6842619418544326, 0, -0.7292363093878425]}