{"episode_id": "18031", "start_position": [-3.791294574737549, 1.5970072746276855, 1.7574182748794556], "start_rotation": [0, 0.12372207101639458, 0, 0.9923169096329127]}