{"episode_id": "20558", "start_position": [0.15513044595718384, 0.032137393951416016, 2.3636560440063477], "start_rotation": [0, 0.952698269221445, 0, -0.3039177649010717]}