{"episode_id": "47559", "start_position": [-3.6238250732421875, 0.12114477157592773, -7.740902900695801], "start_rotation": [0, 0.25351319699393127, 0, 0.9673319280112262]}