{"episode_id": "26544", "start_position": [3.337155342102051, 0.1514829844236374, -2.969116449356079], "start_rotation": [0, 0.936101651445869, 0, 0.35172958101404656]}