{"episode_id": "43748", "start_position": [-1.6229461431503296, 0.16646166145801544, -0.3569319546222687], "start_rotation": [0, 0.9975705620134034, 0, 0.06966328878442571]}