{"episode_id": "4702", "start_position": [-1.8349674940109253, 0.12194900214672089, 0.7257241010665894], "start_rotation": [0, 0.8351842346751801, 0, -0.5499702666054173]}