{"episode_id": "30724", "start_position": [-2.344158172607422, 0.1751515418291092, -0.5614214539527893], "start_rotation": [0, 0.9700348663153908, 0, -0.2429657550612471]}