{"episode_id": "7679", "start_position": [-5.159099578857422, 0.16646166145801544, 1.84061861038208], "start_rotation": [0, 0.9943876744595737, 0, 0.10579769790917488]}