{"episode_id": "51276", "start_position": [-4.084803581237793, 0.1649409383535385, 1.1280834674835205], "start_rotation": [0, 0.9828880295724227, 0, -0.18420402092039212]}