{"episode_id": "4493", "start_position": [-1.2244409322738647, 0.17000891268253326, 0.1432138979434967], "start_rotation": [0, 0.9996478453859717, 0, 0.02653648837326467]}