{"episode_id": "30952", "start_position": [4.549052715301514, 0.16646166145801544, 1.4266009330749512], "start_rotation": [0, 0.09037771330307497, 0, 0.9959075604382703]}