{"episode_id": "47265", "start_position": [-3.012016534805298, 0.03310127556324005, -6.5632805824279785], "start_rotation": [0, 0.19035052832185287, 0, 0.9817161893172545]}