{"episode_id": "29456", "start_position": [1.8594555854797363, 0.025033235549926758, -2.4366421699523926], "start_rotation": [0, 0.9386417099837534, 0, -0.3448938101485373]}