{"episode_id": "3996", "start_position": [-3.539153575897217, 0.581283450126648, 4.785245895385742], "start_rotation": [0, 0.951522909726415, 0, 0.3075778800007842]}