{"episode_id": "59360", "start_position": [-1.661562204360962, 3.3211450576782227, -1.114335536956787], "start_rotation": [0, 0.43187871758916907, 0, -0.9019316899264238]}