{"episode_id": "60078", "start_position": [-5.709515571594238, 0.17702746391296387, 5.652473449707031], "start_rotation": [0, 0.08111036281070363, 0, 0.9967051264264251]}