{"episode_id": "37280", "start_position": [-0.5150403380393982, 0.16646166145801544, -3.3490350246429443], "start_rotation": [0, 0.30778133135008745, 0, 0.9514571204591238]}