{"episode_id": "10857", "start_position": [-3.8333706855773926, 0.1649409383535385, 0.7556491494178772], "start_rotation": [0, 0.02717773860768594, 0, 0.9996306170402006]}