{"episode_id": "6225", "start_position": [-0.663280725479126, 0.037133216857910156, -5.583595275878906], "start_rotation": [0, 0.0830213757054037, 0, -0.9965477666303719]}