{"episode_id": "25103", "start_position": [-1.3167552947998047, 0.1751515418291092, -2.4716312885284424], "start_rotation": [0, 0.9091788721861513, 0, 0.4164057857070648]}