{"episode_id": "34796", "start_position": [1.9678055047988892, 0.16243858635425568, -0.9279616475105286], "start_rotation": [0, 0.7840678898809474, 0, -0.620675071239081]}