{"episode_id": "41262", "start_position": [-7.93937349319458, -2.8069047927856445, 1.5382863283157349], "start_rotation": [0, 0.9969877840073214, 0, -0.07755874251282523]}