{"episode_id": "21680", "start_position": [-8.460899353027344, 0.18720167875289917, 0.7936692237854004], "start_rotation": [0, 0.9601643698172815, 0, 0.2794358297237179]}