{"episode_id": "45380", "start_position": [0.4184648096561432, 0.18463699519634247, 2.4090569019317627], "start_rotation": [0, 0.9367072371674531, 0, -0.35011362703858995]}