{"episode_id": "24161", "start_position": [-1.616677165031433, -1.002579927444458, 1.1954365968704224], "start_rotation": [0, 0.5077928004241566, 0, -0.8614792347105023]}