{"episode_id": "11660", "start_position": [0.36097604036331177, 0.0701034814119339, 0.1321980059146881], "start_rotation": [0, 0.42151383593557684, 0, -0.9068219704632633]}