{"episode_id": "8260", "start_position": [-1.9174613952636719, 0.1662864238023758, -1.4946414232254028], "start_rotation": [0, 0.15960460591220252, 0, -0.9871810217845614]}