{"episode_id": "22657", "start_position": [5.494560241699219, 0.021137923002243042, 1.370582103729248], "start_rotation": [0, 0.7472732319570996, 0, 0.6645169048266498]}