{"episode_id": "50059", "start_position": [4.989297389984131, 0.17646045982837677, -7.274884223937988], "start_rotation": [0, 0.8442893796673504, 0, -0.5358875286670894]}