{"episode_id": "904", "start_position": [-4.950735569000244, 3.1651172637939453, -0.7835640907287598], "start_rotation": [0, 0.6412610071386248, 0, -0.7673228269272045]}