{"episode_id": "53947", "start_position": [1.1569589376449585, 0.15964920818805695, 2.131159782409668], "start_rotation": [0, 0.9986825140860349, 0, 0.05131506658669198]}