{"episode_id": "40327", "start_position": [1.064855933189392, 0.14570780098438263, -1.2082655429840088], "start_rotation": [0, 0.03717666320709194, 0, 0.9993087089147109]}