{"episode_id": "50811", "start_position": [-4.088699817657471, 0.044724658131599426, 5.783202648162842], "start_rotation": [0, 0.3023600196004036, 0, -0.9531937990499327]}