{"episode_id": "36612", "start_position": [0.9506720304489136, -3.206904888153076, -2.984201669692993], "start_rotation": [0, 0.9767455017440193, 0, -0.21440201683478635]}