{"episode_id": "35680", "start_position": [-10.281219482421875, 0.03310127556324005, -6.834970474243164], "start_rotation": [0, 0.7476919717515815, 0, 0.6640457178374334]}