{"episode_id": "2512", "start_position": [-2.191160202026367, 2.7005860805511475, 0.39580267667770386], "start_rotation": [0, 0.9998611218063266, 0, 0.01666544629448172]}