{"episode_id": "62442", "start_position": [-1.67106032371521, 0.1649409383535385, -1.0363171100616455], "start_rotation": [0, 0.0070366260297689, 0, 0.9999752426405951]}