{"episode_id": "68005", "start_position": [-1.9106758832931519, 0.044724658131599426, 5.396538257598877], "start_rotation": [0, 0.6141010742119316, 0, 0.7892273884323526]}