{"episode_id": "39081", "start_position": [1.3465012311935425, 0.1719042807817459, 0.43329936265945435], "start_rotation": [0, 0.9884037528919801, 0, 0.15184867885184064]}