{"episode_id": "56294", "start_position": [-4.818854808807373, 0.11509490013122559, 2.4111149311065674], "start_rotation": [0, 0.9995544703112129, 0, 0.029847292689130472]}