{"episode_id": "30575", "start_position": [5.876640796661377, 0.18360306322574615, -1.5333709716796875], "start_rotation": [0, 0.778267818110786, 0, -0.6279324830689017]}