{"episode_id": "17905", "start_position": [-1.5011296272277832, 0.14657917618751526, 13.166078567504883], "start_rotation": [0, 0.22331468706974014, 0, 0.974746403193643]}