{"episode_id": "29491", "start_position": [-1.2083590030670166, 0.025033235549926758, -3.45332670211792], "start_rotation": [0, 0.7765420538409142, 0, 0.6300654240763689]}