{"episode_id": "50459", "start_position": [1.389318585395813, 0.14570780098438263, -0.7215074300765991], "start_rotation": [0, 0.9118575090341733, 0, -0.41050686135312364]}