{"episode_id": "65651", "start_position": [-1.046157956123352, 0.05363127961754799, 5.944770336151123], "start_rotation": [0, 0.8648327161484093, 0, 0.5020601289480823]}