{"episode_id": "38842", "start_position": [-7.092381477355957, 0.17923279106616974, 3.9263696670532227], "start_rotation": [0, 0.6922382861539874, 0, -0.7216690066662073]}