{"episode_id": "8260", "start_position": [-1.3740503787994385, 0.044724658131599426, 8.257356643676758], "start_rotation": [0, 0.5089926981065683, 0, 0.8607708366773329]}