{"episode_id": "28867", "start_position": [-1.5495014190673828, 0.17646045982837677, -0.4640388786792755], "start_rotation": [0, 0.5383925409212583, 0, -0.8426941745855083]}