{"episode_id": "65563", "start_position": [2.3936009407043457, -2.967862606048584, 0.43407168984413147], "start_rotation": [0, 0.6605791879104926, 0, 0.7507563762629752]}