{"episode_id": "19557", "start_position": [-3.0462818145751953, 0.1672901213169098, -3.966747283935547], "start_rotation": [0, 0.10542656141488128, 0, -0.9944270914190916]}