{"episode_id": "25027", "start_position": [-5.618863582611084, 0.025033235549926758, -3.530093193054199], "start_rotation": [0, 0.8970395752552652, 0, -0.44195022392329814]}