{"episode_id": "67248", "start_position": [-0.021125763654708862, 0.14340916275978088, -3.4383435249328613], "start_rotation": [0, 0.976719032050056, 0, -0.21452256858242602]}