{"episode_id": "44655", "start_position": [-1.473287582397461, 0.16243858635425568, -1.3979275226593018], "start_rotation": [0, 0.28784954085606257, 0, -0.9576756454191335]}