{"episode_id": "24582", "start_position": [-0.3880494236946106, -2.374966859817505, -4.269318580627441], "start_rotation": [0, 0.22617649491213393, 0, -0.974086337625809]}