{"episode_id": "19338", "start_position": [-4.227086544036865, 0.18128342926502228, 1.8545926809310913], "start_rotation": [0, 0.09029874677599557, 0, 0.9959147234229869]}