{"episode_id": "39485", "start_position": [-0.9900469779968262, 0.17949719727039337, 8.063148498535156], "start_rotation": [0, 0.5390863012304979, 0, -0.8422505326953619]}