{"episode_id": "37234", "start_position": [-2.9310436248779297, 0.1672901213169098, 2.4903366565704346], "start_rotation": [0, 0.9443719599461643, 0, 0.32887931109670027]}