{"episode_id": "28867", "start_position": [4.391457557678223, 0.16646166145801544, -1.736454963684082], "start_rotation": [0, 0.9454905236081821, 0, -0.32564961195604963]}