{"episode_id": "3127", "start_position": [2.1189661026000977, 0.18321557343006134, -0.6778659820556641], "start_rotation": [0, 0.9923560907185784, 0, 0.12340741150247232]}