{"episode_id": "25835", "start_position": [3.4745471477508545, 0.1514829844236374, -2.880187511444092], "start_rotation": [0, 0.505147586010606, 0, 0.863032975237712]}