{"episode_id": "2075", "start_position": [0.43616563081741333, 0.16243858635425568, 1.5556299686431885], "start_rotation": [0, 0.06278702965751179, 0, 0.9980269479862689]}