{"episode_id": "51368", "start_position": [-15.497089385986328, 0.19700729846954346, -5.064960479736328], "start_rotation": [0, 0.37141469490568424, 0, -0.9284670831042517]}