{"episode_id": "63750", "start_position": [0.0011879056692123413, 0.15562696754932404, 3.925788402557373], "start_rotation": [0, 0.038397338389658996, 0, -0.9992625502862549]}