{"episode_id": "59360", "start_position": [2.5741469860076904, 0.17646045982837677, -3.4725005626678467], "start_rotation": [0, 0.2617781201974921, 0, 0.9651280825806839]}