{"episode_id": "64080", "start_position": [-9.31595230102539, 0.03310127556324005, -6.6326093673706055], "start_rotation": [0, 0.3236037656457783, 0, 0.9461926880186045]}