{"episode_id": "38825", "start_position": [-0.9865527153015137, 0.17800255119800568, 0.41797658801078796], "start_rotation": [0, 0.9957075669714148, 0, -0.0925550705032714]}