{"episode_id": "67867", "start_position": [1.0164952278137207, 0.12324567139148712, -3.67063570022583], "start_rotation": [0, 0.826698902488709, 0, 0.562644581084688]}