{"episode_id": "45299", "start_position": [-5.063380241394043, 0.17646045982837677, -5.784069061279297], "start_rotation": [0, 0.30156052807222694, 0, 0.9534470346635935]}