{"episode_id": "55396", "start_position": [2.494767665863037, 0.1887628585100174, 3.885253429412842], "start_rotation": [0, 0.9844008109156015, 0, 0.17594045432675823]}