{"episode_id": "60725", "start_position": [-2.0072412490844727, 0.16243858635425568, 1.1592156887054443], "start_rotation": [0, 0.9768981094657209, 0, -0.2137056005871174]}