{"episode_id": "25462", "start_position": [-3.635518789291382, 0.09678955376148224, -4.033899307250977], "start_rotation": [0, 0.5105615940044455, 0, 0.859841182270098]}