{"episode_id": "22573", "start_position": [-1.073053002357483, 0.1662864238023758, 0.18143096566200256], "start_rotation": [0, 0.9658048946839006, 0, 0.2592699469753863]}