{"episode_id": "46395", "start_position": [1.7595402002334595, 0.17002512514591217, -3.1187541484832764], "start_rotation": [0, 0.4433126716368903, 0, 0.8963670426595138]}