{"episode_id": "1438", "start_position": [-2.2503199577331543, 0.20017647743225098, 1.9582054615020752], "start_rotation": [0, 0.8575371416095406, 0, 0.5144220550872003]}