{"episode_id": "65793", "start_position": [-0.3391264081001282, 0.17002512514591217, 2.468496084213257], "start_rotation": [0, 0.162579841623968, 0, -0.9866953912416564]}