{"episode_id": "15880", "start_position": [-9.811838150024414, 0.12641969323158264, -3.5327048301696777], "start_rotation": [0, 0.9986558489761352, 0, 0.05183141234574374]}