{"episode_id": "42143", "start_position": [-0.3474995493888855, 0.18145985901355743, -3.749549150466919], "start_rotation": [0, 0.6958153985042126, 0, 0.71822067027093]}