{"episode_id": "33872", "start_position": [-2.4996228218078613, 0.17949719727039337, 6.514180660247803], "start_rotation": [0, 0.056062723681540486, 0, 0.9984272487334304]}