{"episode_id": "44930", "start_position": [-3.7703144550323486, 1.662041425704956, -2.628847599029541], "start_rotation": [0, 0.6054211329011335, 0, -0.7959053033098271]}