{"episode_id": "52687", "start_position": [0.12973915040493011, 0.18463699519634247, 0.4641853868961334], "start_rotation": [0, 0.2735673242539921, 0, -0.9618528573022544]}