{"episode_id": "38889", "start_position": [4.045772552490234, 0.18128342926502228, 4.340531349182129], "start_rotation": [0, 0.309965541770372, 0, -0.9507477914331434]}