{"episode_id": "36857", "start_position": [-14.310192108154297, -2.852285146713257, 15.125739097595215], "start_rotation": [0, 0.1290522581315843, 0, -0.9916377940917435]}