{"episode_id": "41781", "start_position": [3.166696071624756, 0.1514829844236374, 1.7049261331558228], "start_rotation": [0, 0.33616968875481423, 0, -0.9418014336167105]}