{"episode_id": "47132", "start_position": [-6.213445663452148, 0.1005861759185791, -2.400146961212158], "start_rotation": [0, 0.3092552379737687, 0, 0.9509790732638588]}