{"episode_id": "7064", "start_position": [-1.3332836627960205, 0.17800255119800568, 0.3034984767436981], "start_rotation": [0, 0.9221201625399129, 0, -0.3869036131097312]}