{"episode_id": "39823", "start_position": [-0.015278220176696777, -2.852285146713257, 0.6667988896369934], "start_rotation": [0, 0.8839987011129039, 0, 0.4674893543501272]}