{"episode_id": "34356", "start_position": [-3.137864828109741, 1.662041425704956, -7.704732894897461], "start_rotation": [0, 0.7347874910338397, 0, -0.6782973853850499]}