{"episode_id": "46467", "start_position": [6.458318710327148, 0.1005861759185791, -2.9956088066101074], "start_rotation": [0, 0.18352088979287925, 0, 0.9830158101524257]}