{"episode_id": "50831", "start_position": [-0.8647453188896179, 0.1662864238023758, -1.6906509399414062], "start_rotation": [0, 0.7508508120654708, 0, -0.6604718449870692]}