{"episode_id": "223", "start_position": [-5.850598335266113, 0.20017647743225098, -0.2152111977338791], "start_rotation": [0, 0.8983408573247301, 0, -0.4392991054635427]}