{"episode_id": "23442", "start_position": [-0.20883464813232422, -2.852285146713257, 1.438524603843689], "start_rotation": [0, 0.5402649162552813, 0, -0.8414949912291064]}