{"episode_id": "17904", "start_position": [-2.9342873096466064, 0.12194900214672089, 1.2455443143844604], "start_rotation": [0, 0.2035017410033995, 0, 0.9790745841909008]}