{"episode_id": "38878", "start_position": [-2.3552045822143555, 0.1719042807817459, -1.446169137954712], "start_rotation": [0, 0.8903348728562988, 0, -0.45530628611513635]}