{"episode_id": "55218", "start_position": [12.24467658996582, 0.19309520721435547, -0.35906949639320374], "start_rotation": [0, 0.6374673918691306, 0, 0.7704773353600795]}