{"episode_id": "67261", "start_position": [-3.108619213104248, 0.12114477157592773, -7.552087783813477], "start_rotation": [0, 0.9971829545587295, 0, -0.07500770052149902]}