{"episode_id": "54537", "start_position": [-12.866949081420898, 0.03310127556324005, -5.484286308288574], "start_rotation": [0, 0.922536529878715, 0, -0.38590977059325504]}