{"episode_id": "11660", "start_position": [-0.3290621042251587, 0.18145985901355743, -4.113465309143066], "start_rotation": [0, 0.6843103637472293, 0, -0.7291908708069066]}