{"episode_id": "44447", "start_position": [-3.6075117588043213, -2.967862606048584, 10.199114799499512], "start_rotation": [0, 0.1878384239701792, 0, -0.9821999422115638]}