{"episode_id": "40329", "start_position": [0.6783657073974609, 0.014962434768676758, 5.852787017822266], "start_rotation": [0, 0.8773423174838871, 0, -0.47986504139393416]}