{"episode_id": "52440", "start_position": [-4.261654376983643, 0.12114477157592773, -7.80014181137085], "start_rotation": [0, 0.8922056311030954, 0, -0.4516293965497899]}