{"episode_id": "37864", "start_position": [-1.0082300901412964, 0.1649409383535385, 0.30733394622802734], "start_rotation": [0, 0.2920455702456111, 0, -0.956404404475385]}