{"episode_id": "64031", "start_position": [-2.3630459308624268, 0.12194900214672089, 1.1688194274902344], "start_rotation": [0, 0.8987891217567853, 0, -0.4383812434533059]}