{"episode_id": "19302", "start_position": [-14.671438217163086, 0.14771485328674316, 16.632104873657227], "start_rotation": [0, 0.9999369012614314, 0, -0.011233587836766994]}