{"episode_id": "36244", "start_position": [-4.764764308929443, 0.17635054886341095, 1.4511774778366089], "start_rotation": [0, 0.865906541859762, 0, -0.5002058184032532]}