{"episode_id": "65133", "start_position": [2.535943031311035, 0.16243858635425568, -0.40492770075798035], "start_rotation": [0, 0.9978389289954942, 0, 0.06570747127325047]}