{"episode_id": "44035", "start_position": [-0.17056208848953247, 1.5974199771881104, 1.6396299600601196], "start_rotation": [0, 0.8093196855319372, 0, -0.587368407909794]}