{"episode_id": "4959", "start_position": [-2.554131031036377, 0.17949719727039337, 8.970905303955078], "start_rotation": [0, 0.7551408636039626, 0, -0.6555625646080331]}