{"episode_id": "37107", "start_position": [-4.905632019042969, 0.17646045982837677, -3.8034863471984863], "start_rotation": [0, 0.45937664430474834, 0, -0.8882415767499902]}