{"episode_id": "33725", "start_position": [-4.419768333435059, 0.10597454011440277, -11.915115356445312], "start_rotation": [0, 0.7959141844557698, 0, 0.6054094572949013]}