{"episode_id": "31251", "start_position": [-7.623575210571289, 0.08976848423480988, 3.7498397827148438], "start_rotation": [0, 0.24533473347189927, 0, -0.9694384294798056]}