{"episode_id": "64843", "start_position": [-5.841266632080078, 0.10841822624206543, 4.416796684265137], "start_rotation": [0, 0.9538183312525473, 0, 0.3003840724249637]}