{"episode_id": "36101", "start_position": [-4.315312385559082, 0.1649409383535385, 1.1551471948623657], "start_rotation": [0, 0.9889835087368332, 0, -0.14802573913540276]}