{"episode_id": "50363", "start_position": [4.372385025024414, 0.18128342926502228, 4.224752426147461], "start_rotation": [0, 0.660714283476146, 0, 0.7506374861480094]}