{"episode_id": "9578", "start_position": [7.380870342254639, 0.17970331013202667, -2.963658094406128], "start_rotation": [0, 0.5844268453219235, 0, -0.8114464014752081]}