{"episode_id": "14052", "start_position": [2.2060513496398926, 0.16243858635425568, 1.5240939855575562], "start_rotation": [0, 0.4237970287115161, 0, 0.9057571851524504]}