{"episode_id": "21845", "start_position": [-2.57574462890625, 0.1662864238023758, -1.553450107574463], "start_rotation": [0, 0.9926800978873405, 0, -0.12077343771864839]}