{"episode_id": "45195", "start_position": [-4.3666229248046875, -2.8915817737579346, -1.0778155326843262], "start_rotation": [0, 0.4004140761616066, 0, -0.91633430996097]}