{"episode_id": "67466", "start_position": [-2.038353681564331, 0.20282547175884247, 1.618061900138855], "start_rotation": [0, 0.9531895178898193, 0, -0.3023735156804805]}