{"episode_id": "31097", "start_position": [-0.2894863486289978, 0.1649409383535385, 0.21496930718421936], "start_rotation": [0, 0.6175957473765655, 0, 0.7864957042618742]}