{"episode_id": "21182", "start_position": [2.604280471801758, 0.16247926652431488, 5.7379302978515625], "start_rotation": [0, 0.9950901524179008, 0, 0.09897266572604226]}