{"episode_id": "10553", "start_position": [3.628448963165283, 0.18321557343006134, -1.2153218984603882], "start_rotation": [0, 0.7965240101719314, 0, -0.604606898091334]}