{"episode_id": "5322", "start_position": [6.182852268218994, 0.09678955376148224, -5.89900016784668], "start_rotation": [0, 0.9845867754686145, 0, -0.17489677404776835]}