{"episode_id": "32514", "start_position": [-2.6822900772094727, 0.05604910850524902, -2.50846791267395], "start_rotation": [0, 0.015347894127703888, 0, 0.9998822141361675]}