{"episode_id": "59981", "start_position": [-4.884568691253662, -2.967862606048584, 0.6815062761306763], "start_rotation": [0, 0.8332161376734422, 0, 0.5529474368514167]}