{"episode_id": "36393", "start_position": [2.865921974182129, 0.1662864238023758, -0.9783751964569092], "start_rotation": [0, 0.48483151434718186, 0, 0.8746075706828854]}