{"episode_id": "31614", "start_position": [6.238841533660889, 0.16646166145801544, -2.6464180946350098], "start_rotation": [0, 0.017815467021972883, 0, -0.9998412919732756]}