{"episode_id": "21820", "start_position": [-1.4141041040420532, 0.10841822624206543, -5.53974723815918], "start_rotation": [0, 0.3700623013987507, 0, 0.9290069392009191]}