{"episode_id": "11709", "start_position": [0.6308081150054932, 0.17702746391296387, -0.743770956993103], "start_rotation": [0, 0.5094291972016025, 0, -0.8605125757585015]}