{"episode_id": "35182", "start_position": [-3.8627872467041016, 0.17635054886341095, 0.3774169683456421], "start_rotation": [0, 0.945634702673116, 0, 0.32523070134956117]}