{"episode_id": "26996", "start_position": [3.8343169689178467, 0.18321557343006134, -3.3767189979553223], "start_rotation": [0, 0.6126456278660988, 0, -0.7903577257524301]}