{"episode_id": "13080", "start_position": [-2.0125925540924072, 0.17923279106616974, 2.109532356262207], "start_rotation": [0, 0.16627982220663126, 0, 0.9860786077828334]}