{"episode_id": "10031", "start_position": [4.892821311950684, 0.18360306322574615, 0.5889322757720947], "start_rotation": [0, 0.4537509965020416, 0, 0.8911285166424674]}