{"episode_id": "30577", "start_position": [2.895421028137207, 0.15964920818805695, 1.9256844520568848], "start_rotation": [0, 0.9805849684193404, 0, -0.1960946702744397]}