{"episode_id": "65934", "start_position": [-7.286104202270508, 0.062041521072387695, -1.0307843685150146], "start_rotation": [0, 0.999644425337477, 0, 0.0266650125015053]}