{"episode_id": "25513", "start_position": [1.9418549537658691, 0.19309520721435547, -1.6816184520721436], "start_rotation": [0, 0.03058388201228289, 0, 0.9995322036638233]}