{"episode_id": "63257", "start_position": [-0.49821409583091736, 0.07111075520515442, 4.841403007507324], "start_rotation": [0, 0.7124025221210161, 0, -0.7017710783978028]}