{"episode_id": "28704", "start_position": [-1.5504958629608154, 0.14340916275978088, -2.4133188724517822], "start_rotation": [0, 0.15378712883975432, 0, 0.9881040021188179]}