{"episode_id": "17596", "start_position": [2.8062405586242676, 0.15289896726608276, 0.8457749485969543], "start_rotation": [0, 0.9246696851405386, 0, -0.38077023699614093]}