{"episode_id": "40507", "start_position": [-1.0538662672042847, 0.0701034814119339, 7.456571578979492], "start_rotation": [0, 0.81070832950241, 0, -0.5854502579002009]}