{"episode_id": "10424", "start_position": [-0.9409732818603516, 3.3211450576782227, -5.960512638092041], "start_rotation": [0, 0.9622484981915065, 0, -0.27217242279149156]}