{"episode_id": "47861", "start_position": [-4.499013900756836, 0.1005861759185791, -2.893535614013672], "start_rotation": [0, 0.9155113484669652, 0, -0.4022921461179661]}