{"episode_id": "18117", "start_position": [2.112832546234131, 0.021137923002243042, -0.24236907064914703], "start_rotation": [0, 0.6292484291543828, 0, -0.777204229534774]}