{"episode_id": "13689", "start_position": [-3.090277671813965, 0.17635054886341095, 1.6844937801361084], "start_rotation": [0, 0.9937329485393157, 0, -0.11178026206516871]}