{"episode_id": "23703", "start_position": [0.8275535702705383, 0.17002512514591217, -3.4104199409484863], "start_rotation": [0, 0.15895306458999664, 0, 0.9872861405172506]}