{"episode_id": "26970", "start_position": [-7.387304306030273, -2.8849050998687744, -0.8842829465866089], "start_rotation": [0, 0.48712267743986687, 0, -0.8733335543329452]}