{"episode_id": "39243", "start_position": [1.0710524320602417, 2.7814598083496094, -3.4929447174072266], "start_rotation": [0, 0.3366143199542163, 0, -0.9416426071508025]}