{"episode_id": "4569", "start_position": [2.454350709915161, 0.14570780098438263, -0.5547105073928833], "start_rotation": [0, 0.7937457641078589, 0, 0.6082496707445317]}