{"episode_id": "36658", "start_position": [-0.024532973766326904, 0.12324567139148712, -0.1018538624048233], "start_rotation": [0, 0.03999412052818527, 0, -0.9991999150936598]}