{"episode_id": "51276", "start_position": [1.122431993484497, 0.14570780098438263, -1.2096760272979736], "start_rotation": [0, 0.6991231218000661, 0, -0.7150013010928932]}