{"episode_id": "66055", "start_position": [-1.3005404472351074, 0.15964920818805695, 3.4511046409606934], "start_rotation": [0, 0.39392845145950844, 0, -0.9191411073011116]}