{"episode_id": "41862", "start_position": [1.6712534427642822, 0.025033235549926758, -2.866950035095215], "start_rotation": [0, 0.6260593419149729, 0, -0.7797754166431454]}