{"episode_id": "23107", "start_position": [-0.5031477808952332, 0.14340916275978088, -7.792598724365234], "start_rotation": [0, 0.9301918862090778, 0, -0.36707363679621297]}