{"episode_id": "49506", "start_position": [0.3453632593154907, -0.034892842173576355, -6.199827671051025], "start_rotation": [0, 0.9080123384539804, 0, 0.41894342483840713]}