{"episode_id": "17977", "start_position": [0.9977362751960754, 0.1887628585100174, 3.0362768173217773], "start_rotation": [0, 0.44538919233727203, 0, 0.8953370691248925]}