{"episode_id": "35752", "start_position": [0.8050854206085205, 0.14340916275978088, -3.6044363975524902], "start_rotation": [0, 0.2921890635761954, 0, 0.9563605758951307]}