{"episode_id": "1337", "start_position": [1.5930505990982056, 0.08356514573097229, -2.499824285507202], "start_rotation": [0, 0.9760909856348549, 0, 0.21736234209811384]}