{"episode_id": "9781", "start_position": [-6.488221168518066, -2.852285146713257, 5.934080123901367], "start_rotation": [0, 0.9323325434779226, 0, -0.3616020303759197]}