{"episode_id": "22629", "start_position": [-4.449461936950684, 0.19742000102996826, 13.139547348022461], "start_rotation": [0, 0.43906675047225097, 0, -0.8984544443819832]}