{"episode_id": "35958", "start_position": [-1.154761552810669, -2.374966859817505, -6.675046920776367], "start_rotation": [0, 0.41728548597335835, 0, -0.9087754525711939]}