{"episode_id": "63395", "start_position": [1.736203908920288, 0.021137923002243042, 5.338509559631348], "start_rotation": [0, 0.9983809763025198, 0, -0.05688080658031753]}