{"episode_id": "37037", "start_position": [-5.4131083488464355, 0.1005861759185791, -3.0321383476257324], "start_rotation": [0, 0.6174469022683869, 0, -0.7866125621163019]}