{"episode_id": "51649", "start_position": [3.953195810317993, 0.18360306322574615, -2.8659563064575195], "start_rotation": [0, 0.9789884901558427, 0, 0.20391551226521124]}