{"episode_id": "65881", "start_position": [-7.117363929748535, -2.511791467666626, 6.338360786437988], "start_rotation": [0, 0.9999706219216268, 0, -0.007665200171880078]}