{"episode_id": "19313", "start_position": [0.7103575468063354, 0.1889459788799286, 1.263649582862854], "start_rotation": [0, 0.5098924371288366, 0, -0.8602381661835374]}