{"episode_id": "3837", "start_position": [-1.512976884841919, 0.15964920818805695, 4.506368637084961], "start_rotation": [0, 0.9857997160540366, 0, 0.1679253400406882]}