{"episode_id": "15982", "start_position": [-6.94058895111084, -1.0029926300048828, -2.9338724613189697], "start_rotation": [0, 0.8411008475401257, 0, 0.5408783266754938]}