{"episode_id": "4520", "start_position": [-1.7663806676864624, 0.1514829844236374, 0.9275335073471069], "start_rotation": [0, 0.30144089510588457, 0, 0.9534848644618136]}