{"episode_id": "19125", "start_position": [-6.0026421546936035, 0.11509490013122559, 5.164889812469482], "start_rotation": [0, 0.04772428017666093, 0, -0.9988605473646557]}