{"episode_id": "21182", "start_position": [0.3841870129108429, 0.1662864238023758, -1.5420867204666138], "start_rotation": [0, 0.5432379313112049, 0, 0.8395787931961612]}