{"episode_id": "43401", "start_position": [-4.2124552726745605, 0.14340916275978088, -10.557488441467285], "start_rotation": [0, 0.9895028472065537, 0, 0.1445133743641871]}