{"episode_id": "64543", "start_position": [-1.3100799322128296, 0.17002512514591217, -4.714567184448242], "start_rotation": [0, 0.4384595110078486, 0, 0.8987509428127229]}