{"episode_id": "42482", "start_position": [0.5724793672561646, 0.12194900214672089, 2.3618149757385254], "start_rotation": [0, 0.28437419697395766, 0, 0.958713364930007]}