{"episode_id": "4355", "start_position": [-2.640078067779541, 3.683565139770508, 1.8733038902282715], "start_rotation": [0, 0.5155732092283309, 0, 0.8568455321269988]}