{"episode_id": "31878", "start_position": [-1.0999071598052979, 1.662041425704956, -1.3388874530792236], "start_rotation": [0, 0.907025115316265, 0, -0.42107652533181683]}