{"episode_id": "44289", "start_position": [1.6057806015014648, 3.0807693004608154, -10.194477081298828], "start_rotation": [0, 0.7263102967678595, 0, 0.6873669709907393]}