{"episode_id": "61139", "start_position": [-6.591352462768555, 0.037133216857910156, -4.590592861175537], "start_rotation": [0, 0.802601390012147, 0, 0.5965157238083247]}