{"episode_id": "15602", "start_position": [2.6066932678222656, 0.2064668834209442, 2.5739705562591553], "start_rotation": [0, 0.969356211387655, 0, 0.24565938908206175]}