{"episode_id": "64358", "start_position": [1.6790165901184082, 0.16243858635425568, 1.4074516296386719], "start_rotation": [0, 0.12886014225696646, 0, -0.9916627772269736]}