{"episode_id": "15366", "start_position": [0.6742814183235168, 0.17949719727039337, 8.802713394165039], "start_rotation": [0, 0.4773408276236519, 0, 0.8787182337265838]}