{"episode_id": "10924", "start_position": [3.608853578567505, 0.17646045982837677, -2.6910579204559326], "start_rotation": [0, 0.492301706634784, 0, -0.8704246260558574]}