{"episode_id": "47112", "start_position": [-6.022584915161133, 0.037133216857910156, -5.222517013549805], "start_rotation": [0, 0.8077071444297491, 0, -0.5895838946554938]}