{"episode_id": "819", "start_position": [1.5755996704101562, 0.18463699519634247, 4.503185272216797], "start_rotation": [0, 0.9921633272176564, 0, 0.12494771756374562]}