{"episode_id": "54875", "start_position": [-8.552379608154297, 0.22502413392066956, 4.706027030944824], "start_rotation": [0, 0.8092770750936121, 0, -0.5874271152474391]}