{"episode_id": "42957", "start_position": [7.146034240722656, 0.14657917618751526, 2.2258381843566895], "start_rotation": [0, 0.705085488734685, 0, 0.7091223121406985]}