{"episode_id": "31836", "start_position": [-3.7583885192871094, 0.31235864758491516, 2.942424774169922], "start_rotation": [0, 0.7370739866735985, 0, 0.6758120583187962]}