{"episode_id": "25158", "start_position": [-3.9789235591888428, 3.1930949687957764, -1.7915786504745483], "start_rotation": [0, 0.8001614321097338, 0, -0.5997846968405413]}