{"episode_id": "57816", "start_position": [-1.8061561584472656, 0.17646045982837677, -5.77103328704834], "start_rotation": [0, 0.9785218978851976, 0, -0.2061429003365165]}