{"episode_id": "59662", "start_position": [-7.899484157562256, -3.1530263423919678, -1.8319509029388428], "start_rotation": [0, 0.9967093985625285, 0, -0.08105784858434559]}