{"episode_id": "57373", "start_position": [-1.7700529098510742, 0.17949719727039337, 4.943809509277344], "start_rotation": [0, 0.44354670778898564, 0, 0.8962512583029115]}