{"episode_id": "66565", "start_position": [-1.519831657409668, 0.1662864238023758, -1.5486867427825928], "start_rotation": [0, 0.4288267900794686, 0, 0.9033867300941161]}