{"episode_id": "55998", "start_position": [4.623846530914307, 0.1005861759185791, -1.0207067728042603], "start_rotation": [0, 0.4355727765350078, 0, -0.9001535182076356]}