{"episode_id": "17389", "start_position": [5.181702136993408, 0.14657917618751526, 9.615730285644531], "start_rotation": [0, 0.9423712520320393, 0, -0.33456901133184264]}