{"episode_id": "1135", "start_position": [6.398246765136719, 0.16646166145801544, 1.4711527824401855], "start_rotation": [0, 0.4327125755187073, 0, 0.9015319334266352]}