{"episode_id": "45962", "start_position": [-7.823651313781738, -2.332672595977783, 5.020133972167969], "start_rotation": [0, 0.8213810385160168, 0, -0.570379864271478]}