{"episode_id": "38151", "start_position": [-6.934232234954834, 0.062041521072387695, -0.7853579521179199], "start_rotation": [0, 0.29598747814132903, 0, 0.9551918198893541]}