{"episode_id": "32132", "start_position": [-1.1256183385849, 0.10768207907676697, 12.79654312133789], "start_rotation": [0, 0.8970395752552652, 0, -0.44195022392329814]}