{"episode_id": "40464", "start_position": [-0.9689085483551025, 0.1662864238023758, -1.5781152248382568], "start_rotation": [0, 0.4207728266602992, 0, 0.9071660423231801]}