{"episode_id": "50459", "start_position": [-3.143009901046753, 0.1649409383535385, -0.6718167066574097], "start_rotation": [0, 0.7446009145450825, 0, -0.6675099085846044]}