{"episode_id": "43326", "start_position": [5.579154968261719, 0.18360306322574615, -2.2301342487335205], "start_rotation": [0, 0.8997869698976753, 0, -0.43632947276382783]}