{"episode_id": "62905", "start_position": [-0.4006904363632202, 0.014962434768676758, 3.859354257583618], "start_rotation": [0, 0.9670000443076203, 0, 0.25477620436190723]}