{"episode_id": "7102", "start_position": [-2.3356497287750244, 0.04169945418834686, -3.237987518310547], "start_rotation": [0, 0.9915688808480784, 0, -0.1295806873484214]}