{"episode_id": "28000", "start_position": [-4.129263877868652, 3.1434075832366943, 0.4184461832046509], "start_rotation": [0, 0.46141370956187855, 0, 0.8871850926544846]}