{"episode_id": "10154", "start_position": [3.5547900199890137, 0.18128342926502228, 4.375126838684082], "start_rotation": [0, 0.9499850414771981, 0, 0.3122954065777564]}