{"episode_id": "10737", "start_position": [-1.6139997243881226, -2.852285146713257, 0.4775802493095398], "start_rotation": [0, 0.8255528919384552, 0, -0.5643247492464364]}