{"episode_id": "64880", "start_position": [0.3619523048400879, 0.15964920818805695, 3.509047269821167], "start_rotation": [0, 0.6405976381768737, 0, -0.7678767257589015]}