{"episode_id": "43130", "start_position": [-4.530520439147949, 0.18128342926502228, 1.3179014921188354], "start_rotation": [0, 0.927273802934775, 0, 0.3743838863932047]}