{"episode_id": "11255", "start_position": [0.7531145811080933, 0.08076925575733185, 0.6989685297012329], "start_rotation": [0, 0.9837166024646533, 0, 0.1797265868907528]}