{"episode_id": "9944", "start_position": [-11.928633689880371, -2.852285146713257, 10.73090648651123], "start_rotation": [0, 0.8504547856658288, 0, -0.5260481513493696]}