{"episode_id": "52348", "start_position": [-3.808194160461426, 0.18145985901355743, -1.1020668745040894], "start_rotation": [0, 0.17419564741761015, 0, 0.9847110624039722]}