{"episode_id": "60101", "start_position": [4.665879726409912, 0.15289896726608276, -0.06142869591712952], "start_rotation": [0, 0.8507486901700446, 0, 0.5255727030335131]}