{"episode_id": "23488", "start_position": [-1.982766032218933, 0.17923279106616974, 1.4144139289855957], "start_rotation": [0, 0.516805129551221, 0, 0.8561030650976234]}