{"episode_id": "47581", "start_position": [0.7582410573959351, 0.17970331013202667, -2.1197376251220703], "start_rotation": [0, 0.04688144243483303, 0, 0.9989004606842613]}