{"episode_id": "559", "start_position": [-1.2611854076385498, 0.20017647743225098, 2.1314659118652344], "start_rotation": [0, 0.992425752779564, 0, 0.12284594099894225]}