{"episode_id": "46229", "start_position": [4.290103912353516, 0.1887628585100174, 2.259335517883301], "start_rotation": [0, 0.892824209183385, 0, -0.45040529692274184]}