{"episode_id": "3658", "start_position": [-1.628115177154541, 0.17949719727039337, 8.091954231262207], "start_rotation": [0, 0.6165882480357036, 0, -0.7872858009543051]}