{"episode_id": "1844", "start_position": [-9.281087875366211, 0.17923279106616974, 4.266328811645508], "start_rotation": [0, 0.9458048192047576, 0, 0.32473565244527114]}