{"episode_id": "44543", "start_position": [-1.5821865797042847, 0.12114477157592773, -7.30674409866333], "start_rotation": [0, 0.47769195881327825, 0, 0.8785273999626496]}