{"episode_id": "19726", "start_position": [-3.1636321544647217, 0.12114477157592773, -4.2166056632995605], "start_rotation": [0, 0.3842704469274112, 0, -0.9232205714877716]}