{"episode_id": "24056", "start_position": [6.604169845581055, 0.17970331013202667, -2.365935802459717], "start_rotation": [0, 0.9829275374275904, 0, -0.18399308727920394]}