{"episode_id": "14730", "start_position": [3.5381932258605957, 0.18321557343006134, -0.7643718719482422], "start_rotation": [0, 0.9823497500667396, 0, -0.18705338420839707]}