{"episode_id": "42980", "start_position": [-0.8797712326049805, 3.1434075832366943, 0.049872398376464844], "start_rotation": [0, 0.930580196039189, 0, -0.3660881024284518]}