{"episode_id": "56088", "start_position": [-4.734444618225098, 0.17646045982837677, -5.7383270263671875], "start_rotation": [0, 0.8336739045158591, 0, -0.5522570243367505]}