{"episode_id": "24222", "start_position": [3.438748598098755, 1.5974199771881104, -0.5090683102607727], "start_rotation": [0, 0.9407377886624757, 0, 0.33913480060653634]}