{"episode_id": "26322", "start_position": [-3.5782973766326904, 0.15964920818805695, 4.196967124938965], "start_rotation": [0, 0.35239116452471536, 0, -0.9358528020820983]}