{"episode_id": "15756", "start_position": [-0.6364345550537109, 0.12114477157592773, -5.277230262756348], "start_rotation": [0, 0.9804091860656654, 0, 0.1969716423195466]}