{"episode_id": "49958", "start_position": [-3.467617988586426, 0.0701034814119339, 6.626757621765137], "start_rotation": [0, 0.9351270550377657, 0, 0.35431256107622744]}