{"episode_id": "3302", "start_position": [6.744139671325684, 0.18360306322574615, -2.120431900024414], "start_rotation": [0, 0.4914925432907135, 0, 0.8708817829588733]}