{"episode_id": "28273", "start_position": [0.42352378368377686, 0.22503304481506348, -12.473312377929688], "start_rotation": [0, 0.5720615270454148, 0, -0.8202107102900255]}