{"episode_id": "13018", "start_position": [4.954296112060547, 0.18360306322574615, -4.624516010284424], "start_rotation": [0, 0.7812315665824053, 0, -0.6242413310372847]}