{"episode_id": "49705", "start_position": [-3.9923596382141113, 0.03192155435681343, -10.026216506958008], "start_rotation": [0, 0.28700504738511534, 0, -0.9579290698039535]}