{"episode_id": "1665", "start_position": [1.020910382270813, 0.17002512514591217, -1.7662123441696167], "start_rotation": [0, 0.28756356404505523, 0, 0.957761555207613]}