{"episode_id": "39691", "start_position": [4.052204132080078, 0.1887628585100174, 1.6027581691741943], "start_rotation": [0, 0.9840908795793103, 0, -0.1776658119302065]}