{"episode_id": "30477", "start_position": [5.111623287200928, 0.16646166145801544, -2.0756912231445312], "start_rotation": [0, 0.9999868392495526, 0, 0.005130431530527629]}