{"episode_id": "33227", "start_position": [-3.759989023208618, 1.662041425704956, -3.471883773803711], "start_rotation": [0, 0.9783691314422834, 0, -0.2068667267611489]}