{"episode_id": "24746", "start_position": [10.50741958618164, 0.14657917618751526, 11.008329391479492], "start_rotation": [0, 0.6041075188317171, 0, -0.7969028207322312]}