{"episode_id": "4225", "start_position": [-8.311506271362305, 0.17000891268253326, -2.7533769607543945], "start_rotation": [0, 0.3245268963507281, 0, -0.9458764684381168]}