{"episode_id": "60479", "start_position": [2.5151312351226807, -2.967862606048584, 1.4607329368591309], "start_rotation": [0, 0.3978123704669302, 0, -0.9174667938969137]}