{"episode_id": "12373", "start_position": [-5.210278511047363, 0.17000891268253326, -0.3898335099220276], "start_rotation": [0, 0.0031802133462579003, 0, -0.99999494310875]}