{"episode_id": "16111", "start_position": [4.824481964111328, 0.18360306322574615, -0.34700286388397217], "start_rotation": [0, 0.8675456531862316, 0, -0.4973575571333715]}