{"episode_id": "43208", "start_position": [-5.477825164794922, 0.17646045982837677, -4.574459075927734], "start_rotation": [0, 0.6400864393602479, 0, -0.7683029026023003]}