{"episode_id": "43264", "start_position": [-0.2961893081665039, 0.18463699519634247, 1.6962871551513672], "start_rotation": [0, 0.28551721820173837, 0, -0.9583735796182723]}