{"episode_id": "40264", "start_position": [0.7814563512802124, 0.22503304481506348, -14.286417961120605], "start_rotation": [0, 0.4860873548433867, 0, -0.8739102262025313]}