{"episode_id": "38445", "start_position": [2.46382737159729, 2.576350688934326, -1.820117473602295], "start_rotation": [0, 0.34192673251710465, 0, 0.9397266142821413]}