{"episode_id": "24746", "start_position": [3.5686893463134766, 0.266353040933609, -1.9953570365905762], "start_rotation": [0, 0.5324467881426335, 0, -0.8464634769419136]}