{"episode_id": "6847", "start_position": [-2.8924169540405273, 0.15964920818805695, 4.889288425445557], "start_rotation": [0, 0.39065922980430556, 0, -0.9205353693197816]}