{"episode_id": "48458", "start_position": [-3.881152629852295, 0.15562696754932404, -1.6207547187805176], "start_rotation": [0, 0.5554857194887972, 0, -0.8315260762261237]}