{"episode_id": "9935", "start_position": [0.3779849112033844, 0.23514866828918457, 7.991475582122803], "start_rotation": [0, 0.026312927935718988, 0, -0.9996537549689141]}