{"episode_id": "61192", "start_position": [-0.923106849193573, -2.8849050998687744, 3.227961301803589], "start_rotation": [0, 0.8210540911373134, 0, 0.5708504002159237]}