{"episode_id": "39575", "start_position": [-3.4868052005767822, 0.17949719727039337, 7.46002197265625], "start_rotation": [0, 0.9233163113868138, 0, 0.3840403483060708]}