{"episode_id": "11223", "start_position": [1.6354570388793945, 0.12114477157592773, -2.088019847869873], "start_rotation": [0, 0.27041325471844246, 0, -0.9627443438798167]}