{"episode_id": "43914", "start_position": [-1.4797911643981934, 0.014962434768676758, 4.501362323760986], "start_rotation": [0, 0.9424108879247652, 0, -0.3344573490310171]}