{"episode_id": "4130", "start_position": [-1.7325530052185059, 0.17635054886341095, 0.6783121228218079], "start_rotation": [0, 0.9925554963572085, 0, 0.12179321266431638]}