{"episode_id": "14365", "start_position": [-6.384952068328857, 0.20017647743225098, -4.0219011306762695], "start_rotation": [0, 0.27507275929279573, 0, 0.9614234119757266]}