{"episode_id": "57375", "start_position": [0.025197498500347137, 3.1651172637939453, -0.7272857427597046], "start_rotation": [0, 0.14609390297965416, 0, -0.9892707271076868]}