{"episode_id": "11141", "start_position": [-3.7780556678771973, 0.17646045982837677, -5.180765628814697], "start_rotation": [0, 0.9721724843117963, 0, -0.23426621768200026]}