{"episode_id": "29491", "start_position": [2.9652652740478516, 0.5235155820846558, -0.6413610577583313], "start_rotation": [0, 0.996309976424138, 0, 0.08582791432706327]}