{"episode_id": "58761", "start_position": [-1.8462084531784058, 0.1649409383535385, -1.2050143480300903], "start_rotation": [0, 0.4805455249027287, 0, -0.8769697819742485]}