{"episode_id": "11571", "start_position": [-2.005667209625244, 0.09678955376148224, -3.917071580886841], "start_rotation": [0, 0.9872628202754149, 0, 0.15909784317153366]}