{"episode_id": "8051", "start_position": [-7.580738067626953, 0.15165157616138458, 8.684091567993164], "start_rotation": [0, 0.8148183629973242, 0, -0.5797163403961982]}