{"episode_id": "50875", "start_position": [-5.01466703414917, 0.03310127556324005, -4.878083229064941], "start_rotation": [0, 0.4238009052803589, 0, 0.9057553713247017]}