{"episode_id": "61139", "start_position": [0.024416372179985046, 0.15165157616138458, 2.529946804046631], "start_rotation": [0, 0.9998366169789483, 0, 0.018075932841535892]}