{"episode_id": "9533", "start_position": [-1.7093065977096558, 0.0701034814119339, 3.0013744831085205], "start_rotation": [0, 0.5949958359992573, 0, -0.8037287820798412]}