{"episode_id": "13857", "start_position": [-6.063888072967529, 0.03310127556324005, -0.6384170055389404], "start_rotation": [0, 0.9560059498638158, 0, -0.2933472751279332]}