{"episode_id": "20828", "start_position": [-3.158770799636841, 0.17949719727039337, 7.179544448852539], "start_rotation": [0, 0.9993542998572889, 0, 0.03593025684222021]}