{"episode_id": "50591", "start_position": [-4.067404270172119, 0.17282123863697052, 1.2609738111495972], "start_rotation": [0, 0.9261937560734415, 0, -0.37704790970189783]}