{"episode_id": "64413", "start_position": [-3.246986150741577, 0.15562696754932404, 2.2287344932556152], "start_rotation": [0, 0.8107287337183017, 0, 0.5854220019127391]}