{"episode_id": "17366", "start_position": [-3.069565773010254, 0.581283450126648, 5.451162815093994], "start_rotation": [0, 0.9796134138504522, 0, 0.20089190975313737]}