{"episode_id": "28499", "start_position": [0.6493115425109863, 2.365107297897339, -11.9087553024292], "start_rotation": [0, 0.5750305082154334, 0, -0.8181319665075435]}