{"episode_id": "9202", "start_position": [-2.221374750137329, 0.12114477157592773, -7.715663909912109], "start_rotation": [0, 0.9991565556196457, 0, 0.041063090023594775]}