{"episode_id": "59570", "start_position": [-2.041191339492798, 0.16243858635425568, 1.502515196800232], "start_rotation": [0, 0.8384486844154092, 0, -0.5449805534164219]}