{"episode_id": "9432", "start_position": [-2.0126469135284424, 3.2174606323242188, 0.20228463411331177], "start_rotation": [0, 0.9741009021892649, 0, 0.2261137597627799]}