{"episode_id": "4845", "start_position": [-6.895125389099121, 3.1930949687957764, -1.5804636478424072], "start_rotation": [0, 0.20798333881040257, 0, 0.978132368740181]}