{"episode_id": "7077", "start_position": [2.300771474838257, 3.0807693004608154, -4.019484043121338], "start_rotation": [0, 0.9870647205250372, 0, 0.1603222925697798]}