{"episode_id": "9956", "start_position": [-8.429323196411133, 0.19309520721435547, -2.4537196159362793], "start_rotation": [0, 0.2773216345972449, 0, 0.9607771390828949]}