{"episode_id": "65167", "start_position": [2.5801455974578857, 0.18463699519634247, 4.568093299865723], "start_rotation": [0, 0.469487963636241, 0, -0.8829388721767185]}