{"episode_id": "54242", "start_position": [-3.524199962615967, 1.662041425704956, -2.5724873542785645], "start_rotation": [0, 0.03764372121588962, 0, -0.999291223944762]}