{"episode_id": "31836", "start_position": [0.13947883248329163, 0.17970331013202667, 0.17691552639007568], "start_rotation": [0, 0.9344191220053799, 0, 0.35617538436940704]}