{"episode_id": "50350", "start_position": [-4.949621677398682, 0.19742000102996826, 14.947471618652344], "start_rotation": [0, 0.08765493209365348, 0, -0.9961508986492242]}