{"episode_id": "66356", "start_position": [0.7549045085906982, -0.002579927444458008, 12.629436492919922], "start_rotation": [0, 0.4374572566251206, 0, 0.899239205454268]}