{"episode_id": "6854", "start_position": [2.0623183250427246, 3.0807693004608154, -6.462069511413574], "start_rotation": [0, 0.5263459523638389, 0, -0.8502705089735875]}