{"episode_id": "660", "start_position": [0.1810293197631836, 0.12324567139148712, 0.9782053232192993], "start_rotation": [0, 0.3822649200214807, 0, -0.9240527749652456]}