{"episode_id": "20741", "start_position": [-1.239085078239441, 0.18145985901355743, -0.6591221690177917], "start_rotation": [0, 0.5264333060032937, 0, 0.8502164279349361]}