{"episode_id": "64843", "start_position": [0.25293582677841187, 0.15120194852352142, -0.31821268796920776], "start_rotation": [0, 0.5071693537764055, 0, 0.8618464170546997]}