{"episode_id": "15901", "start_position": [0.18672078847885132, 0.1514829844236374, -2.4387307167053223], "start_rotation": [0, 0.08878487787081872, 0, -0.9960508247381074]}