{"episode_id": "59524", "start_position": [0.31219422817230225, 0.17282123863697052, 0.1609543114900589], "start_rotation": [0, 0.8835972985380478, 0, -0.46824759905018626]}