{"episode_id": "63675", "start_position": [-2.4865546226501465, 0.1649409383535385, -0.690427303314209], "start_rotation": [0, 0.846798894950988, 0, 0.5319131804249502]}