{"episode_id": "46979", "start_position": [-3.334780216217041, 0.1719042807817459, -8.49319076538086], "start_rotation": [0, 0.7856309339487467, 0, 0.6186954304201867]}