{"episode_id": "18537", "start_position": [-1.0788788795471191, 0.14657917618751526, 3.1979269981384277], "start_rotation": [0, 0.21824902650522315, 0, -0.9758931101455335]}