{"episode_id": "50059", "start_position": [-1.801852822303772, 0.16646166145801544, -3.2211666107177734], "start_rotation": [0, 0.6877407094812243, 0, 0.7259564150293475]}