{"episode_id": "52613", "start_position": [-1.8048081398010254, 0.20465227961540222, 0.24379047751426697], "start_rotation": [0, 0.5094806544138981, 0, 0.8604821106670296]}