{"episode_id": "490", "start_position": [1.7387357950210571, 2.365107297897339, -9.015228271484375], "start_rotation": [0, 0.0032645130880521837, 0, 0.9999946714629523]}