{"episode_id": "65845", "start_position": [-4.27166223526001, 0.665833592414856, -2.1620302200317383], "start_rotation": [0, 0.9678047078073899, 0, -0.251702299444905]}