{"episode_id": "58403", "start_position": [0.04271339997649193, 0.12194900214672089, 0.4280403256416321], "start_rotation": [0, 0.9418836364570174, 0, -0.3359393031107033]}