{"episode_id": "23710", "start_position": [-1.5698035955429077, -2.8915817737579346, -9.647216796875], "start_rotation": [0, 0.309427635147423, 0, -0.9509229929952653]}