{"episode_id": "7440", "start_position": [4.601548671722412, 0.18360306322574615, -0.6759858131408691], "start_rotation": [0, 0.9640343266348845, 0, -0.26577775879411875]}