{"episode_id": "24391", "start_position": [0.7120468616485596, 0.17970331013202667, -2.4347598552703857], "start_rotation": [0, 0.7639929688735803, 0, 0.6452245682797056]}