{"episode_id": "60479", "start_position": [-0.3561353385448456, 3.0807693004608154, -9.575090408325195], "start_rotation": [0, 0.917746083040148, 0, 0.397167630937449]}