{"episode_id": "4355", "start_position": [1.5072648525238037, -2.1628668308258057, 0.46766629815101624], "start_rotation": [0, 0.68507954704528, 0, 0.7284682657605849]}