{"episode_id": "9101", "start_position": [-0.17958229780197144, 0.17002512514591217, 3.5910115242004395], "start_rotation": [0, 0.42221776646212966, 0, -0.9064944333440391]}