{"episode_id": "28043", "start_position": [-11.832786560058594, 0.32778114080429077, 18.132062911987305], "start_rotation": [0, 0.5379295831571598, 0, 0.8429897766665764]}