{"episode_id": "40789", "start_position": [-6.239150047302246, 0.11509490013122559, 5.0124831199646], "start_rotation": [0, 0.11460634249121181, 0, -0.9934109855748461]}