{"episode_id": "49730", "start_position": [2.7322182655334473, 0.13766656816005707, 7.580692768096924], "start_rotation": [0, 0.6663692052915298, 0, 0.7456219432387535]}