{"episode_id": "24815", "start_position": [-2.6691110134124756, 0.19392099976539612, -0.4515930116176605], "start_rotation": [0, 0.5685051528643481, 0, 0.822679701443207]}