{"episode_id": "60416", "start_position": [1.4582325220108032, 2.365107297897339, -1.4436770677566528], "start_rotation": [0, 0.955490993601397, 0, 0.29502027243329415]}