{"episode_id": "9101", "start_position": [-5.351206302642822, 0.15562696754932404, 0.916555643081665], "start_rotation": [0, 0.5636947348512921, 0, 0.8259831995270434]}