{"episode_id": "52400", "start_position": [3.7202346324920654, 0.23514866828918457, 7.41576623916626], "start_rotation": [0, 0.8960142233899793, 0, -0.4440253500453013]}