{"episode_id": "29876", "start_position": [-4.46638298034668, 0.18321557343006134, -3.3167524337768555], "start_rotation": [0, 0.9998243582692334, 0, -0.01874173448524621]}