{"episode_id": "29331", "start_position": [0.6306676268577576, 0.1887628585100174, 1.6011906862258911], "start_rotation": [0, 0.82683953005151, 0, -0.5624379001669412]}