{"episode_id": "42599", "start_position": [-6.2550835609436035, 0.17000891268253326, -4.199524402618408], "start_rotation": [0, 0.47274875577642606, 0, -0.8811972616343295]}