{"episode_id": "30005", "start_position": [-1.9874815940856934, 0.17282123863697052, -6.562905311584473], "start_rotation": [0, 0.9772623137528098, 0, 0.21203388908027132]}