{"episode_id": "8649", "start_position": [-3.1306376457214355, 0.12114477157592773, 0.9164368510246277], "start_rotation": [0, 0.14109124083238375, 0, -0.9899965968428267]}