{"episode_id": "29214", "start_position": [-2.2182013988494873, 0.10182558000087738, 0.9705608487129211], "start_rotation": [0, 0.31953814450665985, 0, -0.9475734136230506]}