{"episode_id": "10852", "start_position": [5.061840057373047, 0.18360306322574615, -5.019885540008545], "start_rotation": [0, 0.5190481137184425, 0, 0.8547450237616635]}