{"episode_id": "25124", "start_position": [-2.3018431663513184, 0.1649409383535385, -0.6279744505882263], "start_rotation": [0, 0.22979647269689962, 0, 0.9732387071710943]}