{"episode_id": "29075", "start_position": [-0.779604434967041, 0.014962434768676758, 6.4555768966674805], "start_rotation": [0, 0.03369261568516827, 0, 0.9994322426499415]}