{"episode_id": "30784", "start_position": [5.142343044281006, 0.021137923002243042, 6.1238508224487305], "start_rotation": [0, 0.21035931885650752, 0, 0.9776241389052472]}