{"episode_id": "48543", "start_position": [-5.890451431274414, 0.17635054886341095, 0.24832576513290405], "start_rotation": [0, 0.8315198799236522, 0, -0.555494994839517]}