{"episode_id": "32933", "start_position": [-1.4332789182662964, 0.22999516129493713, -5.340785980224609], "start_rotation": [0, 0.33350184090272766, 0, -0.9427494482175482]}