{"episode_id": "68005", "start_position": [-1.8456679582595825, 0.1662864238023758, -1.7081221342086792], "start_rotation": [0, 0.8038805320617903, 0, -0.594790795298694]}