{"episode_id": "33309", "start_position": [2.212489128112793, 0.08076925575733185, -0.4394450783729553], "start_rotation": [0, 0.21685284900354154, 0, 0.9762043033499941]}