{"episode_id": "36428", "start_position": [2.287792205810547, 0.14570780098438263, -5.915959358215332], "start_rotation": [0, 0.09518744820583026, 0, 0.9954593661742615]}