{"episode_id": "68249", "start_position": [-0.5794984102249146, 0.17000891268253326, 0.5225452780723572], "start_rotation": [0, 0.04290731382483324, 0, -0.9990790571422951]}