{"episode_id": "64353", "start_position": [0.052328914403915405, 0.17002512514591217, 0.8444266319274902], "start_rotation": [0, 0.36494525373729797, 0, 0.9310289800938633]}