{"episode_id": "42774", "start_position": [3.2773959636688232, 0.17800255119800568, 0.6123086810112], "start_rotation": [0, 0.7130978053053282, 0, 0.7010645619832202]}