{"episode_id": "63047", "start_position": [-9.714463233947754, 0.22975456714630127, -0.5843181610107422], "start_rotation": [0, 0.8854265104764378, 0, -0.4647794041752695]}