{"episode_id": "18866", "start_position": [-0.13811984658241272, 0.1751515418291092, -2.1475491523742676], "start_rotation": [0, 0.863636202330248, 0, -0.5041155720909511]}