{"episode_id": "34492", "start_position": [-0.5389833450317383, 0.014962434768676758, 3.407578229904175], "start_rotation": [0, 0.6646747942198208, 0, -0.7471327980545619]}