{"episode_id": "58864", "start_position": [-8.63869857788086, 0.17635054886341095, 1.689699649810791], "start_rotation": [0, 0.12583370496416252, 0, 0.992051348819703]}