{"episode_id": "22065", "start_position": [7.551766395568848, 0.09678955376148224, -0.3909006714820862], "start_rotation": [0, 0.9987022390453614, 0, -0.050929733219228744]}