{"episode_id": "40385", "start_position": [0.3770572245121002, 0.5662864446640015, -2.1623051166534424], "start_rotation": [0, 0.9951486220863962, 0, 0.09838302678585922]}