{"episode_id": "30145", "start_position": [-3.659511089324951, 0.5895419120788574, 5.53073263168335], "start_rotation": [0, 0.039464044732090656, 0, -0.9992209911593048]}