{"episode_id": "4836", "start_position": [1.1924453973770142, 0.1887628585100174, 2.758761167526245], "start_rotation": [0, 0.04304945534687148, 0, -0.9990729424793455]}