{"episode_id": "58664", "start_position": [-4.77869987487793, -2.511791467666626, -0.6137728691101074], "start_rotation": [0, 0.88463477536642, 0, 0.46628458500405484]}