{"episode_id": "15321", "start_position": [1.8927385807037354, 0.1887628585100174, 0.6020453572273254], "start_rotation": [0, 0.5175206204164191, 0, -0.8556707354139235]}