{"episode_id": "11744", "start_position": [-1.3424917459487915, 0.17646045982837677, -6.464569091796875], "start_rotation": [0, 0.2515138974787695, 0, -0.9678536869667022]}