{"episode_id": "11503", "start_position": [-6.55803108215332, 0.1672901213169098, -3.5224967002868652], "start_rotation": [0, 0.8296873413791079, 0, 0.5582283722234724]}