{"episode_id": "57107", "start_position": [-3.1114754676818848, 3.1651172637939453, -0.03952277451753616], "start_rotation": [0, 0.07059525994542831, 0, 0.9975050422294803]}