{"episode_id": "61147", "start_position": [-1.9256466627120972, 3.0807693004608154, -9.399825096130371], "start_rotation": [0, 0.5523337220781291, 0, -0.8336230919638203]}