{"episode_id": "25337", "start_position": [-3.7906441688537598, 0.14657917618751526, 4.39729118347168], "start_rotation": [0, 0.12290742637117924, 0, 0.9924181399706543]}