{"episode_id": "5238", "start_position": [4.763298034667969, 0.1887628585100174, 3.1971912384033203], "start_rotation": [0, 0.2682071235857891, 0, -0.9633612712050642]}