{"episode_id": "38679", "start_position": [2.64587664604187, 1.5974199771881104, 7.3329386711120605], "start_rotation": [0, 0.9460131450658665, 0, -0.3241282606663415]}