{"episode_id": "51501", "start_position": [1.07357919216156, 0.14570780098438263, -0.3936830759048462], "start_rotation": [0, 0.995796803966272, 0, 0.09158998422621308]}