{"episode_id": "60689", "start_position": [1.6681454181671143, 3.3211450576782227, -5.500720024108887], "start_rotation": [0, 0.25990701177574765, 0, 0.9656336495948147]}