{"episode_id": "21182", "start_position": [-2.274775981903076, 0.17282123863697052, -0.16941356658935547], "start_rotation": [0, 0.9275013189692555, 0, 0.3738198808387422]}