{"episode_id": "62733", "start_position": [-1.7476054430007935, 0.1649409383535385, -1.5857102870941162], "start_rotation": [0, 0.7048765453249448, 0, 0.7093300048995327]}