{"episode_id": "20847", "start_position": [-2.68367600440979, 3.1930949687957764, -1.7174006700515747], "start_rotation": [0, 0.7466123087675373, 0, 0.6652593933172289]}