{"episode_id": "47344", "start_position": [2.8488693237304688, 0.16243858635425568, -2.2731542587280273], "start_rotation": [0, 0.4520392439834223, 0, 0.8919980503896272]}