{"episode_id": "53947", "start_position": [-2.778052806854248, 3.400176525115967, -1.976615071296692], "start_rotation": [0, 0.8066084218697142, 0, -0.5910861644200863]}