{"episode_id": "2438", "start_position": [-0.556172251701355, 1.5970072746276855, -0.7383933067321777], "start_rotation": [0, 0.7749532527659581, 0, 0.6320185567113209]}