{"episode_id": "1208", "start_position": [-5.063973426818848, 0.10841822624206543, 0.6866125464439392], "start_rotation": [0, 0.930130622222803, 0, -0.3672288463661608]}