{"episode_id": "25675", "start_position": [-2.781855583190918, 0.1649409383535385, -0.3185828626155853], "start_rotation": [0, 0.4678997168108239, 0, -0.8837815652118746]}