{"episode_id": "50203", "start_position": [1.0092214345932007, -2.8849050998687744, 4.00815486907959], "start_rotation": [0, 0.4180409946444686, 0, -0.9084281627055952]}