{"episode_id": "52206", "start_position": [-10.583327293395996, 0.14771485328674316, 2.35932993888855], "start_rotation": [0, 0.8070966764443384, 0, 0.5904193042851013]}