{"episode_id": "19661", "start_position": [-14.538241386413574, 0.14771485328674316, 16.036235809326172], "start_rotation": [0, 0.7947604287316106, 0, 0.6069232743290922]}