{"episode_id": "25229", "start_position": [-0.7863805294036865, 2.365107297897339, 1.0232276916503906], "start_rotation": [0, 0.1466624526147029, 0, -0.9891865976614523]}