{"episode_id": "45433", "start_position": [0.47846755385398865, 0.014962434768676758, 7.405888557434082], "start_rotation": [0, 0.46051005123240024, 0, 0.8876544894912277]}