{"episode_id": "21914", "start_position": [-5.140293598175049, 0.14340916275978088, -5.407551288604736], "start_rotation": [0, 0.818428622291866, 0, 0.5746082058354529]}