{"episode_id": "27443", "start_position": [4.01809024810791, 3.2221877574920654, -2.578213930130005], "start_rotation": [0, 0.8972143272550689, 0, 0.4415953475391629]}