{"episode_id": "43931", "start_position": [1.7656933069229126, 0.17800255119800568, -6.198799133300781], "start_rotation": [0, 0.624803861930278, 0, -0.7807817455070335]}