{"episode_id": "18100", "start_position": [2.545856237411499, 0.1005861759185791, 0.33787959814071655], "start_rotation": [0, 0.20169976464142003, 0, 0.9794473977420103]}