{"episode_id": "54305", "start_position": [-2.9583442211151123, 0.044724658131599426, 8.7382230758667], "start_rotation": [0, 0.0796049113278184, 0, -0.9968264934744111]}