{"episode_id": "66585", "start_position": [-1.856400489807129, 0.11509490013122559, -0.9438998103141785], "start_rotation": [0, 0.5969441698165582, 0, -0.802282779400144]}