{"episode_id": "50789", "start_position": [-3.2977066040039062, 0.0701034814119339, 1.8987869024276733], "start_rotation": [0, 0.9969847418969267, 0, -0.07759783775801099]}