{"episode_id": "37298", "start_position": [-4.837474822998047, 0.14340916275978088, -5.608887672424316], "start_rotation": [0, 0.18994268589551136, 0, -0.9817951803073791]}