{"episode_id": "62599", "start_position": [-6.00499963760376, 0.14340753853321075, -2.613267660140991], "start_rotation": [0, 0.3931985052246455, 0, -0.9194536070346913]}