{"episode_id": "21114", "start_position": [1.9064276218414307, 0.17002512514591217, -2.5748178958892822], "start_rotation": [0, 0.8010692161006987, 0, -0.5985717258740276]}