{"episode_id": "67603", "start_position": [1.4720097780227661, 1.662041425704956, -3.3858261108398438], "start_rotation": [0, 0.46005225639123354, 0, 0.8878918410422154]}