{"episode_id": "15838", "start_position": [-8.97153377532959, 0.1672901213169098, 4.801724433898926], "start_rotation": [0, 0.6330934209851393, 0, -0.7740753970417438]}