{"episode_id": "34510", "start_position": [-4.210735321044922, 0.17923279106616974, 4.125798225402832], "start_rotation": [0, 0.6114107503835469, 0, -0.7913133982913648]}