{"episode_id": "12694", "start_position": [-0.40981507301330566, 0.15165157616138458, 7.439980506896973], "start_rotation": [0, 0.3673124985093435, 0, 0.930097590814439]}