{"episode_id": "10799", "start_position": [-1.443161964416504, 0.12194900214672089, -0.16806939244270325], "start_rotation": [0, 0.9909394552589341, 0, 0.13430932957589656]}