{"episode_id": "21171", "start_position": [-1.5611701011657715, 0.17282123863697052, 0.16227035224437714], "start_rotation": [0, 0.3355536249184849, 0, 0.9420211063474453]}