{"episode_id": "7423", "start_position": [-3.0473556518554688, 0.03514885902404785, 7.314042091369629], "start_rotation": [0, 0.021751149907409034, 0, 0.9997634157527997]}