{"episode_id": "64155", "start_position": [-1.9761075973510742, 0.1662864238023758, -1.8550243377685547], "start_rotation": [0, 0.9656799963113348, 0, -0.25973475840584054]}