{"episode_id": "29797", "start_position": [-6.2624640464782715, 0.08076925575733185, -8.294169425964355], "start_rotation": [0, 0.5307350584812341, 0, 0.8475377854107279]}