{"episode_id": "31920", "start_position": [-2.3173999786376953, 0.17923279106616974, 3.6665334701538086], "start_rotation": [0, 0.6372168796417422, 0, -0.7706845322825945]}