{"episode_id": "39960", "start_position": [-4.219077110290527, -2.511791467666626, 0.73502516746521], "start_rotation": [0, 0.7201777678123688, 0, 0.6937895810321699]}