{"episode_id": "35963", "start_position": [0.42683225870132446, 0.17635054886341095, -0.6761197447776794], "start_rotation": [0, 0.8778848544394499, 0, 0.47887178069481806]}