{"episode_id": "9513", "start_position": [-3.7644667625427246, 0.03310127556324005, -6.442455291748047], "start_rotation": [0, 0.11054082442171614, 0, -0.993871584328764]}