{"episode_id": "66402", "start_position": [1.3476817607879639, 2.365107297897339, -7.05600643157959], "start_rotation": [0, 0.5519773982131159, 0, 0.8338590719431427]}