{"episode_id": "18031", "start_position": [6.470792770385742, 0.14657917618751526, 13.53618049621582], "start_rotation": [0, 0.8768189876428242, 0, 0.48082061406413606]}