{"episode_id": "32918", "start_position": [1.058436393737793, 0.17646045982837677, -4.972210884094238], "start_rotation": [0, 0.6190182627994559, 0, 0.7853765914010575]}