{"episode_id": "14774", "start_position": [-4.20918083190918, 0.1649409383535385, 1.0894609689712524], "start_rotation": [0, 0.6334482419608968, 0, -0.7737850636686192]}