{"episode_id": "37538", "start_position": [0.878026008605957, 0.1514829844236374, 0.037588298320770264], "start_rotation": [0, 0.8446075361365561, 0, -0.5353859448111578]}