{"episode_id": "67130", "start_position": [-8.105206489562988, 3.3526129722595215, 5.4541096687316895], "start_rotation": [0, 0.9286647011855395, 0, -0.37092030514919605]}