{"episode_id": "61128", "start_position": [2.577699899673462, 0.15289896726608276, 0.5195743441581726], "start_rotation": [0, 0.18286784959485783, 0, -0.9831375028878475]}