{"episode_id": "55694", "start_position": [-2.9902384281158447, 2.7814598083496094, -5.416109561920166], "start_rotation": [0, 0.998888991390856, 0, 0.04712518305702973]}