{"episode_id": "27111", "start_position": [6.000913619995117, 0.15222778916358948, 6.356382846832275], "start_rotation": [0, 0.9186905224979487, 0, -0.39497813087871847]}