{"episode_id": "35815", "start_position": [-1.0545332431793213, 0.16646166145801544, 0.858707070350647], "start_rotation": [0, 0.46672001401674, 0, -0.8844051269165133]}