{"episode_id": "1854", "start_position": [-10.501166343688965, 0.03994680941104889, -0.9513982534408569], "start_rotation": [0, 0.3739270231001357, 0, -0.9274581291872267]}