{"episode_id": "45146", "start_position": [-1.6058485507965088, 0.11104431748390198, 0.8036920428276062], "start_rotation": [0, 0.6355151268757824, 0, -0.7720884169005894]}