{"episode_id": "64390", "start_position": [-2.087024211883545, 0.08820843696594238, 6.418545722961426], "start_rotation": [0, 0.5876081339299914, 0, 0.8091456487798184]}