{"episode_id": "40737", "start_position": [-0.11090544611215591, -2.511791467666626, 0.1060599759221077], "start_rotation": [0, 0.6569571866581536, 0, -0.7539278844148185]}