{"episode_id": "47734", "start_position": [-0.38693320751190186, 0.15562696754932404, 3.5599443912506104], "start_rotation": [0, 0.29961231439853164, 0, 0.9540610363392666]}