{"episode_id": "55164", "start_position": [-2.8505287170410156, 0.10768157243728638, 0.29019904136657715], "start_rotation": [0, 0.9973445985083681, 0, 0.07282686198225269]}