{"episode_id": "23107", "start_position": [-4.336760997772217, 0.17949719727039337, 5.052023410797119], "start_rotation": [0, 0.03569741417059797, 0, -0.9993626441995582]}