{"episode_id": "55843", "start_position": [6.278744697570801, 0.14657917618751526, 11.59202766418457], "start_rotation": [0, 0.5255503463067711, 0, 0.8507625012286525]}