{"episode_id": "66385", "start_position": [-0.5586735606193542, 0.16243858635425568, -2.559321641921997], "start_rotation": [0, 0.12855756695937198, 0, 0.991702047984921]}