{"episode_id": "58463", "start_position": [2.048121929168701, 2.576350688934326, 1.6271915435791016], "start_rotation": [0, 0.6481122461946701, 0, 0.7615448222741058]}