{"episode_id": "32445", "start_position": [-0.22196313738822937, 0.18463699519634247, 2.648613452911377], "start_rotation": [0, 0.14836912270555977, 0, -0.9889320519770721]}