{"episode_id": "55454", "start_position": [0.0784396082162857, 0.17646045982837677, -4.42020845413208], "start_rotation": [0, 0.4485944188290544, 0, 0.8937354459768411]}