{"episode_id": "39297", "start_position": [0.234978586435318, 0.1887628585100174, 2.401416778564453], "start_rotation": [0, 0.8526328135964601, 0, 0.5225105598727972]}