{"episode_id": "25358", "start_position": [1.3574082851409912, 0.1662864238023758, 0.12600010633468628], "start_rotation": [0, 0.6333880163307546, 0, 0.7738343626181199]}