{"episode_id": "41180", "start_position": [0.013787567615509033, 0.14340916275978088, 1.716280221939087], "start_rotation": [0, 0.702922402625634, 0, -0.7112665434891523]}