{"episode_id": "45236", "start_position": [-0.7252781391143799, 2.7814598083496094, -3.2780330181121826], "start_rotation": [0, 0.11755560218579461, 0, 0.9930663021141817]}