{"episode_id": "16804", "start_position": [-4.878680229187012, -0.29474425315856934, -2.9644956588745117], "start_rotation": [0, 0.6211094515989095, 0, 0.7837238347367661]}