{"episode_id": "28273", "start_position": [-7.885678291320801, 0.17702746391296387, 6.299787521362305], "start_rotation": [0, 0.22485689418254012, 0, 0.9743917985792891]}