{"episode_id": "13567", "start_position": [0.9676503539085388, 0.17970331013202667, -3.0626816749572754], "start_rotation": [0, 0.04015734536144985, 0, -0.9991933684795558]}