{"episode_id": "39874", "start_position": [0.5406786799430847, -1.002579927444458, 6.158297061920166], "start_rotation": [0, 0.9799248061787943, 0, -0.1993674352432025]}