{"episode_id": "5322", "start_position": [-7.810245037078857, 0.03514885902404785, 3.3011622428894043], "start_rotation": [0, 0.008587686750576263, 0, 0.9999631251382592]}