{"episode_id": "30989", "start_position": [3.2020788192749023, 0.014962434768676758, 6.931384086608887], "start_rotation": [0, 0.3880717244236268, 0, 0.9216291752667516]}