{"episode_id": "42372", "start_position": [-0.4521145820617676, 0.09374307096004486, -1.440728783607483], "start_rotation": [0, 0.5043810953866592, 0, 0.8634811582290338]}