{"episode_id": "43104", "start_position": [-9.578800201416016, 0.15165157616138458, 8.62989330291748], "start_rotation": [0, 0.8645661567598893, 0, -0.5025190151481179]}