{"episode_id": "22440", "start_position": [-0.5184080600738525, 0.11509490013122559, -0.14020657539367676], "start_rotation": [0, 0.9637879193203176, 0, 0.26666992063637973]}