{"episode_id": "5503", "start_position": [1.2745274305343628, 0.14340916275978088, -8.246233940124512], "start_rotation": [0, 0.9999999496155052, 0, -0.0003174413127703063]}