{"episode_id": "3777", "start_position": [-1.3606910705566406, 0.10841822624206543, -5.337425231933594], "start_rotation": [0, 0.8163003426133768, 0, -0.577627692072743]}