{"episode_id": "40044", "start_position": [6.768799304962158, 0.17970331013202667, -0.029939865693449974], "start_rotation": [0, 0.624224458061844, 0, -0.7812450485970437]}