{"episode_id": "22381", "start_position": [1.4585312604904175, 0.17800255119800568, -3.2760210037231445], "start_rotation": [0, 0.4309692911410236, 0, 0.9023665940699509]}