{"episode_id": "55785", "start_position": [-5.209050178527832, 0.15165157616138458, 2.437993288040161], "start_rotation": [0, 0.4945892128818444, 0, 0.8691268667466894]}