{"episode_id": "50109", "start_position": [0.3608599901199341, 0.0701034814119339, 0.4384705424308777], "start_rotation": [0, 0.7264239005467963, 0, -0.6872469110257086]}