{"episode_id": "64769", "start_position": [6.125973701477051, 0.18360306322574615, -0.928257167339325], "start_rotation": [0, 0.012790511561768681, 0, 0.9999181980612155]}