{"episode_id": "19201", "start_position": [-3.432657480239868, 0.1403300017118454, 1.0018913745880127], "start_rotation": [0, 0.874584979190789, 0, -0.48487226583281406]}