{"episode_id": "32452", "start_position": [-1.8556240797042847, 0.19742000102996826, 16.744314193725586], "start_rotation": [0, 0.9328178121747375, 0, -0.36034834436907875]}