{"episode_id": "10511", "start_position": [-3.348259925842285, 0.1420295238494873, 1.0214064121246338], "start_rotation": [0, 0.8112754589130229, 0, 0.5846641170496648]}