{"episode_id": "38878", "start_position": [0.659063458442688, -2.511791467666626, 0.05845300108194351], "start_rotation": [0, 0.6341408837688837, 0, -0.7732175240725079]}