{"episode_id": "21745", "start_position": [-2.776124954223633, 0.19509807229042053, 0.15802347660064697], "start_rotation": [0, 0.08574479290227793, 0, 0.9963171334922156]}