{"episode_id": "24726", "start_position": [-8.796924591064453, 0.08356514573097229, -3.182130813598633], "start_rotation": [0, 0.2914965959523338, 0, 0.9565718658565083]}