{"episode_id": "29491", "start_position": [-2.3187756538391113, 0.17702746391296387, 4.223993301391602], "start_rotation": [0, 0.284277795908357, 0, 0.9587419542053464]}