{"episode_id": "46084", "start_position": [4.231693267822266, 0.05604910850524902, 0.11649361252784729], "start_rotation": [0, 0.7271690823680496, 0, 0.6864583932388101]}