{"episode_id": "28000", "start_position": [2.468344211578369, 2.365107297897339, -3.5372345447540283], "start_rotation": [0, 0.16522209305654603, 0, -0.9862563865273645]}