{"episode_id": "13575", "start_position": [-2.1295387744903564, 0.044724658131599426, 7.239714622497559], "start_rotation": [0, 0.406468477679388, 0, -0.913664805414437]}