{"episode_id": "38453", "start_position": [-8.852377891540527, -2.852285146713257, 6.883585453033447], "start_rotation": [0, 0.3004864825580035, 0, 0.9537860733937766]}