{"episode_id": "8209", "start_position": [0.7208458781242371, 0.17970331013202667, -2.738086700439453], "start_rotation": [0, 0.32270950719328895, 0, -0.9464980580894313]}