{"episode_id": "26823", "start_position": [-0.10052091628313065, 0.044724658131599426, 0.08946754783391953], "start_rotation": [0, 0.9450448420566173, 0, 0.32694073851721683]}