{"episode_id": "6711", "start_position": [-5.398184776306152, -2.511791467666626, 3.595554828643799], "start_rotation": [0, 0.9999556362212908, 0, -0.009419426164771478]}