{"episode_id": "54514", "start_position": [-0.42710939049720764, 0.15289896726608276, 1.4492559432983398], "start_rotation": [0, 0.9742233692622578, 0, -0.22558551988834394]}