{"episode_id": "63729", "start_position": [-2.774003744125366, 0.1672901213169098, -2.344810724258423], "start_rotation": [0, 0.9538078714710497, 0, -0.3004172836570252]}