{"episode_id": "18423", "start_position": [-3.6445095539093018, 0.17702746391296387, 5.616522789001465], "start_rotation": [0, 0.982489491338172, 0, -0.18631800613483437]}