{"episode_id": "19884", "start_position": [-1.359819769859314, 0.1751515418291092, -0.13749372959136963], "start_rotation": [0, 0.3036408208722593, 0, 0.9527865720611414]}