{"episode_id": "13018", "start_position": [-8.451926231384277, 0.1149064153432846, -1.7275604009628296], "start_rotation": [0, 0.17441049311594467, 0, 0.9846730319710463]}