{"episode_id": "53055", "start_position": [-2.469909429550171, 0.19144479930400848, 0.6073227524757385], "start_rotation": [0, 0.9736354846632926, 0, -0.22810949783925075]}