{"episode_id": "37895", "start_position": [-4.351781368255615, 0.17282123863697052, 1.6088663339614868], "start_rotation": [0, 0.5302568326879401, 0, -0.8478370665332778]}