{"episode_id": "18689", "start_position": [-2.5045628547668457, 0.1662864238023758, -0.12734350562095642], "start_rotation": [0, 0.9995973185710814, 0, -0.028376058667548786]}