{"episode_id": "59390", "start_position": [2.13578724861145, 0.14570780098438263, -1.5595178604125977], "start_rotation": [0, 0.4020995354398247, 0, -0.9155959608905432]}