{"episode_id": "37290", "start_position": [2.9060802459716797, 0.23213742673397064, 8.838286399841309], "start_rotation": [0, 0.938217748668975, 0, -0.3460454537810316]}