{"episode_id": "49300", "start_position": [-5.947007179260254, 0.20017647743225098, -2.8521382808685303], "start_rotation": [0, 0.8178392844857879, 0, 0.5754467001832354]}