{"episode_id": "26565", "start_position": [-2.7059719562530518, 2.7814598083496094, -2.7532896995544434], "start_rotation": [0, 0.27985511070167934, 0, -0.9600422475152595]}