{"episode_id": "41695", "start_position": [3.41847562789917, 0.1514829844236374, 3.82698917388916], "start_rotation": [0, 0.18599898132120074, 0, 0.9825499371265949]}