{"episode_id": "15249", "start_position": [6.54990816116333, -2.943950891494751, 1.97262442111969], "start_rotation": [0, 0.9998970407314824, 0, 0.014349492549357709]}