{"episode_id": "42918", "start_position": [4.438302516937256, 0.021137923002243042, 0.8145753145217896], "start_rotation": [0, 0.08467233603269353, 0, 0.9964088495746948]}