{"episode_id": "52083", "start_position": [-9.44709587097168, -3.206904888153076, -0.22237201035022736], "start_rotation": [0, 0.6407882327505698, 0, 0.7677176829853546]}