{"episode_id": "34767", "start_position": [4.777613639831543, 0.1887628585100174, 2.096036434173584], "start_rotation": [0, 0.6985189355523096, 0, -0.7155915711317933]}