{"episode_id": "24241", "start_position": [-1.372668743133545, 0.1751515418291092, -0.792540431022644], "start_rotation": [0, 0.9999698604474333, 0, 0.0077639034474118445]}