{"episode_id": "54933", "start_position": [2.504594326019287, 0.08076925575733185, -12.862796783447266], "start_rotation": [0, 0.47507944820109616, 0, -0.8799429060438763]}