{"episode_id": "44781", "start_position": [-4.474091529846191, 0.17702746391296387, 4.945444107055664], "start_rotation": [0, 0.7087862481919422, 0, 0.7054233157289248]}