{"episode_id": "56174", "start_position": [-1.2768594026565552, -2.967862606048584, -3.0858168601989746], "start_rotation": [0, 0.0524984716537587, 0, -0.9986210044226085]}