{"episode_id": "9825", "start_position": [-4.226125240325928, 1.5970072746276855, -0.633293092250824], "start_rotation": [0, 0.9762221259662521, 0, 0.2167726015296465]}