{"episode_id": "30391", "start_position": [3.3313581943511963, 0.17646045982837677, -2.1652798652648926], "start_rotation": [0, 0.10857454483349191, 0, -0.994088310068175]}