{"episode_id": "26423", "start_position": [-6.932499408721924, 0.037133216857910156, -4.840047836303711], "start_rotation": [0, 0.2918304771447819, 0, 0.9564700583967325]}