{"episode_id": "23741", "start_position": [2.8796322345733643, 0.014962434768676758, 8.79957389831543], "start_rotation": [0, 0.6498041830364252, 0, 0.7601016535361333]}