{"episode_id": "26658", "start_position": [-7.072576999664307, -2.8915817737579346, -4.1792988777160645], "start_rotation": [0, 0.7413877309915146, 0, 0.6710769198350168]}