{"episode_id": "29064", "start_position": [-4.18958854675293, 0.14340916275978088, -4.861008644104004], "start_rotation": [0, 0.9391422973138708, 0, -0.3435283764058293]}