{"episode_id": "56219", "start_position": [-3.662867546081543, 0.08820843696594238, 3.265180826187134], "start_rotation": [0, 0.9628835233777286, 0, 0.2699172473327539]}