{"episode_id": "13558", "start_position": [-4.444492340087891, 0.1649409383535385, 1.1755642890930176], "start_rotation": [0, 0.8312408157654604, 0, -0.5559124986952281]}