{"episode_id": "53281", "start_position": [-2.3564300537109375, -0.002579927444458008, 14.874587059020996], "start_rotation": [0, 0.09656577631756193, 0, -0.9953266051122046]}