{"episode_id": "38337", "start_position": [-6.315476894378662, 0.17923279106616974, 5.8930134773254395], "start_rotation": [0, 0.8120343293255777, 0, -0.5836096709246336]}