{"episode_id": "43112", "start_position": [-3.9443788528442383, 1.662041425704956, -4.885644912719727], "start_rotation": [0, 0.37301160311631754, 0, 0.9278266777478403]}