{"episode_id": "9578", "start_position": [-7.344542026519775, 0.08076925575733185, -4.34119987487793], "start_rotation": [0, 0.9132741440195328, 0, 0.4073454772860375]}