{"episode_id": "43025", "start_position": [-0.7930188179016113, 0.01672700047492981, 14.780149459838867], "start_rotation": [0, 0.35635905956093183, 0, -0.9343490892963123]}