{"episode_id": "8923", "start_position": [0.5021592378616333, 0.16243858635425568, 1.1961183547973633], "start_rotation": [0, 0.13755019265278157, 0, -0.990494797816315]}