{"episode_id": "4207", "start_position": [2.8592870235443115, 2.365107297897339, -2.6377334594726562], "start_rotation": [0, 0.9900911706977248, 0, -0.14042604354751567]}