{"episode_id": "4254", "start_position": [-2.548586368560791, 0.1649409383535385, -0.6897535920143127], "start_rotation": [0, 0.791402409628893, 0, 0.6112955308470543]}