{"episode_id": "8891", "start_position": [-5.87952184677124, 0.08537168800830841, 8.557210922241211], "start_rotation": [0, 0.3334233972033925, 0, -0.9427771943557761]}