{"episode_id": "49506", "start_position": [-4.352292060852051, 0.14340753853321075, -2.8931148052215576], "start_rotation": [0, 0.9986907806843688, 0, 0.051153930211138635]}