{"episode_id": "38842", "start_position": [-6.669955253601074, 0.03310127556324005, -0.1774791181087494], "start_rotation": [0, 0.8443239453562567, 0, 0.5358330666336717]}