{"episode_id": "52626", "start_position": [5.859185695648193, 0.22113794088363647, -1.5484414100646973], "start_rotation": [0, 0.9973897407704979, 0, 0.07220599009610623]}