{"episode_id": "40519", "start_position": [-2.073910713195801, 0.15964920818805695, 4.195261478424072], "start_rotation": [0, 0.9943142626156078, 0, 0.10648543167579365]}