{"episode_id": "40362", "start_position": [-0.06544089317321777, 0.044724658131599426, -1.174750804901123], "start_rotation": [0, 0.4738369853781884, 0, -0.8806125772936192]}