{"episode_id": "21262", "start_position": [1.655499815940857, 0.18463699519634247, -0.6874173879623413], "start_rotation": [0, 0.1699428238898281, 0, -0.985453924142753]}