{"episode_id": "9646", "start_position": [-4.229175090789795, 0.1949349045753479, 0.26387500762939453], "start_rotation": [0, 0.4785476050578356, 0, -0.878061609281154]}