{"episode_id": "21927", "start_position": [3.1438539028167725, 0.21138741075992584, 4.96082878112793], "start_rotation": [0, 0.49792187967593843, 0, 0.8672218872583765]}