{"episode_id": "7305", "start_position": [1.8662501573562622, 0.1719042807817459, -6.239024639129639], "start_rotation": [0, 0.4293562606994773, 0, 0.9031352065987476]}