{"episode_id": "53676", "start_position": [-4.7206220626831055, 0.037133216857910156, -3.7417073249816895], "start_rotation": [0, 0.245711653336179, 0, -0.969342964803893]}