{"episode_id": "29214", "start_position": [-0.2864524722099304, 0.18145985901355743, -0.7214809060096741], "start_rotation": [0, 0.42481308133943885, 0, -0.9052810866923551]}