{"episode_id": "64413", "start_position": [-5.83223295211792, -0.03270988166332245, 6.540897846221924], "start_rotation": [0, 0.4665981428377366, 0, -0.8844694302803094]}