{"episode_id": "9798", "start_position": [0.15077391266822815, 1.5970072746276855, 0.360312819480896], "start_rotation": [0, 0.60523726305729, 0, -0.7960451340262816]}