{"episode_id": "50119", "start_position": [-2.698488712310791, 0.1005861759185791, 1.25737726688385], "start_rotation": [0, 0.19928775157156628, 0, -0.9799410145889138]}