{"episode_id": "30737", "start_position": [-1.196843147277832, 0.1751515418291092, -2.6099650859832764], "start_rotation": [0, 0.8883656737404552, 0, -0.459136613351263]}