{"episode_id": "40021", "start_position": [0.4389280080795288, 0.18145985901355743, -3.4086251258850098], "start_rotation": [0, 0.6568051966315901, 0, 0.7540602984362313]}