{"episode_id": "41352", "start_position": [-6.574525833129883, 0.16511733829975128, -1.0691242218017578], "start_rotation": [0, 0.24735456187266608, 0, -0.9689250335917539]}