{"episode_id": "18723", "start_position": [-6.400559425354004, 0.17635054886341095, -0.4593350291252136], "start_rotation": [0, 0.9995515519638198, 0, 0.029944865448339342]}