{"episode_id": "56554", "start_position": [3.0056447982788086, 3.22855806350708, -0.5540754795074463], "start_rotation": [0, 0.5608450000685664, 0, -0.8279208210318724]}