{"episode_id": "10462", "start_position": [2.591768980026245, 0.1514829844236374, 1.7908623218536377], "start_rotation": [0, 0.3467471118926969, 0, -0.9379586560153244]}