{"episode_id": "54371", "start_position": [4.388793468475342, 0.021137923002243042, 1.5149036645889282], "start_rotation": [0, 0.23711790354739407, 0, 0.9714808798001578]}