{"episode_id": "64714", "start_position": [2.165929079055786, 0.18321557343006134, -0.5554084777832031], "start_rotation": [0, 0.14864995004540554, 0, 0.9888898787789763]}