{"episode_id": "23488", "start_position": [0.026860743761062622, 0.12324567139148712, -0.3458707332611084], "start_rotation": [0, 0.996651604057186, 0, -0.08176539690014427]}