{"episode_id": "29797", "start_position": [3.324188470840454, 0.23213757574558258, 9.692224502563477], "start_rotation": [0, 0.49240107262192184, 0, 0.8703684183613172]}