{"episode_id": "43208", "start_position": [1.2644762992858887, 3.3211450576782227, -2.5496437549591064], "start_rotation": [0, 0.9960098468554912, 0, 0.08924340293209862]}