{"episode_id": "37213", "start_position": [-0.1814928650856018, 0.08076925575733185, -13.427990913391113], "start_rotation": [0, 0.9823444889122851, 0, -0.18708101214089404]}