{"episode_id": "15753", "start_position": [0.38680708408355713, 0.1662864238023758, -1.717186689376831], "start_rotation": [0, 0.9654910422660706, 0, 0.26043626341962545]}