{"episode_id": "37213", "start_position": [-3.342036724090576, 0.1649409383535385, 0.13381382822990417], "start_rotation": [0, 0.20724740640644732, 0, -0.978288563021055]}