{"episode_id": "38626", "start_position": [5.219088077545166, 0.040656521916389465, 2.7238223552703857], "start_rotation": [0, 0.40221863774065725, 0, 0.9155436458487656]}