{"episode_id": "4811", "start_position": [-4.714897155761719, -3.206904888153076, -2.5828418731689453], "start_rotation": [0, 0.7838137586444356, 0, 0.6209959675872964]}