{"episode_id": "41764", "start_position": [-8.632413864135742, 0.08356514573097229, -3.9313817024230957], "start_rotation": [0, 0.7135716179675106, 0, -0.7005822906919851]}