{"episode_id": "31251", "start_position": [0.8177993297576904, 0.09678955376148224, -2.265376567840576], "start_rotation": [0, 0.5276988941909919, 0, -0.8494315022823231]}