{"episode_id": "63969", "start_position": [-10.247761726379395, 3.1434075832366943, 0.753118634223938], "start_rotation": [0, 0.2905866120866234, 0, -0.9568486927806393]}