{"episode_id": "66593", "start_position": [4.103895664215088, 0.15289896726608276, -3.0012407302856445], "start_rotation": [0, 0.10507327974565975, 0, -0.9944644819617694]}