{"episode_id": "14552", "start_position": [2.5028176307678223, 0.18360306322574615, -2.6407053470611572], "start_rotation": [0, 0.8099516929887889, 0, 0.5864965942139773]}