{"episode_id": "57419", "start_position": [-6.5953569412231445, 0.08076925575733185, -5.490914344787598], "start_rotation": [0, 0.45644816571187397, 0, -0.8897500053488427]}