{"episode_id": "30031", "start_position": [-0.22906818985939026, 2.365107297897339, -4.502232074737549], "start_rotation": [0, 0.7121416494746259, 0, 0.7020358047019818]}