{"episode_id": "18312", "start_position": [-2.463231086730957, 0.1719042807817459, -9.320219993591309], "start_rotation": [0, 0.6462343694400933, 0, 0.7631390042150676]}