{"episode_id": "64241", "start_position": [0.7169781923294067, -2.364851236343384, 4.906498908996582], "start_rotation": [0, 0.8577061085667916, 0, 0.514140283703982]}