{"episode_id": "54153", "start_position": [4.689957141876221, 0.014962434768676758, 4.6160359382629395], "start_rotation": [0, 0.01526078346919258, 0, -0.9998835474633566]}