{"episode_id": "49409", "start_position": [-5.310983180999756, 0.1672901213169098, 3.279304027557373], "start_rotation": [0, 0.9741686456740095, 0, -0.22582172124413988]}