{"episode_id": "68028", "start_position": [-3.309309720993042, 0.17702746391296387, 7.072664737701416], "start_rotation": [0, 0.7214953506943677, 0, 0.6924192797188792]}