{"episode_id": "17262", "start_position": [2.404520273208618, 2.365107297897339, -5.024294853210449], "start_rotation": [0, 0.05660008708286285, 0, -0.9983969301546416]}