{"episode_id": "25835", "start_position": [-1.2455774545669556, -2.8915817737579346, 0.23905770480632782], "start_rotation": [0, 0.6437229873607982, 0, -0.7652585939035834]}