{"episode_id": "42412", "start_position": [-2.604494571685791, 3.0807693004608154, -9.576904296875], "start_rotation": [0, 0.06388801772055834, 0, -0.9979570738221848]}