{"episode_id": "67163", "start_position": [2.318350315093994, 0.14570780098438263, -3.146099090576172], "start_rotation": [0, 0.05885016839657876, 0, -0.9982668268953419]}