{"episode_id": "65850", "start_position": [-0.9741063117980957, 0.1751515418291092, -2.5098509788513184], "start_rotation": [0, 0.9791360755048992, 0, -0.2032056732595432]}