{"episode_id": "29232", "start_position": [-4.7320709228515625, 0.17923279106616974, 1.805567741394043], "start_rotation": [0, 0.3060070975472332, 0, 0.9520292307753571]}