{"episode_id": "32528", "start_position": [-7.989731788635254, 0.1672901213169098, 5.245824813842773], "start_rotation": [0, 0.4363576694266747, 0, -0.8997732960765844]}