{"episode_id": "50689", "start_position": [-5.089134216308594, 0.037133216857910156, -4.308436393737793], "start_rotation": [0, 0.9873100963224529, 0, 0.15880419925099204]}