{"episode_id": "57306", "start_position": [0.43323636054992676, 0.14340916275978088, -2.0596764087677], "start_rotation": [0, 0.06316952212177641, 0, 0.9980028113562137]}