{"episode_id": "50250", "start_position": [0.8853060007095337, 0.18128342926502228, 2.3834238052368164], "start_rotation": [0, 0.5926909572896794, 0, 0.8054299653893214]}