{"episode_id": "68004", "start_position": [-2.083376169204712, 0.17282123863697052, -1.1675819158554077], "start_rotation": [0, 0.8416500278484776, 0, -0.5400233611823259]}