{"episode_id": "26337", "start_position": [-2.302124261856079, 0.12324567139148712, -1.134006381034851], "start_rotation": [0, 0.7908516910462127, 0, 0.6120078453495068]}