{"episode_id": "36101", "start_position": [2.1127374172210693, 0.14570780098438263, -2.4310436248779297], "start_rotation": [0, 0.7821361492952021, 0, 0.6231075701399184]}