{"episode_id": "25342", "start_position": [-3.530552387237549, 0.10841822624206543, 1.430382490158081], "start_rotation": [0, 0.9367661540741292, 0, 0.3499559580592462]}