{"episode_id": "14242", "start_position": [-0.1631365567445755, 0.18128342926502228, -0.11486423015594482], "start_rotation": [0, 0.7866468096461227, 0, -0.6174032692443221]}