{"episode_id": "40439", "start_position": [2.1035351753234863, 0.021137923002243042, 5.971303939819336], "start_rotation": [0, 0.7805599418696693, 0, -0.6250809364781641]}