{"episode_id": "52111", "start_position": [-6.74174690246582, 0.17923279106616974, 4.4789252281188965], "start_rotation": [0, 0.9585436932153114, 0, -0.28494558813421017]}