{"episode_id": "62024", "start_position": [-8.431404113769531, 0.17000891268253326, -2.6784071922302246], "start_rotation": [0, 0.8921116834829177, 0, -0.45181494463250604]}