{"episode_id": "7952", "start_position": [-2.916921615600586, 0.19555269181728363, 1.6006534099578857], "start_rotation": [0, 0.7914250860221334, 0, 0.6112661721499553]}