{"episode_id": "28844", "start_position": [-6.042184829711914, 0.16511733829975128, -1.0780165195465088], "start_rotation": [0, 0.31685175384538183, 0, -0.9484750740452306]}