{"episode_id": "33757", "start_position": [-3.751688003540039, 0.18128342926502228, 6.546207427978516], "start_rotation": [0, 0.7390433971718254, 0, 0.6736578189976922]}