{"episode_id": "12923", "start_position": [1.176591396331787, 0.14657917618751526, 14.488948822021484], "start_rotation": [0, 0.10167252380602283, 0, 0.994817921985181]}