{"episode_id": "21860", "start_position": [0.6538673639297485, 0.025033235549926758, -2.9082255363464355], "start_rotation": [0, 0.30443477789932666, 0, 0.9525331836767618]}