{"episode_id": "44274", "start_position": [-4.29629373550415, 0.09678955376148224, -4.686069488525391], "start_rotation": [0, 0.7192627717967929, 0, 0.6947381269998032]}