{"episode_id": "40885", "start_position": [-4.547335147857666, 0.15165157616138458, 7.5766496658325195], "start_rotation": [0, 0.9961592227825102, 0, -0.0875602813228988]}