{"episode_id": "60897", "start_position": [-0.18202978372573853, 1.662041425704956, -6.152322769165039], "start_rotation": [0, 0.5332241487102733, 0, 0.8459739991466666]}