{"episode_id": "13574", "start_position": [-4.402435302734375, -2.943950891494751, -3.6342644691467285], "start_rotation": [0, 0.2773216345972449, 0, 0.9607771390828949]}