{"episode_id": "57304", "start_position": [-6.351736545562744, 0.12324567139148712, -3.3610458374023438], "start_rotation": [0, 0.28744777168537705, 0, 0.9577963137082495]}