{"episode_id": "46628", "start_position": [8.403219223022461, 0.19309520721435547, -3.278089761734009], "start_rotation": [0, 0.7367517796699691, 0, -0.6761633050921451]}