{"episode_id": "17772", "start_position": [-2.5650172233581543, 0.16243858635425568, -1.8272345066070557], "start_rotation": [0, 0.3827195843321071, 0, -0.9238645570475464]}