{"episode_id": "23273", "start_position": [-0.32951053977012634, 0.14570780098438263, -1.3952487707138062], "start_rotation": [0, 0.9424042590160969, 0, 0.33447602692617795]}