{"episode_id": "59966", "start_position": [2.741027355194092, 0.15289896726608276, -2.5088951587677], "start_rotation": [0, 0.8637608025454625, 0, 0.5039020499918794]}