{"episode_id": "41764", "start_position": [-2.150038003921509, 0.12695345282554626, 0.6925325393676758], "start_rotation": [0, 0.8756669000052921, 0, 0.4829156036359995]}