{"episode_id": "53578", "start_position": [3.5715548992156982, 0.22391986846923828, 4.740195274353027], "start_rotation": [0, 0.5933107824588126, 0, 0.8049734874007414]}