{"episode_id": "17100", "start_position": [4.154727458953857, 0.23281100392341614, 4.353292465209961], "start_rotation": [0, 0.9170911437973378, 0, -0.39867760655508444]}