{"episode_id": "49409", "start_position": [-4.499702453613281, 0.15562696754932404, 1.3249856233596802], "start_rotation": [0, 0.9018695044518134, 0, -0.43200856118813274]}