{"episode_id": "14720", "start_position": [-2.070952892303467, 0.14340916275978088, -0.29930952191352844], "start_rotation": [0, 0.8345270442853404, 0, 0.5509669793702464]}