{"episode_id": "43457", "start_position": [-1.0938444137573242, 0.1751515418291092, -2.181058883666992], "start_rotation": [0, 0.8666751315898578, 0, -0.4988729460330584]}