{"episode_id": "55291", "start_position": [-0.18286879360675812, 3.3211450576782227, -3.8776659965515137], "start_rotation": [0, 0.1913222987270321, 0, -0.9815272680928453]}