{"episode_id": "54923", "start_position": [-8.440569877624512, 0.17923279106616974, 3.3163928985595703], "start_rotation": [0, 0.8824932732595117, 0, -0.47032501810100746]}