{"episode_id": "40768", "start_position": [10.457508087158203, 0.19309520721435547, -0.8760966658592224], "start_rotation": [0, 0.6791314564743532, 0, 0.7340166652243146]}