{"episode_id": "51327", "start_position": [0.16634047031402588, 0.08076925575733185, -16.074710845947266], "start_rotation": [0, 0.12028311224605331, 0, -0.9927396299676987]}