{"episode_id": "55456", "start_position": [-3.2908902168273926, 0.581283450126648, 4.924648761749268], "start_rotation": [0, 0.9352315504350656, 0, 0.35403664650827227]}