{"episode_id": "5365", "start_position": [-5.594449043273926, 0.15562696754932404, -0.6226842999458313], "start_rotation": [0, 0.9999904521375526, 0, 0.004369855115827453]}