{"episode_id": "43217", "start_position": [-0.5450147390365601, 0.18128342926502228, 2.723156452178955], "start_rotation": [0, 0.13080209377748478, 0, -0.9914084991886171]}