{"episode_id": "34724", "start_position": [-12.83371353149414, 0.14771485328674316, 1.0638325214385986], "start_rotation": [0, 0.47261441684928823, 0, 0.8812693192130356]}