{"episode_id": "46810", "start_position": [-2.924445629119873, 0.15964920818805695, 5.1840596199035645], "start_rotation": [0, 0.23941245177733744, 0, -0.970917956335119]}