{"episode_id": "40311", "start_position": [-10.001033782958984, 0.2331012785434723, 3.7104549407958984], "start_rotation": [0, 0.4476635162035045, 0, 0.8942020891612336]}