{"episode_id": "13389", "start_position": [-3.0109310150146484, 1.5974199771881104, 1.1251271963119507], "start_rotation": [0, 0.9661690221790405, 0, 0.2579097140116996]}