{"episode_id": "21492", "start_position": [-0.2718903422355652, 0.17635054886341095, -1.4946413040161133], "start_rotation": [0, 0.7342375663090074, 0, 0.6788926249567202]}