{"episode_id": "5870", "start_position": [-5.429543495178223, 0.17635054886341095, 1.9704164266586304], "start_rotation": [0, 0.9829255838527812, 0, -0.18400352335667164]}