{"episode_id": "35842", "start_position": [-4.185844421386719, 0.037133216857910156, -3.6941957473754883], "start_rotation": [0, 0.8659523050314036, 0, 0.5001265893859264]}