{"episode_id": "11100", "start_position": [-3.037135362625122, 0.15562696754932404, 3.898866653442383], "start_rotation": [0, 0.3537698219821764, 0, 0.9353325146998255]}