{"episode_id": "33839", "start_position": [-0.5417040586471558, 0.17702746391296387, -0.6650588512420654], "start_rotation": [0, 0.6471324241121927, 0, 0.7623776135634343]}