{"episode_id": "34715", "start_position": [2.9559273719787598, 0.1514829844236374, 3.267584800720215], "start_rotation": [0, 0.9980594758396752, 0, -0.06226783027079671]}