{"episode_id": "5014", "start_position": [-6.052339553833008, -2.8915817737579346, -5.94207239151001], "start_rotation": [0, 0.049729932693784853, 0, -0.9987627014432766]}