{"episode_id": "36619", "start_position": [-1.0287022590637207, -0.03270988166332245, 11.60756778717041], "start_rotation": [0, 0.01493972311333742, 0, -0.9998883961089342]}