{"episode_id": "65157", "start_position": [5.145702838897705, 0.03539946675300598, 2.952751874923706], "start_rotation": [0, 0.7402803221211538, 0, 0.6722983301185573]}