{"episode_id": "8256", "start_position": [-1.375747561454773, 0.1751515418291092, -3.1165590286254883], "start_rotation": [0, 0.673471240889166, 0, 0.739213424996602]}