{"episode_id": "13642", "start_position": [1.314620018005371, 0.1561131626367569, -8.023786544799805], "start_rotation": [0, 0.22129618652019023, 0, 0.9752066436564207]}