{"episode_id": "29417", "start_position": [2.235614776611328, 0.18463699519634247, 1.2482247352600098], "start_rotation": [0, 0.7559748094128779, 0, 0.6546007084728545]}