{"episode_id": "58378", "start_position": [-1.1993478536605835, 0.1751515418291092, -3.034993886947632], "start_rotation": [0, 0.2086270694111576, 0, 0.9779952688581434]}