{"episode_id": "55160", "start_position": [-3.8527300357818604, 0.1514829844236374, 1.609466552734375], "start_rotation": [0, 0.9221874445146268, 0, 0.3867432186601106]}