{"episode_id": "37619", "start_position": [1.8197829723358154, 3.3211450576782227, -0.37330329418182373], "start_rotation": [0, 0.6726027074416406, 0, 0.7400037823836948]}