{"episode_id": "55694", "start_position": [-4.041673183441162, 0.0701034814119339, 2.6879706382751465], "start_rotation": [0, 0.9787796845927828, 0, -0.20491541920619988]}