{"episode_id": "19142", "start_position": [-1.0185291767120361, 0.1662864238023758, -1.8070578575134277], "start_rotation": [0, 0.9756998332430129, 0, 0.2191114680010079]}