{"episode_id": "64670", "start_position": [2.011535882949829, 1.662041425704956, -5.180672645568848], "start_rotation": [0, 0.9131469602291211, 0, -0.40763050551242586]}