{"episode_id": "50260", "start_position": [0.30907106399536133, 0.17949719727039337, 6.409293174743652], "start_rotation": [0, 0.7195433063857667, 0, 0.6944475719846954]}