{"episode_id": "33214", "start_position": [-0.15348529815673828, 0.14340916275978088, -1.8308310508728027], "start_rotation": [0, 0.01168015023684274, 0, -0.99993178471856]}