{"episode_id": "58457", "start_position": [-0.5414938926696777, 0.16511733829975128, 1.2696137428283691], "start_rotation": [0, 0.25328799163011995, 0, -0.9673909206189504]}