{"episode_id": "53969", "start_position": [-2.8730053901672363, 2.7814598083496094, -1.7305160760879517], "start_rotation": [0, 0.43763656568955833, 0, -0.8991519539941227]}