{"episode_id": "16758", "start_position": [3.138054609298706, 0.16243858635425568, -2.571779489517212], "start_rotation": [0, 0.6929109734698352, 0, -0.7210231500063541]}