{"episode_id": "54923", "start_position": [-9.460330963134766, 0.03310127556324005, -9.592066764831543], "start_rotation": [0, 0.16433206178240534, 0, -0.9864050757525246]}