{"episode_id": "8198", "start_position": [-0.6201181411743164, 0.1751515418291092, -2.3740456104278564], "start_rotation": [0, 0.8704978421635007, 0, -0.4921722328501365]}