{"episode_id": "21860", "start_position": [-1.8883898258209229, 0.17702746391296387, 5.1099700927734375], "start_rotation": [0, 0.7851036850688922, 0, -0.619364354553316]}