{"episode_id": "61128", "start_position": [-2.243945598602295, 0.17000891268253326, -4.597137451171875], "start_rotation": [0, 0.48868190018740937, 0, 0.8724620338038916]}