{"episode_id": "49519", "start_position": [-7.518197536468506, 0.044724658131599426, 3.1853995323181152], "start_rotation": [0, 0.6106548475219198, 0, -0.7918968728300301]}