{"episode_id": "7232", "start_position": [-2.132563829421997, 0.1751515418291092, -2.2426066398620605], "start_rotation": [0, 0.6389453918568772, 0, 0.7692520953659221]}