{"episode_id": "16762", "start_position": [-4.531431198120117, 0.17800255119800568, -6.33969783782959], "start_rotation": [0, 0.9512466770453332, 0, -0.30843112587774224]}