{"episode_id": "50406", "start_position": [-6.080286979675293, 1.5970072746276855, -4.436276435852051], "start_rotation": [0, 0.6101722483175838, 0, 0.7922687848092116]}