{"episode_id": "44543", "start_position": [-0.15489791333675385, 0.17646045982837677, -1.0692013502120972], "start_rotation": [0, 0.11387724227950627, 0, 0.993494828215434]}