{"episode_id": "6520", "start_position": [9.871454238891602, 0.36205750703811646, -1.0135647058486938], "start_rotation": [0, 0.9996876377667168, 0, 0.024992536814052103]}