{"episode_id": "41516", "start_position": [-7.186404228210449, 0.040276072919368744, -1.4326443672180176], "start_rotation": [0, 0.5725914298513316, 0, 0.8198408714261614]}