{"episode_id": "68010", "start_position": [4.463621616363525, 0.09678955376148224, -5.712101936340332], "start_rotation": [0, 0.8804850585961458, 0, -0.4740738988690915]}