{"episode_id": "50591", "start_position": [-2.8617119789123535, 0.044724658131599426, 0.4755738079547882], "start_rotation": [0, 0.5850411829272085, 0, 0.8110035846277946]}