{"episode_id": "58173", "start_position": [-1.854914665222168, 0.03514885902404785, 3.0919384956359863], "start_rotation": [0, 0.9472763757338185, 0, -0.3204176461691858]}