{"episode_id": "25508", "start_position": [-3.410667657852173, 0.12920238077640533, 5.234198570251465], "start_rotation": [0, 0.9852044256219133, 0, 0.17138331230022305]}