{"episode_id": "54506", "start_position": [1.0098201036453247, 0.12194900214672089, 1.3091930150985718], "start_rotation": [0, 0.3478393451396217, 0, 0.9375541530881505]}