{"episode_id": "28511", "start_position": [-3.7992401123046875, 0.17282123863697052, 1.0348893404006958], "start_rotation": [0, 0.22318635997183428, 0, -0.9747757940790912]}