{"episode_id": "32330", "start_position": [3.6829843521118164, 0.16646166145801544, 0.3000757396221161], "start_rotation": [0, 0.10236592525884838, 0, 0.994746810673902]}