{"episode_id": "41358", "start_position": [-7.802876949310303, 3.683565139770508, -2.726235866546631], "start_rotation": [0, 0.9722454005307933, 0, -0.23396341839423773]}