{"episode_id": "11301", "start_position": [-1.7662041187286377, 3.056049346923828, 2.252737045288086], "start_rotation": [0, 0.028463421899546437, 0, -0.9995948347274352]}