{"episode_id": "8592", "start_position": [-0.43542468547821045, 0.17002512514591217, 3.3195230960845947], "start_rotation": [0, 0.04652196312377649, 0, 0.9989172673185253]}