{"episode_id": "42479", "start_position": [-1.4283391237258911, 0.14340916275978088, 1.7928271293640137], "start_rotation": [0, 0.5932530301600129, 0, -0.8050160508995847]}