{"episode_id": "9044", "start_position": [0.7191369533538818, 0.12194900214672089, 1.5772278308868408], "start_rotation": [0, 0.12834463848004599, 0, -0.9917296273548685]}