{"episode_id": "37993", "start_position": [-5.2670698165893555, 0.1005861759185791, -3.175614356994629], "start_rotation": [0, 0.9957687138374064, 0, 0.09189487767333615]}