{"episode_id": "42479", "start_position": [-2.0907256603240967, 0.17800255119800568, -6.144292831420898], "start_rotation": [0, 0.5797607609088435, 0, 0.8147867574466333]}