{"episode_id": "39664", "start_position": [5.3890581130981445, 0.1887628585100174, 0.721067488193512], "start_rotation": [0, 0.9166716243985672, 0, 0.3996412554060105]}