{"episode_id": "50807", "start_position": [-4.902729034423828, 0.044724658131599426, 0.20004628598690033], "start_rotation": [0, 0.5955382792745318, 0, 0.8033269309059231]}