{"episode_id": "54725", "start_position": [2.0434041023254395, 0.15562696754932404, 3.836332321166992], "start_rotation": [0, 0.02225775919976246, 0, 0.9997522653914845]}