{"episode_id": "27940", "start_position": [7.146420955657959, 0.18360306322574615, -0.9962550401687622], "start_rotation": [0, 0.9962780552474613, 0, 0.08619766024862023]}