{"episode_id": "39112", "start_position": [1.8778923749923706, 0.18321557343006134, -1.838070273399353], "start_rotation": [0, 0.9811272465737562, 0, -0.19336319719791542]}