{"episode_id": "53544", "start_position": [1.7361599206924438, 0.18463699519634247, -0.5980404615402222], "start_rotation": [0, 0.39590923857158583, 0, 0.91828964646982]}