{"episode_id": "26192", "start_position": [1.2321598529815674, 0.1751515418291092, -0.4245462417602539], "start_rotation": [0, 0.951447888630812, 0, 0.3078098686201762]}