{"episode_id": "63448", "start_position": [0.7956821322441101, 0.032137393951416016, 3.418124198913574], "start_rotation": [0, 0.5834530618730485, 0, -0.8121468614671639]}