{"episode_id": "18179", "start_position": [-2.983579158782959, 0.14340916275978088, -6.840973854064941], "start_rotation": [0, 0.5701775427054748, 0, -0.8215214968546755]}