{"episode_id": "20150", "start_position": [0.4634861350059509, 0.1719042807817459, -0.1277451366186142], "start_rotation": [0, 0.27223528004831254, 0, -0.9622307167706802]}