{"episode_id": "40244", "start_position": [-1.8417470455169678, 0.1514829844236374, 0.7440064549446106], "start_rotation": [0, 0.07825813932646644, 0, -0.9969331289656089]}