{"episode_id": "2863", "start_position": [-4.078125, 0.1649409383535385, 1.1891074180603027], "start_rotation": [0, 0.6744613138776995, 0, -0.7383101896102798]}