{"episode_id": "60298", "start_position": [-1.2435328960418701, 0.0727996677160263, -1.132831335067749], "start_rotation": [0, 0.9856193939616816, 0, 0.16898050256348313]}