{"episode_id": "53029", "start_position": [-4.707289695739746, 0.17282123863697052, 2.1072473526000977], "start_rotation": [0, 0.9786021809955601, 0, -0.20576144281845662]}