{"episode_id": "7185", "start_position": [6.852583408355713, 0.06246163696050644, 1.295825481414795], "start_rotation": [0, 0.10323174058225504, 0, 0.9946573318165196]}