{"episode_id": "64601", "start_position": [-0.5772538185119629, 1.5970072746276855, -4.845725059509277], "start_rotation": [0, 0.8001245725457566, 0, -0.5998338673403414]}