{"episode_id": "64806", "start_position": [-4.226804733276367, 3.1434075832366943, -0.3452019691467285], "start_rotation": [0, 0.6653527264106095, 0, 0.746529135036248]}