{"episode_id": "28695", "start_position": [4.454169273376465, 0.021137923002243042, 0.6021155118942261], "start_rotation": [0, 0.19822119311705572, 0, 0.9801573131896996]}