{"episode_id": "25508", "start_position": [-2.0859994888305664, 0.12194900214672089, 1.359209418296814], "start_rotation": [0, 0.7889559817218526, 0, 0.6144497204046137]}