{"episode_id": "50527", "start_position": [-3.895515203475952, 0.09678955376148224, -4.259225845336914], "start_rotation": [0, 0.21911378443933524, 0, -0.9756993130409966]}