{"episode_id": "40885", "start_position": [-3.9796648025512695, 0.037133216857910156, -2.3456923961639404], "start_rotation": [0, 0.16167358379809166, 0, 0.9868442897954476]}