{"episode_id": "10433", "start_position": [-3.0534205436706543, 0.21255743503570557, 0.4819379448890686], "start_rotation": [0, 0.6483818820615013, 0, -0.7613152665055295]}