{"episode_id": "38265", "start_position": [-4.835498809814453, 0.15964920818805695, -0.6936925649642944], "start_rotation": [0, 0.951587795550801, 0, 0.30737707682709037]}