{"episode_id": "41181", "start_position": [-7.748043537139893, 0.17702746391296387, 4.858912944793701], "start_rotation": [0, 0.8022710734307037, 0, -0.596959902117677]}