{"episode_id": "6847", "start_position": [-5.672626495361328, 0.10773327946662903, -1.5606389045715332], "start_rotation": [0, 0.713291655942749, 0, -0.7008673295014193]}