{"episode_id": "57039", "start_position": [-8.182572364807129, 0.17923279106616974, 1.0000866651535034], "start_rotation": [0, 0.9823107244171362, 0, -0.1872582192991304]}