{"episode_id": "41923", "start_position": [-1.0607203245162964, 0.1662864238023758, -1.1059502363204956], "start_rotation": [0, 0.08029254644955507, 0, -0.9967713413740616]}