{"episode_id": "55932", "start_position": [-1.0397926568984985, -2.511791467666626, 2.001828908920288], "start_rotation": [0, 0.20426018095041737, 0, 0.9789166351013261]}