{"episode_id": "42984", "start_position": [0.5130286812782288, 0.14340916275978088, -1.881288766860962], "start_rotation": [0, 0.9954247483908091, 0, 0.09554878487502792]}