{"episode_id": "14373", "start_position": [-1.7001887559890747, 0.1662864238023758, -1.5286574363708496], "start_rotation": [0, 0.9043824799253368, 0, -0.42672277886714444]}