{"episode_id": "66917", "start_position": [0.19354858994483948, 0.025033235549926758, 1.3761807680130005], "start_rotation": [0, 0.9001903445619127, 0, -0.4354966630842364]}