{"episode_id": "2573", "start_position": [-4.824061393737793, -3.206904888153076, -2.044842481613159], "start_rotation": [0, 0.9995489186597899, 0, -0.030032635682616694]}