{"episode_id": "48026", "start_position": [-5.16562557220459, 0.1672901213169098, -1.4878554344177246], "start_rotation": [0, 0.901138788823795, 0, -0.43353071780115415]}