{"episode_id": "63188", "start_position": [-5.336740493774414, 0.03747178241610527, -5.918005466461182], "start_rotation": [0, 0.03858774156459709, 0, -0.9992552157486815]}