{"episode_id": "18250", "start_position": [0.8352271318435669, 2.365107297897339, 1.336376428604126], "start_rotation": [0, 0.4885434778306533, 0, -0.8725395522663313]}