{"episode_id": "40885", "start_position": [-1.3057794570922852, 3.683565139770508, 3.823204517364502], "start_rotation": [0, 0.9933971947240678, 0, -0.11472581886546936]}