{"episode_id": "57039", "start_position": [-3.248593807220459, 0.12324567139148712, -1.0475118160247803], "start_rotation": [0, 0.6842131534001317, 0, -0.7292820858311603]}