{"episode_id": "22530", "start_position": [-0.28418484330177307, 0.17635054886341095, -1.6662746667861938], "start_rotation": [0, 0.3080760812538126, 0, 0.9513617230892224]}