{"episode_id": "36189", "start_position": [-0.9915297031402588, 0.14657917618751526, 9.443511962890625], "start_rotation": [0, 0.9382979740689619, 0, -0.345827864490532]}