{"episode_id": "62613", "start_position": [-7.8474602699279785, 0.15165157616138458, 0.01250564306974411], "start_rotation": [0, 0.9959329073693745, 0, 0.09009796900477278]}