{"episode_id": "58403", "start_position": [-0.0920758992433548, -2.943950891494751, 2.1240220069885254], "start_rotation": [0, 0.9798235146677411, 0, 0.1998646544643521]}