{"episode_id": "64031", "start_position": [-0.11383578926324844, -2.8849050998687744, 4.059574604034424], "start_rotation": [0, 0.9856161365241682, 0, 0.16899950125125254]}