{"episode_id": "50953", "start_position": [-0.3490927815437317, 0.18360306322574615, -1.2632801532745361], "start_rotation": [0, 0.2792822761910332, 0, 0.9602090450550628]}