{"episode_id": "6243", "start_position": [-2.2370645999908447, -2.8849050998687744, 4.838598251342773], "start_rotation": [0, 0.38323008962093935, 0, -0.9236529101394781]}