{"episode_id": "22532", "start_position": [-0.0036993026733398438, 0.19309520721435547, 0.3857867419719696], "start_rotation": [0, 0.9982427110460919, 0, 0.059257825165531096]}