{"episode_id": "11030", "start_position": [-2.9197285175323486, -2.8915817737579346, -0.09088835120201111], "start_rotation": [0, 0.9821136222449082, 0, 0.18828922699131223]}