{"episode_id": "20013", "start_position": [-1.487376093864441, 0.15289896726608276, -2.7069191932678223], "start_rotation": [0, 0.45692510135296754, 0, 0.8895051724153044]}