{"episode_id": "68159", "start_position": [-6.730498313903809, -0.03270988166332245, 10.569467544555664], "start_rotation": [0, 0.9999853096366471, 0, 0.005420379220951408]}