{"episode_id": "12899", "start_position": [-4.130359649658203, 0.17949719727039337, 6.619901180267334], "start_rotation": [0, 0.8199691398308372, 0, 0.5724077303156176]}