{"episode_id": "67386", "start_position": [2.5944485664367676, 0.16243858635425568, 1.8588273525238037], "start_rotation": [0, 0.30190234712282543, 0, 0.9533388551830503]}