{"episode_id": "13271", "start_position": [-0.6621614694595337, 0.16243858635425568, 0.5948330163955688], "start_rotation": [0, 0.28403609860252893, 0, 0.9588135870390315]}