{"episode_id": "28499", "start_position": [-1.243274211883545, 0.14340753853321075, -1.9930049180984497], "start_rotation": [0, 0.5285262444480601, 0, 0.8489169623288425]}