{"episode_id": "41380", "start_position": [8.892786026000977, 0.14657917618751526, 12.888330459594727], "start_rotation": [0, 0.6782536609447445, 0, -0.7348278515509954]}