{"episode_id": "29763", "start_position": [-4.559094429016113, 0.1514829844236374, -3.220546245574951], "start_rotation": [0, 0.5484887447286002, 0, -0.8361579377761383]}