{"episode_id": "53646", "start_position": [-2.7897632122039795, 0.1942175328731537, -2.1170644760131836], "start_rotation": [0, 0.4850333144463491, 0, 0.8744956740185676]}