{"episode_id": "61595", "start_position": [4.560206890106201, 0.17646045982837677, -5.2821879386901855], "start_rotation": [0, 0.5486328483503875, 0, 0.8360633933565927]}