{"episode_id": "15365", "start_position": [2.3472211360931396, 0.1005861759185791, 0.5294272303581238], "start_rotation": [0, 0.9999852086777843, 0, -0.005438972848635206]}