{"episode_id": "9231", "start_position": [1.2795743942260742, 3.0807693004608154, -3.9559507369995117], "start_rotation": [0, 0.9508776826548769, 0, -0.30956684678578095]}