{"episode_id": "38888", "start_position": [3.218015193939209, 3.056049346923828, -3.390172004699707], "start_rotation": [0, 0.9888045053213088, 0, 0.14921678945843114]}