{"episode_id": "63744", "start_position": [-0.9889146089553833, 2.86267352104187, -2.3863306045532227], "start_rotation": [0, 0.9624043324446209, 0, -0.271620877128073]}