{"episode_id": "13498", "start_position": [7.4109272956848145, 0.14657917618751526, 13.106563568115234], "start_rotation": [0, 0.9996974874820622, 0, -0.024595396358912825]}