{"episode_id": "12867", "start_position": [-2.032057046890259, 0.12114477157592773, -4.876245975494385], "start_rotation": [0, 0.9998158279745333, 0, 0.019191407754475934]}