{"episode_id": "5890", "start_position": [1.1216957569122314, 2.459752321243286, -1.71097731590271], "start_rotation": [0, 0.16212519641858505, 0, -0.9867701964926967]}