{"episode_id": "29396", "start_position": [1.4425301551818848, 0.14570780098438263, -1.0570615530014038], "start_rotation": [0, 0.8570990169591669, 0, -0.5151517010819529]}