{"episode_id": "15214", "start_position": [-3.8844351768493652, 0.044724658131599426, 5.481442451477051], "start_rotation": [0, 0.6627695695033546, 0, -0.7488234089158391]}