{"episode_id": "54305", "start_position": [0.1607508361339569, 0.1821439415216446, -1.7752220630645752], "start_rotation": [0, 0.335854834944603, 0, -0.9419137592393124]}