{"episode_id": "59412", "start_position": [-4.793154239654541, 0.15964920818805695, 2.6383981704711914], "start_rotation": [0, 0.9597056877696231, 0, 0.28100710464796913]}