{"episode_id": "33980", "start_position": [-4.287006378173828, 0.15165157616138458, 3.385437250137329], "start_rotation": [0, 0.999999327120876, 0, -0.0011600680131856845]}