{"episode_id": "4131", "start_position": [-1.22721529006958, 0.15964920818805695, 4.487041473388672], "start_rotation": [0, 0.968459703215131, 0, -0.24917022945861816]}