{"episode_id": "23673", "start_position": [2.693284511566162, 0.16243858635425568, 1.859020471572876], "start_rotation": [0, 0.8827558029926924, 0, 0.4698320894561448]}