{"episode_id": "46166", "start_position": [-1.0364619493484497, 0.025033235549926758, 0.295003205537796], "start_rotation": [0, 0.4684478908222292, 0, -0.8834911281864718]}