{"episode_id": "65505", "start_position": [-1.725895881652832, -2.511791467666626, 3.944669008255005], "start_rotation": [0, 0.9489294329762559, 0, 0.315488401104322]}