{"episode_id": "14552", "start_position": [9.284578323364258, 0.14657917618751526, 14.414902687072754], "start_rotation": [0, 0.5976592177262869, 0, -0.80175024756267]}