{"episode_id": "16488", "start_position": [0.31142693758010864, 0.1751515418291092, 0.9476685523986816], "start_rotation": [0, 0.4568605619177147, 0, 0.8895383223696605]}