{"episode_id": "59158", "start_position": [-1.7955398559570312, 0.14340916275978088, -7.848102569580078], "start_rotation": [0, 0.9348132937688434, 0, 0.35513955819233406]}