{"episode_id": "49705", "start_position": [-3.1768946647644043, 0.16511733829975128, -0.9918885827064514], "start_rotation": [0, 0.07344428041813159, 0, 0.9972993220061181]}