{"episode_id": "50055", "start_position": [-5.713710308074951, 0.1514829844236374, -0.6504344344139099], "start_rotation": [0, 0.7111698805083972, 0, 0.7030201996085689]}