{"episode_id": "42895", "start_position": [-3.849222421646118, 1.5970072746276855, -3.059964179992676], "start_rotation": [0, 0.856533714970932, 0, 0.5160910725037725]}