{"episode_id": "5870", "start_position": [6.434939384460449, 0.09678955376148224, -4.526393413543701], "start_rotation": [0, 0.9531568151220757, 0, 0.3024765871705462]}