{"episode_id": "65993", "start_position": [1.75117027759552, 0.14570780098438263, -2.019986152648926], "start_rotation": [0, 0.9763228680255722, 0, -0.2163184166230909]}