{"episode_id": "15669", "start_position": [2.144848108291626, 0.17002512514591217, -4.048886299133301], "start_rotation": [0, 0.2678818308953313, 0, -0.9634517759992791]}