{"episode_id": "45455", "start_position": [0.5806170701980591, 1.662041425704956, -8.427116394042969], "start_rotation": [0, 0.22193130434777647, 0, -0.9750623037275591]}