{"episode_id": "1231", "start_position": [-6.3267974853515625, 0.17702746391296387, 7.074810028076172], "start_rotation": [0, 0.5645208841681447, 0, 0.8254187854283521]}