{"episode_id": "20264", "start_position": [-2.3883895874023438, 0.17702746391296387, 5.169575214385986], "start_rotation": [0, 0.5855189576778446, 0, 0.8106587137629808]}