{"episode_id": "48980", "start_position": [-7.358755588531494, 0.037133216857910156, -3.264537811279297], "start_rotation": [0, 0.44901709884847063, 0, -0.8935231641886531]}