{"episode_id": "65257", "start_position": [-3.2506914138793945, 0.17282123863697052, -4.303149700164795], "start_rotation": [0, 0.9409257028249551, 0, 0.3386130856351601]}