{"episode_id": "66910", "start_position": [-0.2631268799304962, 0.15964920818805695, 2.8768320083618164], "start_rotation": [0, 0.8421407609352743, 0, -0.5392577665378193]}