{"episode_id": "24830", "start_position": [-0.5165375471115112, 0.1649409383535385, 0.6560207009315491], "start_rotation": [0, 0.015099688892401108, 0, -0.999885993198901]}