{"episode_id": "35648", "start_position": [-1.0751094818115234, 0.14570780098438263, -5.354610443115234], "start_rotation": [0, 0.07411206957627214, 0, 0.9972499190990801]}