{"episode_id": "11540", "start_position": [-3.0964012145996094, 0.17000891268253326, -0.06896977126598358], "start_rotation": [0, 0.2990030391283936, 0, -0.954252158809182]}