{"episode_id": "12820", "start_position": [-5.187588214874268, 0.1514829844236374, -3.1146039962768555], "start_rotation": [0, 0.6302344466857969, 0, -0.7764048829126768]}