{"episode_id": "2863", "start_position": [0.07408814132213593, 0.14570780098438263, -3.613755226135254], "start_rotation": [0, 0.5201677289743174, 0, -0.8540641274129835]}