{"episode_id": "67398", "start_position": [-1.338207721710205, 0.17282123863697052, 2.0503690242767334], "start_rotation": [0, 0.369849668536925, 0, 0.9290916115664412]}