{"episode_id": "39382", "start_position": [-14.614838600158691, 0.14771485328674316, 17.764530181884766], "start_rotation": [0, 0.3738359441801249, 0, -0.9274948446427908]}