{"episode_id": "31488", "start_position": [5.694331169128418, 0.16646166145801544, 0.09010190516710281], "start_rotation": [0, 0.44226922048404993, 0, -0.8968823426807058]}