{"episode_id": "9825", "start_position": [-1.0714917182922363, 0.14657917618751526, 4.533644676208496], "start_rotation": [0, 0.9920136207401228, 0, -0.12613079031732075]}