{"episode_id": "5503", "start_position": [-2.638625383377075, 0.17949719727039337, 7.482080459594727], "start_rotation": [0, 0.9787062918288996, 0, -0.20526566769561064]}