{"episode_id": "52590", "start_position": [1.0196638107299805, 2.365107297897339, -3.3447508811950684], "start_rotation": [0, 0.8267671170217302, 0, 0.5625443397738321]}