{"episode_id": "34653", "start_position": [0.2092028558254242, 0.1887628585100174, 2.6860885620117188], "start_rotation": [0, 0.9825483289140974, 0, -0.18600747659197658]}