{"episode_id": "18868", "start_position": [0.08762067556381226, 0.037133216857910156, -3.3331804275512695], "start_rotation": [0, 0.9146240146561693, 0, 0.40430546844462967]}