{"episode_id": "42756", "start_position": [-0.4675917327404022, 0.18360306322574615, -1.0174932479858398], "start_rotation": [0, 0.25427235907966533, 0, 0.9671326524360874]}