{"episode_id": "52491", "start_position": [8.924726486206055, 0.5797033309936523, 0.06743495911359787], "start_rotation": [0, 0.34459647126213855, 0, 0.938750910515501]}