{"episode_id": "65238", "start_position": [-3.5796618461608887, 0.17282123863697052, -4.566465854644775], "start_rotation": [0, 0.9757568414655065, 0, -0.2188574566544591]}