{"episode_id": "67094", "start_position": [0.18346430361270905, -0.034892842173576355, 0.4563414752483368], "start_rotation": [0, 0.9764799350137446, 0, 0.21560829417152097]}