{"episode_id": "904", "start_position": [-4.168196201324463, 0.21490739285945892, -0.9792907238006592], "start_rotation": [0, 0.9999324167491964, 0, -0.011625916484788949]}