{"episode_id": "31614", "start_position": [3.8881492614746094, 0.17646045982837677, -6.07373046875], "start_rotation": [0, 0.8076861140618156, 0, -0.5896127043676416]}