{"episode_id": "46082", "start_position": [0.7507113814353943, 0.08356514573097229, -3.635132312774658], "start_rotation": [0, 0.6461708662314625, 0, -0.7631927748830445]}