{"episode_id": "21919", "start_position": [2.8589043617248535, 0.1662864238023758, -1.4523608684539795], "start_rotation": [0, 0.05226820814912621, 0, 0.9986330829773664]}