{"episode_id": "14293", "start_position": [10.063084602355957, 0.14657917618751526, 10.478018760681152], "start_rotation": [0, 0.9241304837303308, 0, 0.3820770197752605]}