{"episode_id": "30952", "start_position": [0.005818605422973633, 0.17646045982837677, -7.160305976867676], "start_rotation": [0, 0.5907296876038586, 0, 0.806869528600162]}