{"episode_id": "1467", "start_position": [0.8681981563568115, 0.16511733829975128, 0.03166896104812622], "start_rotation": [0, 0.8526720570502211, 0, -0.5224465170002998]}