{"episode_id": "47401", "start_position": [3.018519639968872, 1.5974199771881104, 1.7348663806915283], "start_rotation": [0, 0.4839727136350188, 0, 0.8750830888874245]}