{"episode_id": "13533", "start_position": [5.3603081703186035, 0.16646166145801544, 1.8603811264038086], "start_rotation": [0, 0.988778389585961, 0, -0.1493897462605569]}