{"episode_id": "48698", "start_position": [-1.5566388368606567, 0.17282123863697052, 1.986377239227295], "start_rotation": [0, 0.7020538008038729, 0, 0.7121239083030677]}