{"episode_id": "46487", "start_position": [-11.318887710571289, -2.852285146713257, 15.12689208984375], "start_rotation": [0, 0.4894545901312112, 0, -0.872028786336488]}