{"episode_id": "52941", "start_position": [3.125605821609497, 0.014962434768676758, 7.7483601570129395], "start_rotation": [0, 0.9968871128893848, 0, 0.07884214707291376]}