{"episode_id": "41180", "start_position": [-4.2031354904174805, 0.17949719727039337, 1.42331063747406], "start_rotation": [0, 0.3823840527053723, 0, 0.9240034828054573]}