{"episode_id": "10354", "start_position": [0.5400838255882263, 0.15964920818805695, 2.6514737606048584], "start_rotation": [0, 0.6327378410366338, 0, 0.774366079138478]}