{"episode_id": "1177", "start_position": [-1.92832612991333, 2.365107297897339, -6.549037456512451], "start_rotation": [0, 0.1262929846846315, 0, -0.9919929848640299]}