{"episode_id": "12490", "start_position": [-0.043338555842638016, 0.14570780098438263, -0.38104742765426636], "start_rotation": [0, 0.39849061022166504, 0, -0.9171724121260763]}