{"episode_id": "13856", "start_position": [-3.8973278999328613, 2.241609811782837, -1.8691480159759521], "start_rotation": [0, 0.968131311062648, 0, -0.2504431363406037]}