{"episode_id": "34341", "start_position": [-9.550270080566406, 0.17702746391296387, 6.825992584228516], "start_rotation": [0, 0.9960659720826678, 0, 0.08861478013858655]}