{"episode_id": "6711", "start_position": [1.5958014726638794, 0.1719042807817459, -2.746858835220337], "start_rotation": [0, 0.10309394906081908, 0, 0.9946716230329712]}