{"episode_id": "57948", "start_position": [-4.845855712890625, 0.12324567139148712, -1.830428123474121], "start_rotation": [0, 0.9824797476331636, 0, 0.18636937916587898]}