{"episode_id": "40484", "start_position": [-0.13826578855514526, 0.15289896726608276, 2.0997235774993896], "start_rotation": [0, 0.9815005986029635, 0, -0.19145906858131434]}