{"episode_id": "43699", "start_position": [-2.9615044593811035, -0.9379585385322571, -2.1232571601867676], "start_rotation": [0, 0.475926168089169, 0, 0.8794852372427635]}