{"episode_id": "44857", "start_position": [-2.402224540710449, 0.037133216857910156, -1.582937479019165], "start_rotation": [0, 0.9451684091308595, 0, 0.32658334063610783]}