{"episode_id": "38021", "start_position": [-3.7992193698883057, 0.5515563488006592, 5.386972427368164], "start_rotation": [0, 0.344367583530791, 0, -0.9388348989109659]}