{"episode_id": "51387", "start_position": [4.669651985168457, -2.699413776397705, -0.16026431322097778], "start_rotation": [0, 0.6041283904818602, 0, -0.7968869981457829]}