{"episode_id": "28022", "start_position": [-0.404840350151062, 0.17800255119800568, 1.4796576499938965], "start_rotation": [0, 0.4690976582666693, 0, 0.8831462998896202]}