{"episode_id": "11463", "start_position": [0.4913118779659271, 0.17949719727039337, 9.202594757080078], "start_rotation": [0, 0.21527722013506792, 0, -0.9765529778209258]}