{"episode_id": "1850", "start_position": [-1.3399888277053833, 0.18463699519634247, 4.396899700164795], "start_rotation": [0, 0.9983036656182214, 0, 0.05822191351392127]}