{"episode_id": "856", "start_position": [-3.160369396209717, 0.17800255119800568, -4.199330806732178], "start_rotation": [0, 0.9935213786250743, 0, 0.11364537040694504]}