{"episode_id": "38972", "start_position": [4.17521858215332, 0.16646166145801544, 0.4385063350200653], "start_rotation": [0, 0.9666631774950977, 0, 0.2560513645249354]}