{"episode_id": "38853", "start_position": [-4.066069602966309, 0.17646045982837677, -5.9418230056762695], "start_rotation": [0, 0.9788150887865451, 0, -0.20474623797224656]}