{"episode_id": "7699", "start_position": [1.573256492614746, 0.17800255119800568, -0.7221863865852356], "start_rotation": [0, 0.8709422527209422, 0, 0.4913853807607329]}