{"episode_id": "33309", "start_position": [8.228483200073242, 0.2977544963359833, -1.2482255697250366], "start_rotation": [0, 0.29752181368983427, 0, 0.9547150205054447]}