{"episode_id": "67950", "start_position": [-3.794610023498535, 0.09678955376148224, -5.261355400085449], "start_rotation": [0, 0.7418449018544808, 0, 0.6705715037134486]}