{"episode_id": "62169", "start_position": [-10.041156768798828, 0.08356514573097229, -7.121070861816406], "start_rotation": [0, 0.9618848881048201, 0, -0.27345468003963236]}