{"episode_id": "55932", "start_position": [1.475687026977539, 0.1719042807817459, -5.039423942565918], "start_rotation": [0, 0.10978334129188128, 0, 0.9939555412465843]}