{"episode_id": "16330", "start_position": [-1.856445074081421, 0.12194900214672089, 0.7622135281562805], "start_rotation": [0, 0.8380153783856962, 0, -0.5456466123683702]}