{"episode_id": "54396", "start_position": [0.06745487451553345, 0.12194900214672089, 0.6031715273857117], "start_rotation": [0, 0.9752870452374452, 0, 0.22094157461196232]}