{"episode_id": "40962", "start_position": [-0.5700150728225708, 0.1514829844236374, 0.6442164182662964], "start_rotation": [0, 0.26487134416133934, 0, 0.964283760644223]}