{"episode_id": "31466", "start_position": [-0.09750199317932129, 3.1651172637939453, -2.1743929386138916], "start_rotation": [0, 0.9249005273004492, 0, 0.3802091721662575]}