{"episode_id": "8428", "start_position": [1.0524166822433472, 0.11509490013122559, 1.5145387649536133], "start_rotation": [0, 0.9360198262382305, 0, -0.35194727572315815]}