{"episode_id": "57518", "start_position": [-9.760643005371094, -2.852285146713257, 8.010152816772461], "start_rotation": [0, 0.9097111445917567, 0, -0.41524165663569435]}