{"episode_id": "42973", "start_position": [-2.8346731662750244, 0.15996456146240234, -0.15137942135334015], "start_rotation": [0, 0.34154819053255875, 0, 0.9398642633614361]}