{"episode_id": "34937", "start_position": [-1.8354833126068115, 0.1719042807817459, -6.590751647949219], "start_rotation": [0, 0.708379903135911, 0, 0.7058313628857514]}