{"episode_id": "60708", "start_position": [-3.2782914638519287, 0.044724658131599426, 7.820911407470703], "start_rotation": [0, 0.39033136154285286, 0, 0.9206744420239451]}