{"episode_id": "55655", "start_position": [-4.751352310180664, 0.17949719727039337, 4.877886772155762], "start_rotation": [0, 0.5635025419653186, 0, 0.8261143293749507]}