{"episode_id": "6336", "start_position": [0.943056583404541, 0.14340916275978088, 0.06957340985536575], "start_rotation": [0, 0.30769011530255547, 0, 0.9514866225781108]}