{"episode_id": "42688", "start_position": [-3.9552435874938965, 0.03514885902404785, 7.153582572937012], "start_rotation": [0, 0.9067053473665165, 0, -0.4217646417813667]}