{"episode_id": "53136", "start_position": [-0.8850098848342896, -1.002579927444458, 1.8141508102416992], "start_rotation": [0, 0.3876998564220786, 0, -0.9217856699527822]}