{"episode_id": "31752", "start_position": [5.458442687988281, 0.17970331013202667, -2.9711809158325195], "start_rotation": [0, 0.5881820484730791, 0, -0.8087285563487989]}