{"episode_id": "20145", "start_position": [-1.1226391792297363, 0.1662864238023758, -1.1380891799926758], "start_rotation": [0, 0.36511123752865826, 0, 0.9309639006053305]}