{"episode_id": "128", "start_position": [1.712289810180664, 0.16511733829975128, 1.259096622467041], "start_rotation": [0, 0.6587883516071781, 0, 0.7523283244612667]}