{"episode_id": "52590", "start_position": [-3.083167552947998, 0.14340753853321075, 0.3015509247779846], "start_rotation": [0, 0.18080358061619453, 0, 0.9835192246399473]}