{"episode_id": "19661", "start_position": [-3.465749740600586, 0.14340753853321075, -1.1323286294937134], "start_rotation": [0, 0.9410159700223032, 0, -0.33836214942422815]}