{"episode_id": "20780", "start_position": [-3.472677230834961, 0.03310127556324005, -8.319671630859375], "start_rotation": [0, 0.9691482163910633, 0, 0.24647866979927663]}