{"episode_id": "7160", "start_position": [-1.9576929807662964, 0.1751515418291092, 1.0058788061141968], "start_rotation": [0, 0.9429743628068432, 0, -0.33286536480839835]}