{"episode_id": "54183", "start_position": [-5.742929458618164, -1.0029926300048828, -2.4572701454162598], "start_rotation": [0, 0.18886923427277197, 0, 0.9820022466090477]}