{"episode_id": "46198", "start_position": [-2.6962106227874756, 0.16646166145801544, 0.9109852313995361], "start_rotation": [0, 0.8917785861639042, 0, 0.45247204693716514]}