{"episode_id": "44781", "start_position": [0.19796870648860931, 0.025033235549926758, -8.037925720214844], "start_rotation": [0, 0.9536979323677827, 0, 0.3007661114511014]}