{"episode_id": "25913", "start_position": [1.7059293985366821, 0.12324567139148712, -2.2734217643737793], "start_rotation": [0, 0.9613632414088794, 0, 0.2752829781657641]}