{"episode_id": "2209", "start_position": [-1.6721572875976562, 0.1719042807817459, -6.234349250793457], "start_rotation": [0, 0.3809474515778941, 0, -0.9245966899877525]}