{"episode_id": "3777", "start_position": [-4.11212682723999, 0.1514829844236374, -0.2523002624511719], "start_rotation": [0, 0.9777966586436206, 0, -0.20955594562161892]}