{"episode_id": "43411", "start_position": [0.6099188327789307, 0.12114477157592773, 0.16177698969841003], "start_rotation": [0, 0.928369499711118, 0, -0.3716585422213895]}