{"episode_id": "43326", "start_position": [-3.3218774795532227, 1.5970072746276855, -4.372733116149902], "start_rotation": [0, 0.9967065017248596, 0, 0.08109346101500588]}