{"episode_id": "60741", "start_position": [1.1457281112670898, 0.17949719727039337, 7.523545265197754], "start_rotation": [0, 0.15081986744880296, 0, 0.988561261421226]}