{"episode_id": "62606", "start_position": [-15.076038360595703, -2.852285146713257, 14.491752624511719], "start_rotation": [0, 0.9291152378883549, 0, 0.3697903118304557]}