{"episode_id": "43088", "start_position": [0.4427109956741333, 0.0701034814119339, 1.6365288496017456], "start_rotation": [0, 0.4868536529934486, 0, -0.8734835548348547]}