{"episode_id": "66799", "start_position": [-1.3724418878555298, 0.0701034814119339, -1.3848377466201782], "start_rotation": [0, 0.10596164006294692, 0, -0.9943702181960049]}