{"episode_id": "2877", "start_position": [-13.997386932373047, 0.19700729846954346, -0.48451364040374756], "start_rotation": [0, 0.029864959860426216, 0, 0.9995539426026667]}