{"episode_id": "51370", "start_position": [-8.732848167419434, 0.33441615104675293, 4.495509147644043], "start_rotation": [0, 0.7675265538566043, 0, -0.6410171519741146]}