{"episode_id": "10301", "start_position": [-4.034222602844238, 0.17923279106616974, -0.1464536488056183], "start_rotation": [0, 0.9835922542670448, 0, -0.1804058683798097]}