{"episode_id": "20798", "start_position": [-2.1426312923431396, 1.662041425704956, -4.278243064880371], "start_rotation": [0, 0.9271709289895954, 0, 0.3746385837531562]}