{"episode_id": "36398", "start_position": [0.20964455604553223, 0.12194900214672089, 0.7509469985961914], "start_rotation": [0, 0.343218566022979, 0, 0.9392555647623974]}