{"episode_id": "16463", "start_position": [2.2958476543426514, 0.16243858635425568, 0.9235098361968994], "start_rotation": [0, 0.6017849323737379, 0, -0.7986581841864113]}