{"episode_id": "10295", "start_position": [-0.3956897258758545, 0.1719042807817459, -2.1436846256256104], "start_rotation": [0, 0.9999897433013003, 0, -0.004529160209087749]}