{"episode_id": "40516", "start_position": [-0.9718855619430542, 0.0701034814119339, 3.6324896812438965], "start_rotation": [0, 0.9999832677637608, 0, -0.005784824328429898]}