{"episode_id": "2891", "start_position": [-1.2077014446258545, 0.17000891268253326, -0.04268775135278702], "start_rotation": [0, 0.5967712066427515, 0, 0.802411444909751]}