{"episode_id": "35182", "start_position": [-4.259719371795654, 0.09678955376148224, -5.637634754180908], "start_rotation": [0, 0.1805562884910818, 0, -0.9835646530281196]}