{"episode_id": "13000", "start_position": [-2.1988720893859863, 0.17702746391296387, 5.151589393615723], "start_rotation": [0, 0.9966880729067966, 0, 0.08131964907287846]}