{"episode_id": "27521", "start_position": [-0.03255839645862579, 0.18128342926502228, 1.8209021091461182], "start_rotation": [0, 0.39201608523935766, 0, 0.919958362597791]}