{"episode_id": "4098", "start_position": [-2.102391004562378, 0.18128342926502228, 4.873972415924072], "start_rotation": [0, 0.6288162130432776, 0, -0.7775539661103346]}