{"episode_id": "57801", "start_position": [-5.7057294845581055, 0.08820843696594238, -1.6088614463806152], "start_rotation": [0, 0.9299295135609503, 0, -0.3677378139494147]}