{"episode_id": "11463", "start_position": [1.5823724269866943, 0.17800255119800568, -3.4233181476593018], "start_rotation": [0, 0.029862244527301674, 0, 0.9995540237284785]}