{"episode_id": "54933", "start_position": [3.1151182651519775, 0.17970331013202667, -0.6054412126541138], "start_rotation": [0, 0.4269928364959206, 0, -0.9042550069428247]}