{"episode_id": "52133", "start_position": [-3.587266206741333, 2.7814598083496094, -4.746974945068359], "start_rotation": [0, 0.42513790566736803, 0, 0.9051285881932821]}