{"episode_id": "49990", "start_position": [-6.133286952972412, 0.16511733829975128, -0.8877087235450745], "start_rotation": [0, 0.32329337597753177, 0, -0.9462987863508281]}