{"episode_id": "45337", "start_position": [0.4815157353878021, 0.1887628585100174, 3.636406183242798], "start_rotation": [0, 0.8105514519789413, 0, 0.5856674343813475]}