{"episode_id": "45491", "start_position": [-0.011385885998606682, 0.1005861759185791, -0.045664653182029724], "start_rotation": [0, 0.8186422503296708, 0, -0.5743038098212241]}