{"episode_id": "31633", "start_position": [-6.815848350524902, -2.8849050998687744, 2.113264560699463], "start_rotation": [0, 0.6227731727999627, 0, -0.7824024381612494]}