{"episode_id": "31640", "start_position": [-1.327380895614624, 2.7814598083496094, -3.50890851020813], "start_rotation": [0, 0.9999138608854498, 0, -0.013125197490074056]}