{"episode_id": "26096", "start_position": [-3.377310037612915, 0.1719042807817459, -7.511970043182373], "start_rotation": [0, 0.97590180656861, 0, -0.21821013710669654]}