{"episode_id": "35794", "start_position": [-3.9160079956054688, 0.1672901213169098, 2.9249064922332764], "start_rotation": [0, 0.6625704129602157, 0, -0.7489996314216245]}