{"episode_id": "48458", "start_position": [-4.840478420257568, 0.1672901213169098, 5.952752113342285], "start_rotation": [0, 0.9506616013001052, 0, 0.31022978550345504]}