{"episode_id": "32918", "start_position": [1.5460360050201416, 3.3211450576782227, -3.911813497543335], "start_rotation": [0, 0.13873026539544236, 0, 0.9903302042567974]}