{"episode_id": "56997", "start_position": [-0.4955325126647949, -1.002579927444458, 5.863100051879883], "start_rotation": [0, 0.02177485699597289, 0, 0.9997628996931247]}