{"episode_id": "58761", "start_position": [0.38977450132369995, 0.14570780098438263, -0.6031481623649597], "start_rotation": [0, 0.8665789118916605, 0, -0.49904006799521183]}