{"episode_id": "41536", "start_position": [3.103891134262085, 0.014962434768676758, 1.415132999420166], "start_rotation": [0, 0.9957292544270627, 0, -0.09232145946704744]}