{"episode_id": "42670", "start_position": [-1.3509377241134644, 0.1662864238023758, -1.7705085277557373], "start_rotation": [0, 0.17621531297437315, 0, -0.9843516462491154]}