{"episode_id": "11500", "start_position": [-12.288802146911621, 0.14771485328674316, 5.680779457092285], "start_rotation": [0, 0.8740121817146748, 0, 0.48590400925939503]}