{"episode_id": "21193", "start_position": [-0.5055739879608154, 0.17282123863697052, -4.221110820770264], "start_rotation": [0, 0.9151859879955918, 0, 0.4030317696863766]}