{"episode_id": "42277", "start_position": [0.3725275993347168, 2.365107297897339, -11.71330451965332], "start_rotation": [0, 0.9865005325671359, 0, 0.1637580509311137]}