{"episode_id": "33224", "start_position": [0.6277680397033691, 2.7814598083496094, -5.236192226409912], "start_rotation": [0, 0.9661337367827308, 0, 0.2580418622050249]}