{"episode_id": "10295", "start_position": [-6.663102149963379, 0.08820843696594238, 6.242555141448975], "start_rotation": [0, 0.732094771283714, 0, -0.6812027934903427]}