{"episode_id": "54125", "start_position": [-2.687034845352173, 0.0701034814119339, 5.334655284881592], "start_rotation": [0, 0.8947631520693714, 0, 0.4465410414495884]}