{"episode_id": "54549", "start_position": [-4.829752445220947, 0.17635054886341095, -0.12111741304397583], "start_rotation": [0, 0.9302958141646375, 0, -0.366810166363685]}