{"episode_id": "35573", "start_position": [-2.82287859916687, 2.3672902584075928, 8.880108833312988], "start_rotation": [0, 0.15571018934991326, 0, 0.9878027824078115]}