{"episode_id": "33076", "start_position": [-1.231008529663086, 0.14657917618751526, 0.9216160178184509], "start_rotation": [0, 0.9491105894362118, 0, 0.31494299328616027]}