{"episode_id": "23325", "start_position": [3.7106285095214844, 0.17646045982837677, -2.29392147064209], "start_rotation": [0, 0.4914474691925281, 0, 0.8709072195270052]}