{"episode_id": "30150", "start_position": [5.338635444641113, 0.09678955376148224, -3.0365402698516846], "start_rotation": [0, 0.2528963442365018, 0, -0.9674933793426251]}