{"episode_id": "51045", "start_position": [1.6424676179885864, -2.943950891494751, 3.1035170555114746], "start_rotation": [0, 0.7951652174084193, 0, -0.6063928405116779]}