{"episode_id": "57240", "start_position": [-11.419866561889648, 0.03310127556324005, -11.125565528869629], "start_rotation": [0, 0.7133515978205781, 0, -0.7008063198108505]}