{"episode_id": "53845", "start_position": [4.542374610900879, 0.1887628585100174, 0.7213810682296753], "start_rotation": [0, 0.7857365963613124, 0, 0.6185612347525021]}