{"episode_id": "11339", "start_position": [-9.205735206604004, 0.15165157616138458, 2.5982775688171387], "start_rotation": [0, 0.803715818867239, 0, -0.5950133464911216]}