{"episode_id": "68012", "start_position": [-0.23586773872375488, 0.17646045982837677, 0.4065494239330292], "start_rotation": [0, 0.8289293978787882, 0, 0.5593532455723392]}