{"episode_id": "50704", "start_position": [2.8719632625579834, 0.15289896726608276, 1.6396331787109375], "start_rotation": [0, 0.7129333958163094, 0, 0.7012317542224008]}