{"episode_id": "49300", "start_position": [-2.8109278678894043, 0.15964920818805695, -1.0621469020843506], "start_rotation": [0, 0.13003297216235468, 0, -0.991509670225472]}