{"episode_id": "26168", "start_position": [-3.196890115737915, 0.17800255119800568, -1.4565551280975342], "start_rotation": [0, 0.4209502514470867, 0, -0.9070837259077216]}