{"episode_id": "13942", "start_position": [0.5530849695205688, 0.17970331013202667, -3.120880365371704], "start_rotation": [0, 0.9297455284886024, 0, 0.368202732547505]}