{"episode_id": "18046", "start_position": [-5.382514953613281, 0.15562696754932404, 4.042798042297363], "start_rotation": [0, 0.9844333622254257, 0, 0.17575822978610098]}