{"episode_id": "4491", "start_position": [-3.6297407150268555, 0.15964920818805695, 1.9678045511245728], "start_rotation": [0, 0.9847754489976119, 0, -0.17383128329374972]}