{"episode_id": "21942", "start_position": [-2.7597522735595703, 0.17000891268253326, -4.355007648468018], "start_rotation": [0, 0.22902639703729377, 0, -0.9734202121695008]}