{"episode_id": "20242", "start_position": [-7.005255699157715, 0.17923279106616974, 2.0150413513183594], "start_rotation": [0, 0.9828544559353706, 0, -0.18438307527532652]}