{"episode_id": "27214", "start_position": [-0.2742649018764496, 0.09678955376148224, 0.6719560623168945], "start_rotation": [0, 0.8537958831034859, 0, 0.5206079042768547]}