{"episode_id": "55209", "start_position": [-7.9265313148498535, 0.14340753853321075, -0.5719775557518005], "start_rotation": [0, 0.7754078495105522, 0, 0.6314607405986701]}