{"episode_id": "15635", "start_position": [5.009042739868164, 0.15289896726608276, -0.783388614654541], "start_rotation": [0, 0.9939005129776255, 0, 0.11028041667863317]}