{"episode_id": "27589", "start_position": [-8.178436279296875, 0.13607951998710632, -1.616400122642517], "start_rotation": [0, 0.8136902326145282, 0, 0.5812987229882024]}