{"episode_id": "33224", "start_position": [1.6817035675048828, 0.0701034814119339, -0.1803910732269287], "start_rotation": [0, 0.9800664304744875, 0, -0.1986700577766983]}