{"episode_id": "35202", "start_position": [-8.547309875488281, 0.15165157616138458, 7.672757148742676], "start_rotation": [0, 0.9540128299864429, 0, -0.29976577560031503]}