{"episode_id": "53994", "start_position": [0.9095082879066467, 0.1719042807817459, -5.717766761779785], "start_rotation": [0, 0.21642779882624463, 0, -0.9762986263921641]}