{"episode_id": "1020", "start_position": [-6.612302303314209, 3.1651172637939453, -0.4494311809539795], "start_rotation": [0, 0.5649315912334738, 0, 0.825137744395695]}