{"episode_id": "49377", "start_position": [6.371804714202881, 0.09678955376148224, -0.5101674795150757], "start_rotation": [0, 0.8511405825469616, 0, -0.5249378141662294]}