{"episode_id": "44878", "start_position": [0.2722531855106354, 0.15289896726608276, 0.28180208802223206], "start_rotation": [0, 0.06660562593100132, 0, -0.9977793797199557]}