{"episode_id": "9044", "start_position": [-0.7711120843887329, -2.943950891494751, -2.823784828186035], "start_rotation": [0, 0.040358214566837115, 0, -0.9991852753703775]}