{"episode_id": "18554", "start_position": [-4.171123027801514, 0.14340753853321075, -0.16893704235553741], "start_rotation": [0, 0.6364789949300376, 0, -0.7712940353800548]}