{"episode_id": "64047", "start_position": [3.4301602840423584, 0.24472466111183167, 5.121537685394287], "start_rotation": [0, 0.4220342511669145, 0, -0.9065798866299548]}