{"episode_id": "47007", "start_position": [-2.705054998397827, 0.17923279106616974, 3.6833057403564453], "start_rotation": [0, 0.9253161932642393, 0, 0.3791964431307036]}