{"episode_id": "16173", "start_position": [-2.8932619094848633, 0.17282123863697052, -5.005158424377441], "start_rotation": [0, 0.2199964834972437, 0, 0.9755006649146104]}