{"episode_id": "65505", "start_position": [-0.1286599338054657, 0.1719042807817459, -3.866558313369751], "start_rotation": [0, 0.7191417767647906, 0, 0.6948633713987089]}