{"episode_id": "18383", "start_position": [3.8332505226135254, 0.18360306322574615, -3.517408847808838], "start_rotation": [0, 0.794421351702083, 0, 0.607367035621654]}