{"episode_id": "62301", "start_position": [-2.2088117599487305, 0.1649409383535385, -1.0893502235412598], "start_rotation": [0, 0.6898691483320589, 0, 0.7239340841399856]}