{"episode_id": "65421", "start_position": [2.117567300796509, 1.5974199771881104, -0.13767743110656738], "start_rotation": [0, 0.9951596899145799, 0, -0.09827101082779746]}