{"episode_id": "63969", "start_position": [1.2302922010421753, 2.365107297897339, -6.383428573608398], "start_rotation": [0, 0.9969200195007517, 0, -0.07842496234376435]}