{"episode_id": "51607", "start_position": [-2.873444080352783, 1.5974199771881104, 6.199373722076416], "start_rotation": [0, 0.2307838715466728, 0, -0.9730050383394367]}