{"episode_id": "2221", "start_position": [2.565373420715332, 0.021137923002243042, 0.7728373408317566], "start_rotation": [0, 0.7317562198239723, 0, -0.6815664565902068]}