{"episode_id": "61580", "start_position": [2.0705456733703613, 0.15289896726608276, -3.1467831134796143], "start_rotation": [0, 0.10169668649537747, 0, -0.9948154522100372]}