{"episode_id": "39192", "start_position": [-1.911359190940857, 0.15562696754932404, 1.0969558954238892], "start_rotation": [0, 0.3646489997460665, 0, -0.9311450515275228]}