{"episode_id": "6422", "start_position": [0.5295372605323792, 0.15562696754932404, -0.8492939472198486], "start_rotation": [0, 0.9890878580213981, 0, -0.14732687845278813]}