{"episode_id": "28307", "start_position": [-0.04006772115826607, -2.8915817737579346, -4.282635688781738], "start_rotation": [0, 0.9224431999595056, 0, -0.38613280467795985]}