{"episode_id": "20178", "start_position": [0.3513249456882477, 0.1887628585100174, 3.3445754051208496], "start_rotation": [0, 0.7058937672724589, 0, 0.708317717783408]}