{"episode_id": "9559", "start_position": [2.171499729156494, 0.17002512514591217, 0.981694221496582], "start_rotation": [0, 0.047630693724857336, 0, -0.9988650144115013]}