{"episode_id": "46483", "start_position": [-0.9974496960639954, 0.18463699519634247, 4.086036682128906], "start_rotation": [0, 0.6825751393028795, 0, 0.730815420749764]}