{"episode_id": "66780", "start_position": [2.997084856033325, 0.1662864238023758, -1.3569755554199219], "start_rotation": [0, 0.7997732162811666, 0, 0.6003022592988287]}