{"episode_id": "12925", "start_position": [-7.861881732940674, 0.10841822624206543, 4.879419803619385], "start_rotation": [0, 0.790462444026665, 0, -0.6125105097738255]}