{"episode_id": "35605", "start_position": [-1.8444170951843262, 0.1751515418291092, -2.2577908039093018], "start_rotation": [0, 0.8523775264844957, 0, 0.5229269091796412]}