{"episode_id": "28537", "start_position": [-1.8879233598709106, 2.7814598083496094, -3.8964264392852783], "start_rotation": [0, 0.26481005136841373, 0, 0.964300594573216]}