{"episode_id": "30150", "start_position": [-2.861457347869873, 0.03514885902404785, 7.099365711212158], "start_rotation": [0, 0.6060376389775172, 0, -0.79543596859996]}