{"episode_id": "16540", "start_position": [0.0032206177711486816, 0.17949719727039337, 8.057884216308594], "start_rotation": [0, 0.8927911849116129, 0, 0.45047075392761976]}