{"episode_id": "3136", "start_position": [-4.88270902633667, -2.1628668308258057, -3.7652790546417236], "start_rotation": [0, 0.9854398861892726, 0, 0.17002420623921047]}