{"episode_id": "15598", "start_position": [-3.8218469619750977, 0.04714709520339966, -0.38964128494262695], "start_rotation": [0, 0.3367528817970875, 0, 0.9415930631654827]}