{"episode_id": "22503", "start_position": [-0.8239947557449341, 0.0701034814119339, 2.225050926208496], "start_rotation": [0, 0.7902386991075281, 0, -0.6127991501567555]}