{"episode_id": "128", "start_position": [-3.0866503715515137, 0.09940627217292786, -12.160614013671875], "start_rotation": [0, 0.8750306230073941, 0, 0.4840675663575197]}