{"episode_id": "13630", "start_position": [0.4827348291873932, 0.1662864238023758, -0.17685285210609436], "start_rotation": [0, 0.38579098743060347, 0, -0.9225862095312936]}