{"episode_id": "56727", "start_position": [1.072854995727539, 0.14570780098438263, -0.7116077542304993], "start_rotation": [0, 0.8161584374949257, 0, 0.5778281793975105]}