{"episode_id": "21193", "start_position": [0.28078749775886536, 0.23418861627578735, -1.9380850791931152], "start_rotation": [0, 0.02802354578785407, 0, -0.999607263319688]}