{"episode_id": "15445", "start_position": [7.804080963134766, 0.09678955376148224, 0.9620945453643799], "start_rotation": [0, 0.04839317297540293, 0, 0.9988283640392741]}