{"episode_id": "6857", "start_position": [1.271304965019226, 0.14340916275978088, -2.9485301971435547], "start_rotation": [0, 0.7017232601018323, 0, 0.7124496236451081]}