{"episode_id": "33980", "start_position": [2.942711591720581, 0.08356514573097229, -7.459883689880371], "start_rotation": [0, 0.26620415009794457, 0, 0.9639166719538733]}