{"episode_id": "38520", "start_position": [-3.457388162612915, 0.3612821400165558, 5.8135857582092285], "start_rotation": [0, 0.3991541817409806, 0, -0.9168838199023299]}