{"episode_id": "43945", "start_position": [0.2783457338809967, 0.14570780098438263, -0.30014005303382874], "start_rotation": [0, 0.9987936999875154, 0, 0.049103409914678715]}