{"episode_id": "20266", "start_position": [3.5588412284851074, 2.365107297897339, -6.082026958465576], "start_rotation": [0, 0.7820310315557206, 0, 0.6232394930393095]}