{"episode_id": "65684", "start_position": [-0.48770371079444885, 0.18463699519634247, 2.7815701961517334], "start_rotation": [0, 0.6927492020051225, 0, -0.721178579216872]}