{"episode_id": "40337", "start_position": [-3.136312246322632, 0.581283450126648, 4.436783790588379], "start_rotation": [0, 0.9962868724086403, 0, 0.08609569017209588]}