{"episode_id": "33356", "start_position": [-5.867168426513672, 0.03310127556324005, -5.851603984832764], "start_rotation": [0, 0.9645834376507192, 0, 0.2637779213844882]}