{"episode_id": "5410", "start_position": [-2.5088179111480713, 0.17949719727039337, -0.35952064394950867], "start_rotation": [0, 0.9928519820588632, 0, 0.11935217518665854]}