{"episode_id": "212", "start_position": [-9.485349655151367, 0.14340753853321075, -0.46407485008239746], "start_rotation": [0, 0.7452275709505899, 0, 0.6668102184992994]}