{"episode_id": "39875", "start_position": [0.5938354730606079, 3.0807693004608154, -3.6630423069000244], "start_rotation": [0, 0.31500183697435685, 0, -0.9490910613333058]}