{"episode_id": "10799", "start_position": [-8.806034088134766, 0.11509490013122559, -1.4948384761810303], "start_rotation": [0, 0.5382354955839707, 0, -0.8427944893587508]}