{"episode_id": "10942", "start_position": [1.042598843574524, 0.1887628585100174, 3.416055202484131], "start_rotation": [0, 0.28420617600583864, 0, -0.9587631874035101]}