{"episode_id": "30187", "start_position": [-4.527218818664551, 0.15165157616138458, 3.5294651985168457], "start_rotation": [0, 0.9712605681726936, 0, -0.23801871504748634]}