{"episode_id": "64059", "start_position": [4.3264875411987305, 0.18321557343006134, -1.357300877571106], "start_rotation": [0, 0.8452210032073026, 0, 0.5344169306236853]}