{"episode_id": "37481", "start_position": [3.0668163299560547, 0.16243858635425568, 1.4841219186782837], "start_rotation": [0, 0.4518207683075175, 0, -0.8921087340262983]}