{"episode_id": "5189", "start_position": [-2.8922746181488037, 0.0701034814119339, -1.1461544036865234], "start_rotation": [0, 0.16567105718548847, 0, 0.9861810689782291]}