{"episode_id": "56977", "start_position": [5.413078784942627, 0.18128342926502228, 4.0819926261901855], "start_rotation": [0, 0.5288667493654089, 0, -0.8487048729774478]}