{"episode_id": "35794", "start_position": [-4.145848274230957, 0.2200329601764679, -0.2254640907049179], "start_rotation": [0, 0.0959416399178636, 0, -0.9953869607996033]}