{"episode_id": "1854", "start_position": [-6.190418720245361, 0.12324567139148712, -3.644294261932373], "start_rotation": [0, 0.998772692082672, 0, 0.049528875920334565]}