{"episode_id": "807", "start_position": [-2.66223406791687, 3.056049346923828, 2.862605333328247], "start_rotation": [0, 0.909063180548426, 0, 0.41665829377462266]}