{"episode_id": "18058", "start_position": [-3.7061986923217773, 0.17949719727039337, 0.9795221090316772], "start_rotation": [0, 0.9418423012178002, 0, -0.3360551735009572]}