{"episode_id": "61147", "start_position": [6.507166385650635, 0.17970331013202667, -2.2968297004699707], "start_rotation": [0, 0.03251989876117962, 0, -0.999471088218445]}