{"episode_id": "6502", "start_position": [-2.3424572944641113, 0.1672901213169098, 4.168141841888428], "start_rotation": [0, 0.8048734622938033, 0, 0.5934464674216079]}