{"episode_id": "27527", "start_position": [-0.43992161750793457, 0.17282123863697052, -0.001475723460316658], "start_rotation": [0, 0.5641754829698418, 0, -0.8256549063717515]}