{"episode_id": "38287", "start_position": [-0.07491886615753174, -2.967862606048584, 4.090476036071777], "start_rotation": [0, 0.15308022854940526, 0, -0.9882137641357065]}