{"episode_id": "36598", "start_position": [-4.372208595275879, 3.1434075832366943, -1.0440458059310913], "start_rotation": [0, 0.38945507906869, 0, 0.9210454610862595]}