{"episode_id": "41580", "start_position": [-4.063154220581055, 1.5974199771881104, 1.1724739074707031], "start_rotation": [0, 0.9668740163049918, 0, 0.25525406283594076]}