{"episode_id": "1665", "start_position": [-5.422816276550293, 0.15562696754932404, 3.5214288234710693], "start_rotation": [0, 0.5820111347861665, 0, -0.8131808156768817]}