{"episode_id": "64517", "start_position": [6.137939929962158, -2.699413776397705, -1.5434956550598145], "start_rotation": [0, 0.4429168586685934, 0, 0.8965626895578163]}