{"episode_id": "55898", "start_position": [-3.1635661125183105, 0.15964920818805695, 3.5977675914764404], "start_rotation": [0, 0.7729483285403835, 0, -0.6344689759213034]}