{"episode_id": "2877", "start_position": [2.9556167125701904, 0.14657917618751526, 12.068660736083984], "start_rotation": [0, 0.879617451042056, 0, -0.47568176318025496]}