{"episode_id": "61155", "start_position": [-4.127881050109863, 0.17635054886341095, 2.1596245765686035], "start_rotation": [0, 0.3157593094562788, 0, 0.94883932174615]}