{"episode_id": "22558", "start_position": [4.110844135284424, 0.12114477157592773, 0.16186663508415222], "start_rotation": [0, 0.9641541330565908, 0, -0.26534281167933244]}