{"episode_id": "63658", "start_position": [1.9869945049285889, 0.17800255119800568, 0.3323631286621094], "start_rotation": [0, 0.9933486391689522, 0, -0.11514547781476635]}