{"episode_id": "15620", "start_position": [1.9360535144805908, 0.15964920818805695, 0.8431797027587891], "start_rotation": [0, 0.7605893055975365, 0, 0.6492333233981888]}