{"episode_id": "39289", "start_position": [-2.578782558441162, 0.1649409383535385, 0.90860915184021], "start_rotation": [0, 0.9434201375639719, 0, -0.33159982514889275]}