{"episode_id": "56874", "start_position": [-0.18797622621059418, 0.08076925575733185, -1.340338945388794], "start_rotation": [0, 0.27084138863159174, 0, -0.9626239879642056]}