{"episode_id": "51045", "start_position": [-0.1711452752351761, 0.12194900214672089, 0.07054641097784042], "start_rotation": [0, 0.9125563582395672, 0, -0.40895096654310364]}