{"episode_id": "47007", "start_position": [-1.8738422393798828, 0.03310127556324005, -8.912978172302246], "start_rotation": [0, 0.9986240129034247, 0, 0.05244121330271208]}