{"episode_id": "63658", "start_position": [0.5932470560073853, 0.17949719727039337, 0.2012309432029724], "start_rotation": [0, 0.9723357209962893, 0, 0.23358776867513062]}