{"episode_id": "5319", "start_position": [-9.593679428100586, 0.14340753853321075, -0.24021223187446594], "start_rotation": [0, 0.995712686143311, 0, -0.09249998190957849]}