{"episode_id": "49958", "start_position": [-0.7659348845481873, 0.18145985901355743, -2.191460132598877], "start_rotation": [0, 0.8913786244679873, 0, -0.4532594707687407]}