{"episode_id": "21214", "start_position": [0.31292107701301575, 0.17002512514591217, 0.2036113739013672], "start_rotation": [0, 0.029958278194541912, 0, -0.9995511500506707]}