{"episode_id": "26045", "start_position": [-6.9992876052856445, 0.17923279106616974, 3.907679557800293], "start_rotation": [0, 0.05932216954509215, 0, -0.9982388893448618]}