{"episode_id": "68258", "start_position": [-2.1479856967926025, 0.15964920818805695, 3.039832830429077], "start_rotation": [0, 0.8606722421699727, 0, -0.5091593970046236]}