{"episode_id": "4904", "start_position": [-6.589574337005615, 0.11509490013122559, 3.3146228790283203], "start_rotation": [0, 0.5745460897880135, 0, -0.8184722296506486]}