{"episode_id": "42063", "start_position": [-4.882979393005371, 0.12324567139148712, 0.4078044891357422], "start_rotation": [0, 0.7738579409601951, 0, 0.6333592086745461]}