{"episode_id": "51327", "start_position": [-3.772073745727539, -2.967862606048584, -2.897294044494629], "start_rotation": [0, 0.8361172427676228, 0, 0.5485507782755104]}