{"episode_id": "47823", "start_position": [3.253052234649658, -0.013606565073132515, -10.624238967895508], "start_rotation": [0, 0.1599372363777872, 0, -0.987127185533777]}