{"episode_id": "47183", "start_position": [-0.4868524968624115, 0.12114477157592773, -0.05480337142944336], "start_rotation": [0, 0.9712851476273118, 0, 0.2379183935692893]}