{"episode_id": "15835", "start_position": [0.9822965860366821, -2.852285146713257, 7.874855041503906], "start_rotation": [0, 0.06710195054576923, 0, 0.9977461241382766]}