{"episode_id": "2809", "start_position": [-2.73225998878479, 0.1672901213169098, -2.0260941982269287], "start_rotation": [0, 0.4915051813925146, 0, 0.8708746503741577]}