{"episode_id": "15000", "start_position": [-1.5071687698364258, 0.17282123863697052, 1.5401630401611328], "start_rotation": [0, 0.9160326485763434, 0, -0.40110371070610823]}