{"episode_id": "36041", "start_position": [0.4414072632789612, 0.1662864238023758, -1.8537209033966064], "start_rotation": [0, 0.9426320950105533, 0, 0.3338333917630398]}