{"episode_id": "10828", "start_position": [-2.2571969032287598, 0.12324567139148712, -0.6254491209983826], "start_rotation": [0, 0.9523232838999319, 0, 0.30509074542183273]}