{"episode_id": "26238", "start_position": [0.38089805841445923, 0.15562696754932404, 4.363415718078613], "start_rotation": [0, 0.8449472096623724, 0, -0.534849710557808]}