{"episode_id": "57282", "start_position": [-4.007637977600098, -6.767862796783447, 6.541064262390137], "start_rotation": [0, 0.7530590571579077, 0, 0.6579529287361241]}