{"episode_id": "29075", "start_position": [-4.234279155731201, 0.1514829844236374, 2.2719061374664307], "start_rotation": [0, 0.014521870234134118, 0, 0.9998945520828199]}