{"episode_id": "37273", "start_position": [-5.623706817626953, 0.07762229442596436, 7.834173679351807], "start_rotation": [0, 0.8202756786009602, 0, 0.5719683654676492]}