{"episode_id": "19096", "start_position": [-1.691616177558899, 0.1751515418291092, -2.308931827545166], "start_rotation": [0, 0.3172559598151234, 0, 0.9483399474670382]}