{"episode_id": "54622", "start_position": [-1.9479386806488037, 0.028171492740511894, 13.149345397949219], "start_rotation": [0, 0.9111413203329597, 0, 0.41209403584850746]}