{"episode_id": "17905", "start_position": [-1.8154468536376953, 1.5970072746276855, 2.418818950653076], "start_rotation": [0, 0.8186343621500923, 0, 0.5743150538747105]}