{"episode_id": "34749", "start_position": [1.0626879930496216, 0.14340916275978088, -6.415803909301758], "start_rotation": [0, 0.92631879176022, 0, 0.3767406216906881]}