{"episode_id": "41420", "start_position": [-0.32904520630836487, -2.967862606048584, -1.291229486465454], "start_rotation": [0, 0.696503519405386, 0, -0.7175533760326901]}