{"episode_id": "19791", "start_position": [0.41814547777175903, 0.18321557343006134, -6.808723449707031], "start_rotation": [0, 0.9017258737116124, 0, 0.4323082796790148]}