{"episode_id": "40918", "start_position": [-5.467504978179932, 2.7005860805511475, -1.9334337711334229], "start_rotation": [0, 0.4847876213087205, 0, -0.8746319009879714]}