{"episode_id": "38882", "start_position": [-0.8559008836746216, 0.035277869552373886, 4.809572219848633], "start_rotation": [0, 0.6910932759042172, 0, 0.7227655802540527]}