{"episode_id": "48417", "start_position": [0.6059428453445435, 0.0701034814119339, 0.2667704224586487], "start_rotation": [0, 0.7613129806138609, 0, 0.6483845660939495]}