{"episode_id": "57184", "start_position": [2.4623830318450928, 0.1662864238023758, 0.14530286192893982], "start_rotation": [0, 0.9570757195987439, 0, 0.2898380012257648]}