{"episode_id": "48026", "start_position": [0.9345239996910095, 0.17002512514591217, 0.4820890426635742], "start_rotation": [0, 0.025352570699292375, 0, 0.9996785719214638]}