{"episode_id": "64184", "start_position": [-6.286321640014648, 0.03310127556324005, -2.624591827392578], "start_rotation": [0, 0.5285775795667342, 0, -0.8488849995019189]}