{"episode_id": "56727", "start_position": [-1.4767698049545288, 0.1649409383535385, 0.38586127758026123], "start_rotation": [0, 0.9557262259648955, 0, -0.29425733806125803]}