{"episode_id": "48479", "start_position": [-3.1061248779296875, 0.1719042807817459, -5.976791858673096], "start_rotation": [0, 0.2553381698891475, 0, 0.9668518081886494]}