{"episode_id": "42115", "start_position": [-1.8240981101989746, 0.15562696754932404, -1.259824514389038], "start_rotation": [0, 0.1690962070858264, 0, -0.9855995498929508]}