{"episode_id": "37191", "start_position": [-1.9011672735214233, 0.20898495614528656, 7.7819085121154785], "start_rotation": [0, 0.7918507730091467, 0, 0.610714625078536]}