{"episode_id": "38683", "start_position": [-2.417041063308716, 0.15964920818805695, 1.8065463304519653], "start_rotation": [0, 0.9760398038475814, 0, 0.2175920524862405]}