{"episode_id": "66840", "start_position": [0.35196447372436523, 0.14340916275978088, -2.0466485023498535], "start_rotation": [0, 0.8932625435547984, 0, 0.44953534708853754]}