{"episode_id": "37213", "start_position": [2.0509331226348877, 0.17970331013202667, -0.3442181944847107], "start_rotation": [0, 0.9849333425540349, 0, 0.17293441162861803]}