{"episode_id": "549", "start_position": [2.666527032852173, 0.18360306322574615, -3.595856189727783], "start_rotation": [0, 0.19799241340926865, 0, -0.9802035524483541]}