{"episode_id": "35497", "start_position": [-0.7887111902236938, 0.08076925575733185, 0.8954966068267822], "start_rotation": [0, 0.08451986426749337, 0, -0.9964217944947835]}