{"episode_id": "14213", "start_position": [-2.859766960144043, 0.17800255119800568, -2.4238908290863037], "start_rotation": [0, 0.39319651137888534, 0, 0.9194544596876314]}