{"episode_id": "35687", "start_position": [-3.2405552864074707, 0.18128342926502228, 1.7979958057403564], "start_rotation": [0, 0.44358712949573204, 0, -0.8962312528280503]}