{"episode_id": "50230", "start_position": [4.781509876251221, 0.27058735489845276, 4.233770370483398], "start_rotation": [0, 0.1566642991110165, 0, -0.9876519110415642]}