{"episode_id": "51495", "start_position": [-5.776856422424316, 0.03310127556324005, -10.606175422668457], "start_rotation": [0, 0.8294147723193955, 0, 0.5586332745714001]}