{"episode_id": "16303", "start_position": [6.536637306213379, 0.16646166145801544, 1.5376523733139038], "start_rotation": [0, 0.9633724954678586, 0, 0.2681668043886691]}