{"episode_id": "16111", "start_position": [-14.13750171661377, 0.19700729846954346, -1.8299633264541626], "start_rotation": [0, 0.9684838303962183, 0, -0.24907643457595294]}