{"episode_id": "52793", "start_position": [0.11867863684892654, 0.17635054886341095, -2.7233023643493652], "start_rotation": [0, 0.994983379672977, 0, -0.10004036272695332]}