{"episode_id": "954", "start_position": [3.1263582706451416, 0.15289896726608276, -0.05967423692345619], "start_rotation": [0, 0.667168940990787, 0, -0.744906439881702]}