{"episode_id": "26889", "start_position": [2.681647777557373, 0.15289896726608276, -2.0789613723754883], "start_rotation": [0, 0.23196593114160882, 0, 0.9727239108758489]}