{"episode_id": "2221", "start_position": [-1.2461552619934082, 2.7814598083496094, 0.01358368992805481], "start_rotation": [0, 0.69010558521489, 0, 0.7237086991706084]}