{"episode_id": "1131", "start_position": [6.083842754364014, -2.699413776397705, -3.559070110321045], "start_rotation": [0, 0.02439899655356898, 0, 0.9997023001709954]}