{"episode_id": "50295", "start_position": [1.6647038459777832, 0.18360306322574615, -3.3216938972473145], "start_rotation": [0, 0.4979056226698912, 0, -0.8672312211363864]}