{"episode_id": "36252", "start_position": [0.7119559049606323, 0.025033235549926758, -2.5309455394744873], "start_rotation": [0, 0.3892410108314988, 0, 0.9211359484282833]}