{"episode_id": "36252", "start_position": [-2.0346083641052246, 0.17702746391296387, 5.13715124130249], "start_rotation": [0, 0.8224002945508386, 0, 0.5689092682692856]}