{"episode_id": "67398", "start_position": [-0.56895911693573, 0.1662864238023758, 0.20095984637737274], "start_rotation": [0, 0.653929851979213, 0, -0.7565551854890986]}