{"episode_id": "47054", "start_position": [0.8466594815254211, 0.18128342926502228, 5.3556060791015625], "start_rotation": [0, 0.691809228659945, 0, 0.7220803218070216]}