{"episode_id": "60848", "start_position": [1.908212423324585, 0.16243858635425568, 0.1652815192937851], "start_rotation": [0, 0.9975623774956063, 0, -0.06978039126655569]}