{"episode_id": "14213", "start_position": [-0.8242335319519043, 0.14340916275978088, -0.005885764956474304], "start_rotation": [0, 0.9984837917118657, 0, -0.05504650478182494]}