{"episode_id": "50828", "start_position": [0.3207979202270508, 0.1662864238023758, -0.3163861036300659], "start_rotation": [0, 0.992458163589076, 0, -0.12258382244570006]}