{"episode_id": "51523", "start_position": [-1.484304428100586, 0.17702746391296387, 4.69450569152832], "start_rotation": [0, 0.08127924348376361, 0, -0.9966913687690423]}