{"episode_id": "25513", "start_position": [-4.428476333618164, 0.08820843696594238, -2.464892864227295], "start_rotation": [0, 0.6307421191422877, 0, -0.7759925122962825]}