{"episode_id": "22811", "start_position": [-3.183149814605713, 0.08820843696594238, -0.5373892784118652], "start_rotation": [0, 0.6974774867057281, 0, -0.7166066951533882]}