{"episode_id": "60120", "start_position": [-3.361163854598999, 0.08076925575733185, -1.8311787843704224], "start_rotation": [0, 0.9905777372168278, 0, 0.13695162113092807]}