{"episode_id": "51523", "start_position": [-3.8545541763305664, 0.1965537965297699, -12.691554069519043], "start_rotation": [0, 0.7202883835056386, 0, 0.6936747397641304]}