{"episode_id": "64901", "start_position": [-2.057196855545044, 0.17702746391296387, 4.233141899108887], "start_rotation": [0, 0.5132854701778674, 0, 0.8582179362517923]}