{"episode_id": "13451", "start_position": [0.6627746820449829, 0.17002512514591217, -3.3041467666625977], "start_rotation": [0, 0.8020095803856581, 0, 0.597311169299236]}