{"episode_id": "52923", "start_position": [-9.042109489440918, 0.20840850472450256, 5.499949932098389], "start_rotation": [0, 0.28602166777508153, 0, 0.9582231501916246]}