{"episode_id": "41043", "start_position": [0.36333513259887695, 0.17970331013202667, -2.2141315937042236], "start_rotation": [0, 0.9993221966220233, 0, 0.03681232590497714]}