{"episode_id": "39052", "start_position": [-7.5814385414123535, -2.8849050998687744, -1.6091091632843018], "start_rotation": [0, 0.5841135248364501, 0, 0.8116719719832254]}