{"episode_id": "38878", "start_position": [-0.4552997052669525, 0.19309520721435547, -1.350561499595642], "start_rotation": [0, 0.9999095856931702, 0, -0.013446949055925358]}