{"episode_id": "53216", "start_position": [-0.1771058440208435, 0.17949719727039337, 8.12468147277832], "start_rotation": [0, 0.5323537113126269, 0, -0.8465220174642076]}