{"episode_id": "6956", "start_position": [5.2393951416015625, 0.1887628585100174, 1.4574694633483887], "start_rotation": [0, 0.2080993966838875, 0, -0.9781076837955022]}