{"episode_id": "68360", "start_position": [-9.064496040344238, 0.1672901213169098, 0.06252682209014893], "start_rotation": [0, 0.8158143866237205, 0, 0.5783138305260931]}