{"episode_id": "37829", "start_position": [-1.2834186553955078, 0.06204648315906525, 1.6944998502731323], "start_rotation": [0, 0.03331789483105063, 0, -0.9994448048211703]}