{"episode_id": "50424", "start_position": [1.1519421339035034, 0.14340916275978088, -6.657478332519531], "start_rotation": [0, 0.440929224254352, 0, -0.8975418760138467]}