{"episode_id": "38436", "start_position": [1.6934837102890015, 0.15480343997478485, 15.755197525024414], "start_rotation": [0, 0.9866580046141656, 0, 0.16280657827862188]}