{"episode_id": "35881", "start_position": [-0.7069312334060669, 0.16243858635425568, -2.7133688926696777], "start_rotation": [0, 0.31330405074030954, 0, -0.949652869099922]}