{"episode_id": "44699", "start_position": [-1.3857061862945557, 0.1751515418291092, -3.1772990226745605], "start_rotation": [0, 0.5261435161642448, 0, -0.8503957904401486]}