{"episode_id": "42479", "start_position": [0.4327046275138855, 0.17949719727039337, 7.3009562492370605], "start_rotation": [0, 0.9898220387015808, 0, -0.1423106872327101]}