{"episode_id": "60691", "start_position": [-0.01170815248042345, 0.12324567139148712, 1.1744260787963867], "start_rotation": [0, 0.5296853094758329, 0, 0.8481942424500953]}