{"episode_id": "46810", "start_position": [-2.120450496673584, 0.06597429513931274, -1.6595994234085083], "start_rotation": [0, 0.4318802480734494, 0, 0.9019309570715576]}