{"episode_id": "50886", "start_position": [-1.515936255455017, 0.17129215598106384, 1.5245535373687744], "start_rotation": [0, 0.943032128502859, 0, -0.3327016750955235]}