{"episode_id": "66282", "start_position": [-1.1436848640441895, 0.1751515418291092, -3.172199249267578], "start_rotation": [0, 0.5142989936170357, 0, -0.8576109521015367]}