{"episode_id": "60153", "start_position": [5.913237571716309, 0.14657917618751526, 12.467811584472656], "start_rotation": [0, 0.9002754295890311, 0, -0.43532074482878214]}