{"episode_id": "23240", "start_position": [-1.722548246383667, -2.943950891494751, -0.055845290422439575], "start_rotation": [0, 0.5570749129224243, 0, -0.8304622456153401]}