{"episode_id": "3016", "start_position": [1.609387755393982, -2.943950891494751, 1.2647528648376465], "start_rotation": [0, 0.9880230731357975, 0, 0.15430621164196412]}