{"episode_id": "56544", "start_position": [-0.6247775554656982, 0.14340916275978088, -9.704224586486816], "start_rotation": [0, 0.7667837738871892, 0, -0.641905479103676]}