{"episode_id": "51408", "start_position": [-5.216860294342041, -2.511791467666626, 0.20892637968063354], "start_rotation": [0, 0.767993202684518, 0, -0.6404579928694597]}