{"episode_id": "45976", "start_position": [-3.594048261642456, 0.08820843696594238, 7.036355495452881], "start_rotation": [0, 0.2694374031367554, 0, -0.9630179052286212]}