{"episode_id": "50807", "start_position": [0.31401246786117554, 0.12194900214672089, 0.07997475564479828], "start_rotation": [0, 0.9649619918705697, 0, 0.2623896991979343]}