{"episode_id": "14968", "start_position": [3.6551074981689453, 0.18360306322574615, -5.439449787139893], "start_rotation": [0, 0.6041388783027761, 0, -0.7968790471100765]}