{"episode_id": "42116", "start_position": [-3.5850138664245605, -2.852285146713257, 8.238411903381348], "start_rotation": [0, 0.9430052741717538, 0, 0.3327777830388552]}