{"episode_id": "16173", "start_position": [-1.8308820724487305, 0.1662864238023758, -1.592355489730835], "start_rotation": [0, 0.9929475685282239, 0, -0.11855431731442032]}