{"episode_id": "47668", "start_position": [2.0194294452667236, 0.15562696754932404, 4.124485492706299], "start_rotation": [0, 0.7666012489336458, 0, -0.6421234500727835]}