{"episode_id": "63824", "start_position": [0.011391520500183105, 0.15562696754932404, 1.3479788303375244], "start_rotation": [0, 0.2722051923360099, 0, -0.9622392287083893]}