{"episode_id": "31406", "start_position": [-4.246941566467285, 0.08076925575733185, -6.162994384765625], "start_rotation": [0, 0.7141537147190273, 0, 0.6999889083071347]}