{"episode_id": "49409", "start_position": [2.3089652061462402, 0.17002512514591217, 1.8661712408065796], "start_rotation": [0, 0.27994764604293737, 0, -0.9600152683551539]}