{"episode_id": "51523", "start_position": [0.34653952717781067, 0.16511733829975128, 1.8211246728897095], "start_rotation": [0, 0.4948864472549006, 0, -0.8689576539299383]}