{"episode_id": "5655", "start_position": [-0.6801478862762451, 0.1662864238023758, 0.2553926408290863], "start_rotation": [0, 0.5507250538568469, 0, 0.8346867167113498]}