{"episode_id": "1548", "start_position": [7.3896026611328125, 0.18360306322574615, -1.9456356763839722], "start_rotation": [0, 0.8664822838071601, 0, 0.49920782430599797]}