{"episode_id": "56523", "start_position": [0.9126399755477905, 0.17800255119800568, -3.779132843017578], "start_rotation": [0, 0.2857417257312105, 0, 0.9583066660397128]}