{"episode_id": "31614", "start_position": [-8.226227760314941, 0.17000891268253326, -3.895590305328369], "start_rotation": [0, 0.9943559539705092, 0, 0.10609541367749403]}