{"episode_id": "20817", "start_position": [-3.9544382095336914, 0.17635054886341095, -0.2905048429965973], "start_rotation": [0, 0.7384383978512645, 0, 0.6743209418213686]}