{"episode_id": "4971", "start_position": [2.2419912815093994, 0.17800255119800568, 2.0470452308654785], "start_rotation": [0, 0.38970810553470153, 0, -0.9209384303418736]}