{"episode_id": "64901", "start_position": [-4.194109916687012, 0.22503304481506348, -14.610187530517578], "start_rotation": [0, 0.9659147989287945, 0, 0.25886019626498485]}