{"episode_id": "17017", "start_position": [-5.576315879821777, 0.18321557343006134, -3.234835624694824], "start_rotation": [0, 0.968452438814897, 0, 0.24919846258249337]}