{"episode_id": "50059", "start_position": [3.3167693614959717, 0.12114477157592773, -1.5471725463867188], "start_rotation": [0, 0.9429743588713128, 0, 0.33286537595736304]}