{"episode_id": "50878", "start_position": [3.779857873916626, 0.19742000102996826, 12.287023544311523], "start_rotation": [0, 0.9310746819135058, 0, -0.36482864018558614]}