{"episode_id": "3400", "start_position": [-4.156857490539551, 0.18128342926502228, -1.1640182733535767], "start_rotation": [0, 0.938761964348286, 0, 0.3445663568791176]}