{"episode_id": "35827", "start_position": [-0.5361429452896118, 0.18145985901355743, -2.7739531993865967], "start_rotation": [0, 0.2457334770820714, 0, 0.9693374326008231]}