{"episode_id": "8428", "start_position": [-4.166647434234619, 3.078861951828003, 4.495638847351074], "start_rotation": [0, 0.011361172950767074, 0, 0.9999354597918721]}