{"episode_id": "29396", "start_position": [-1.7158446311950684, 0.1649409383535385, -1.6149500608444214], "start_rotation": [0, 0.2981954823444936, 0, 0.9545048215223089]}