{"episode_id": "68137", "start_position": [0.910321831703186, 0.17949719727039337, 2.741323947906494], "start_rotation": [0, 0.918046868212408, 0, 0.39647187512532284]}