{"episode_id": "58788", "start_position": [2.941079616546631, 0.1887628585100174, 3.0472164154052734], "start_rotation": [0, 0.6337874726790711, 0, 0.7735072329817451]}