{"episode_id": "60504", "start_position": [7.134822845458984, 0.08197630941867828, 2.8903608322143555], "start_rotation": [0, 0.2946927179721918, 0, 0.95559206881083]}