{"episode_id": "15838", "start_position": [1.4403671026229858, 0.15562696754932404, 0.4356221854686737], "start_rotation": [0, 0.9060750676519805, 0, 0.4231169717459451]}