{"episode_id": "22661", "start_position": [-6.9999589920043945, 0.15165157616138458, 6.6069536209106445], "start_rotation": [0, 0.5689391238892142, 0, -0.8223796406211509]}