{"episode_id": "60445", "start_position": [-2.6433322429656982, 0.1722484529018402, -2.440134286880493], "start_rotation": [0, 0.3893520550831531, 0, 0.9210890169807288]}