{"episode_id": "33975", "start_position": [0.5196213722229004, -2.374966859817505, -6.705912113189697], "start_rotation": [0, 0.5105689204469112, 0, -0.8598368318894438]}