{"episode_id": "12747", "start_position": [-4.818367958068848, 0.17000891268253326, -3.1177597045898438], "start_rotation": [0, 0.7613546323501583, 0, 0.6483356567388187]}