{"episode_id": "10787", "start_position": [-1.5743486881256104, 0.1751515418291092, -2.7486183643341064], "start_rotation": [0, 0.5305768958622131, 0, -0.8476368075875529]}