{"episode_id": "44369", "start_position": [-0.5924345850944519, 0.1649409383535385, -0.07056505978107452], "start_rotation": [0, 0.8318001105397979, 0, -0.5550752886825174]}