{"episode_id": "25916", "start_position": [-0.35444772243499756, 0.15964920818805695, 3.690746307373047], "start_rotation": [0, 0.7050735852637268, 0, 0.7091341476500438]}