{"episode_id": "11187", "start_position": [-6.071287155151367, 0.16511733829975128, -0.42043250799179077], "start_rotation": [0, 0.463980233547858, 0, -0.8858455524959614]}