{"episode_id": "6854", "start_position": [5.189681053161621, 0.19432981312274933, -0.1430508941411972], "start_rotation": [0, 0.3518489105065828, 0, 0.9360568060621806]}