{"episode_id": "16794", "start_position": [-2.696906566619873, 0.0701034814119339, 4.937130928039551], "start_rotation": [0, 0.732520567614881, 0, 0.6807448993721309]}