{"episode_id": "65857", "start_position": [-4.640244960784912, 0.16646166145801544, 0.5068461894989014], "start_rotation": [0, 0.9740828210529151, 0, -0.22619163938924583]}