{"episode_id": "57437", "start_position": [-0.2477223128080368, 0.18463699519634247, 2.8285107612609863], "start_rotation": [0, 0.9916868621236912, 0, 0.1286746575331255]}