{"episode_id": "46719", "start_position": [-11.107118606567383, 0.062041521072387695, 0.4307152330875397], "start_rotation": [0, 0.9977809601599608, 0, 0.06658194606848558]}