{"episode_id": "297", "start_position": [0.7173566818237305, 0.0701034814119339, 1.8011771440505981], "start_rotation": [0, 0.5920108011500917, 0, -0.8059300288000358]}