{"episode_id": "46741", "start_position": [-1.3533047437667847, 0.11509490013122559, 0.7800151705741882], "start_rotation": [0, 0.5364679224220021, 0, -0.8439207120412561]}