{"episode_id": "23888", "start_position": [2.7547104358673096, 3.683565139770508, -8.211897850036621], "start_rotation": [0, 0.3796609813335632, 0, 0.9251256883542018]}