{"episode_id": "37757", "start_position": [1.1389037370681763, -0.9379585385322571, 0.4692589044570923], "start_rotation": [0, 0.5102554788606055, 0, -0.8600228754473536]}