{"episode_id": "24760", "start_position": [1.3434712886810303, 0.14570780098438263, -5.760081768035889], "start_rotation": [0, 0.07785622485423774, 0, -0.99696459729092]}