{"episode_id": "31357", "start_position": [-1.0690118074417114, 0.17002512514591217, -0.9050918817520142], "start_rotation": [0, 0.7790723517527084, 0, -0.6269340242278323]}