{"episode_id": "17163", "start_position": [-1.9415404796600342, 0.17702746391296387, 2.089322566986084], "start_rotation": [0, 0.9972752700844606, 0, 0.07377015438486027]}