{"episode_id": "44915", "start_position": [-1.6553188562393188, 0.05604910850524902, -2.7280006408691406], "start_rotation": [0, 0.9607039859054158, 0, 0.27757494747445516]}