{"episode_id": "4971", "start_position": [-1.6228079795837402, 0.14340916275978088, -5.579065322875977], "start_rotation": [0, 0.9758507638415311, 0, -0.21843829039319135]}