{"episode_id": "19208", "start_position": [-2.145437240600586, 0.14657917618751526, 9.34238338470459], "start_rotation": [0, 0.2653306414431595, 0, 0.9641574823188178]}