{"episode_id": "15000", "start_position": [0.4942037761211395, 0.044724658131599426, -1.3038781881332397], "start_rotation": [0, 0.9999367552327427, 0, -0.011246578795974646]}