{"episode_id": "60607", "start_position": [-1.8375967741012573, 0.1751515418291092, 0.9572454690933228], "start_rotation": [0, 0.723445472130275, 0, 0.6903815241257573]}