{"episode_id": "59292", "start_position": [0.25838980078697205, 0.18463699519634247, -0.2247343361377716], "start_rotation": [0, 0.9854804957894046, 0, -0.16978866987720145]}