{"episode_id": "68166", "start_position": [-6.4832539558410645, 0.1672901213169098, 0.0951087474822998], "start_rotation": [0, 0.35361174642240456, 0, -0.9353922881829297]}