{"episode_id": "23710", "start_position": [5.246510028839111, 0.014962434768676758, 2.1367433071136475], "start_rotation": [0, 0.22464175287032306, 0, 0.9744414209522031]}