{"episode_id": "21942", "start_position": [5.974915504455566, 0.15289896726608276, -2.32112979888916], "start_rotation": [0, 0.5113204863328445, 0, 0.8593901094708638]}