{"episode_id": "67130", "start_position": [1.4356591701507568, 0.07441768050193787, -1.7670902013778687], "start_rotation": [0, 0.24550456886040478, 0, 0.9693954335918169]}