{"episode_id": "52400", "start_position": [-6.967149257659912, 0.17635054886341095, 0.5143341422080994], "start_rotation": [0, 0.7795947624898026, 0, 0.626284285527322]}