{"episode_id": "41356", "start_position": [-6.225451469421387, 0.03310127556324005, -8.963723182678223], "start_rotation": [0, 0.9982338129472914, 0, -0.05940753057241154]}