{"episode_id": "26544", "start_position": [-2.3676772117614746, 0.10841822624206543, -6.127716064453125], "start_rotation": [0, 0.9808246426493757, 0, -0.19489233020240784]}