{"episode_id": "58638", "start_position": [-2.2544400691986084, 0.1751515418291092, 0.40747717022895813], "start_rotation": [0, 0.6399216693029536, 0, 0.7684401454612593]}