{"episode_id": "33225", "start_position": [-2.4066519737243652, 0.037133216857910156, -1.7375764846801758], "start_rotation": [0, 0.9632974197272035, 0, 0.26843636330965287]}