{"episode_id": "26924", "start_position": [-2.0024688243865967, 0.19309520721435547, 0.18540775775909424], "start_rotation": [0, 0.9433924489978797, 0, 0.3316785901649111]}