{"episode_id": "19096", "start_position": [1.0950956344604492, 0.021137923002243042, 5.450922012329102], "start_rotation": [0, 0.8550049189377977, 0, -0.5186198883500033]}