{"episode_id": "36151", "start_position": [1.565022587776184, 0.18321557343006134, -6.402712821960449], "start_rotation": [0, 0.8548207009031131, 0, -0.5189234715326628]}