{"episode_id": "24746", "start_position": [5.834081649780273, 0.18360306322574615, -0.954681396484375], "start_rotation": [0, 0.26591928452154623, 0, 0.9639952977683807]}