{"episode_id": "47799", "start_position": [4.31496000289917, 0.16646166145801544, 0.4101501703262329], "start_rotation": [0, 0.10147451751961474, 0, 0.9948381387412534]}