{"episode_id": "56218", "start_position": [2.1208765506744385, 0.18463699519634247, 1.9199720621109009], "start_rotation": [0, 0.15643807425304065, 0, 0.987687768945227]}