{"episode_id": "14660", "start_position": [0.2922550141811371, 1.662041425704956, -5.70408821105957], "start_rotation": [0, 0.5329083457485393, 0, -0.8461729699249174]}