{"episode_id": "28364", "start_position": [-1.5324547290802002, -2.8849050998687744, 4.7727861404418945], "start_rotation": [0, 0.9949432123869281, 0, 0.10043905677165677]}