{"episode_id": "60544", "start_position": [-9.07663631439209, 0.03310127556324005, -8.195531845092773], "start_rotation": [0, 0.23554591676340897, 0, -0.9718632213928486]}