{"episode_id": "37625", "start_position": [-4.791640758514404, 0.15562696754932404, 0.9346264600753784], "start_rotation": [0, 0.28115182846304376, 0, 0.9596632999921832]}