{"episode_id": "31102", "start_position": [13.218488693237305, 0.19309520721435547, -0.6915600895881653], "start_rotation": [0, 0.6200460881457823, 0, 0.7845653883361875]}