{"episode_id": "56219", "start_position": [0.6395888328552246, 0.1719042807817459, -5.631568908691406], "start_rotation": [0, 0.2602451224672838, 0, 0.9655425812629852]}