{"episode_id": "14552", "start_position": [-1.617652177810669, -1.0029926300048828, -5.265108585357666], "start_rotation": [0, 0.9998935801641377, 0, 0.014588637583517755]}