{"episode_id": "27083", "start_position": [-1.3593778610229492, 0.1751515418291092, -2.15389084815979], "start_rotation": [0, 0.9904706461274189, 0, -0.13772399631122184]}