{"episode_id": "13011", "start_position": [-6.333864212036133, 0.037133216857910156, -2.8009307384490967], "start_rotation": [0, 0.8737476220465983, 0, -0.4863795770464821]}