{"episode_id": "18634", "start_position": [1.852234125137329, 0.18463699519634247, -0.11157362908124924], "start_rotation": [0, 0.9102643058906426, 0, -0.4140276481364821]}