{"episode_id": "23442", "start_position": [-5.818350791931152, 0.14340753853321075, -0.3025546073913574], "start_rotation": [0, 0.7107186428829781, 0, 0.7034763753379197]}