{"episode_id": "56685", "start_position": [-7.101870536804199, 0.17702746391296387, 5.704519748687744], "start_rotation": [0, 0.4561240354170243, 0, -0.8899162119631764]}