{"episode_id": "60416", "start_position": [-7.8162841796875, 3.1434075832366943, -0.7093324065208435], "start_rotation": [0, 0.26602175584177157, 0, 0.9639670250682131]}