{"episode_id": "40768", "start_position": [-2.908661365509033, 0.3450777232646942, -3.946185827255249], "start_rotation": [0, 0.12368004300017435, 0, 0.9923221487820753]}