{"episode_id": "13209", "start_position": [-5.951526165008545, -2.8849050998687744, 1.9465261697769165], "start_rotation": [0, 0.9471513882832495, 0, -0.3207869194233348]}