{"episode_id": "43945", "start_position": [-3.1359009742736816, 2.7005860805511475, 0.2500125765800476], "start_rotation": [0, 0.9073624602389792, 0, 0.42034909985518826]}