{"episode_id": "54244", "start_position": [-0.7995160818099976, 0.08076925575733185, -7.8190202713012695], "start_rotation": [0, 0.62623049718548, 0, 0.7796379700827984]}