{"episode_id": "37864", "start_position": [1.4124257564544678, 0.17002512514591217, -1.972876787185669], "start_rotation": [0, 0.4430056928071904, 0, 0.896518798542686]}