{"episode_id": "9646", "start_position": [-0.03485018014907837, 0.1672901213169098, 5.625060081481934], "start_rotation": [0, 0.9641841277756723, 0, 0.26523379827138555]}