{"episode_id": "42228", "start_position": [3.532169818878174, 0.1887628585100174, 3.901339530944824], "start_rotation": [0, 0.6765351169830711, 0, -0.7364103716601921]}