{"episode_id": "61595", "start_position": [0.8466750383377075, 0.16646166145801544, -2.8557074069976807], "start_rotation": [0, 0.21339262537555095, 0, -0.9769665231907027]}