{"episode_id": "2102", "start_position": [-3.829226016998291, 0.28883031010627747, -0.06566134095191956], "start_rotation": [0, 0.9888360489547037, 0, 0.14900761150911318]}