{"episode_id": "32665", "start_position": [-0.25773876905441284, 0.15289896726608276, -1.4216508865356445], "start_rotation": [0, 0.8584776024172877, 0, -0.512851056494832]}