{"episode_id": "6776", "start_position": [-1.8406344652175903, 0.1649409383535385, -0.7947826981544495], "start_rotation": [0, 0.28251544024073083, 0, 0.9592627512968416]}