{"episode_id": "31930", "start_position": [-13.895005226135254, 0.14771485328674316, 4.075597286224365], "start_rotation": [0, 0.04210022351802668, 0, 0.999113392553484]}