{"episode_id": "47183", "start_position": [0.7980799078941345, 0.16646166145801544, -1.3213765621185303], "start_rotation": [0, 0.3456478189327192, 0, 0.9383643137220502]}