{"episode_id": "24951", "start_position": [-6.212644577026367, 0.15165157616138458, 2.7255263328552246], "start_rotation": [0, 0.5175802662129948, 0, 0.8556346580327876]}