{"episode_id": "19", "start_position": [-0.8787269592285156, 0.14172250032424927, 0.023707985877990723], "start_rotation": [0, 0.3547567901573603, 0, 0.9349586193181207]}