{"episode_id": "13498", "start_position": [0.7623222470283508, 0.18360306322574615, -2.1754846572875977], "start_rotation": [0, 0.6667002519595455, 0, 0.7453259515387067]}