{"episode_id": "8051", "start_position": [-4.857419967651367, 0.18065236508846283, 1.4087810516357422], "start_rotation": [0, 0.47334392252545293, 0, -0.8808777049104024]}