{"episode_id": "55273", "start_position": [-5.5589118003845215, 0.20017647743225098, -5.224997520446777], "start_rotation": [0, 0.9930926943725668, 0, -0.1173324353443485]}