{"episode_id": "13172", "start_position": [6.798782825469971, 0.16646166145801544, 1.409298062324524], "start_rotation": [0, 0.4846950034518179, 0, -0.8746832304490822]}