{"episode_id": "5319", "start_position": [-3.201070785522461, -2.852285146713257, 6.243146896362305], "start_rotation": [0, 0.3609078773143489, 0, 0.932601471204314]}