{"episode_id": "41060", "start_position": [-2.992478132247925, 0.17282123863697052, -3.222313404083252], "start_rotation": [0, 0.8968872256605135, 0, 0.4422593181008029]}