{"episode_id": "18312", "start_position": [1.6931148767471313, -3.206904888153076, -2.379760980606079], "start_rotation": [0, 0.1713139535761414, 0, -0.9852164885496546]}