{"episode_id": "60173", "start_position": [-7.67888879776001, -2.8849050998687744, 0.45282769203186035], "start_rotation": [0, 0.17253685933698149, 0, -0.9850030620105354]}