{"episode_id": "42116", "start_position": [2.966256618499756, 2.365107297897339, 0.78731369972229], "start_rotation": [0, 0.7169297469921602, 0, 0.6971454208970731]}