{"episode_id": "24689", "start_position": [-6.053793907165527, 0.16511733829975128, -2.030305862426758], "start_rotation": [0, 0.4740074518089551, 0, -0.8805208320247632]}