{"episode_id": "12247", "start_position": [-3.4458205699920654, 0.1672901213169098, -1.7320752143859863], "start_rotation": [0, 0.40366306285019043, 0, -0.9149077175816166]}