{"episode_id": "23416", "start_position": [5.325427055358887, 0.022395458072423935, -0.8427721261978149], "start_rotation": [0, 0.9919682420613288, 0, -0.12648718014785856]}