{"episode_id": "202", "start_position": [-0.47280067205429077, 0.18463699519634247, 2.619861602783203], "start_rotation": [0, 0.6510276285761697, 0, -0.7590540341968343]}