{"episode_id": "55898", "start_position": [-1.0153225660324097, 0.12517425417900085, 1.9015687704086304], "start_rotation": [0, 0.9821130444225493, 0, 0.18829224087856525]}