{"episode_id": "23488", "start_position": [-2.0979795455932617, 0.19086900353431702, -0.8479653596878052], "start_rotation": [0, 0.8597653643117974, 0, -0.5106892580912608]}