{"episode_id": "904", "start_position": [-4.943939685821533, 0.17702746391296387, 8.158699035644531], "start_rotation": [0, 0.7563994565769726, 0, 0.6541099770604791]}