{"episode_id": "28537", "start_position": [-1.0207641124725342, 0.0701034814119339, 5.668617248535156], "start_rotation": [0, 0.7456780199073264, 0, 0.66630645398877]}