{"episode_id": "51351", "start_position": [-2.5803587436676025, 0.1672901213169098, -3.9527835845947266], "start_rotation": [0, 0.9908559180201367, 0, 0.1349242369793952]}