{"episode_id": "34451", "start_position": [-1.4484210014343262, 0.08356514573097229, -4.399996757507324], "start_rotation": [0, 0.21880401030232238, 0, -0.9757688276818548]}