{"episode_id": "41669", "start_position": [-1.3271968364715576, 0.12194900214672089, 0.4335119128227234], "start_rotation": [0, 0.4495895367245094, 0, 0.8932352705014738]}