{"episode_id": "28698", "start_position": [-5.592247009277344, 0.18321557343006134, -2.5841541290283203], "start_rotation": [0, 0.5385750464947867, 0, -0.8425775449732437]}