{"episode_id": "5661", "start_position": [-0.7968909740447998, 0.17002512514591217, -4.356221675872803], "start_rotation": [0, 0.217213536715057, 0, 0.9761241106886647]}