{"episode_id": "66578", "start_position": [0.7424483299255371, 0.1887628585100174, 2.8700101375579834], "start_rotation": [0, 0.9949565953116744, 0, -0.10030639783085113]}