{"episode_id": "56148", "start_position": [-2.152949333190918, 0.043272897601127625, 4.44663143157959], "start_rotation": [0, 0.9377408992659426, 0, -0.3473355810220157]}