{"episode_id": "52829", "start_position": [-3.030519962310791, 0.30794814229011536, 5.990911483764648], "start_rotation": [0, 0.9965714276284678, 0, 0.08273686986197497]}