{"episode_id": "68012", "start_position": [1.9077646732330322, 0.12114477157592773, -3.764688730239868], "start_rotation": [0, 0.2605891915562126, 0, -0.9654497776912476]}