{"episode_id": "4904", "start_position": [3.0861783027648926, -2.943950891494751, 0.7758188247680664], "start_rotation": [0, 0.9340552368110558, 0, 0.35712856870578474]}