{"episode_id": "32224", "start_position": [3.1381845474243164e-05, 0.10841822624206543, -2.941054344177246], "start_rotation": [0, 0.7972544256024123, 0, -0.6036434219449157]}