{"episode_id": "8483", "start_position": [-0.1314525306224823, 0.18145985901355743, -0.7348448038101196], "start_rotation": [0, 0.9132105007652552, 0, 0.4074881363819956]}