{"episode_id": "23927", "start_position": [0.3687094748020172, 0.19309520721435547, -2.1890320777893066], "start_rotation": [0, 0.7571345638943267, 0, -0.6532589472456906]}