{"episode_id": "35958", "start_position": [-2.063784599304199, 2.9461987018585205, 1.60341477394104], "start_rotation": [0, 0.8280150968979643, 0, -0.5607058045972548]}