{"episode_id": "44353", "start_position": [3.762380361557007, 0.36506181955337524, -2.6697208881378174], "start_rotation": [0, 0.8599272396799529, 0, -0.5104166361477817]}