{"episode_id": "44943", "start_position": [0.01645110547542572, 0.14570780098438263, -2.554576873779297], "start_rotation": [0, 0.37122949673638655, 0, 0.9285411465050157]}