{"episode_id": "9781", "start_position": [1.1622538566589355, 2.365107297897339, -11.75758171081543], "start_rotation": [0, 0.16087436797640886, 0, 0.9869748921468018]}