{"episode_id": "48743", "start_position": [-1.711775779724121, 0.17702746391296387, 6.143712043762207], "start_rotation": [0, 0.40637752331761634, 0, 0.9137052634970646]}