{"episode_id": "14714", "start_position": [5.225086212158203, -2.699413776397705, -0.7682341933250427], "start_rotation": [0, 0.6787040193019119, 0, 0.7344119104313532]}