{"episode_id": "17596", "start_position": [-8.447820663452148, 0.17000891268253326, -4.968890190124512], "start_rotation": [0, 0.5912062457030839, 0, 0.8065204120427857]}