{"episode_id": "29545", "start_position": [4.4279680252075195, 0.18128342926502228, 0.7503812909126282], "start_rotation": [0, 0.8276824704854276, 0, -0.5611966928369582]}