{"episode_id": "498", "start_position": [-4.326938152313232, 3.3303582668304443, 1.3701177835464478], "start_rotation": [0, 0.6522143022445759, 0, -0.7580346324196678]}