{"episode_id": "41516", "start_position": [1.8657476902008057, 2.576350688934326, -0.0552850142121315], "start_rotation": [0, 0.8362438873877142, 0, -0.5483576942167256]}