{"episode_id": "36833", "start_position": [5.794832706451416, 0.15382733941078186, 6.43343448638916], "start_rotation": [0, 0.8950916733377163, 0, -0.44588215519516683]}