{"episode_id": "54381", "start_position": [-8.95036792755127, 0.062041521072387695, -4.795567512512207], "start_rotation": [0, 0.76364682757768, 0, -0.6456342019522704]}