{"episode_id": "2550", "start_position": [0.46822595596313477, 0.17702746391296387, 2.0303359031677246], "start_rotation": [0, 0.9199145012303664, 0, -0.39211900033801755]}