{"episode_id": "20390", "start_position": [-3.498894691467285, 0.09678955376148224, -4.6422834396362305], "start_rotation": [0, 0.4887475797402318, 0, -0.8724252422403113]}