{"episode_id": "4299", "start_position": [-3.4034650325775146, 0.18128342926502228, -1.0485384464263916], "start_rotation": [0, 0.3482384973682087, 0, 0.9374059680579871]}