{"episode_id": "66747", "start_position": [0.3357069790363312, 0.1887628585100174, 2.098827600479126], "start_rotation": [0, 0.8155722413837382, 0, 0.5786552679137255]}