{"episode_id": "50260", "start_position": [-4.226221561431885, 0.14340916275978088, -1.1118292808532715], "start_rotation": [0, 0.4208248985837182, 0, 0.9071418878720149]}