{"episode_id": "50950", "start_position": [10.882559776306152, 0.19309520721435547, -2.9431638717651367], "start_rotation": [0, 0.9453739992175778, 0, -0.32598773228967254]}