{"episode_id": "5708", "start_position": [-4.423844337463379, 3.0807693004608154, -9.924141883850098], "start_rotation": [0, 0.26494342356365713, 0, 0.9642639588361521]}