{"episode_id": "20264", "start_position": [1.5030161142349243, 0.035323306918144226, 1.2236322164535522], "start_rotation": [0, 0.9883635302956955, 0, -0.15211026257761137]}