{"episode_id": "13209", "start_position": [7.184138774871826, 3.056049346923828, 3.8531742095947266], "start_rotation": [0, 0.956432647926419, 0, 0.29195306126235177]}