{"episode_id": "67983", "start_position": [0.21090655028820038, 0.1751515418291092, 2.1582953929901123], "start_rotation": [0, 0.590978936349731, 0, -0.8066869881130727]}