{"episode_id": "61203", "start_position": [-3.0895063877105713, 0.09678955376148224, -5.301750659942627], "start_rotation": [0, 0.07709780431655994, 0, 0.9970235346116788]}