{"episode_id": "47302", "start_position": [7.3341827392578125, -3.206904888153076, 0.0554250031709671], "start_rotation": [0, 0.21657905760863855, 0, -0.9762650827543481]}