{"episode_id": "50195", "start_position": [-0.08939449489116669, 0.15562696754932404, 3.4678311347961426], "start_rotation": [0, 0.8525133136971953, 0, 0.5227055097940211]}