{"episode_id": "55091", "start_position": [-0.2953445315361023, 0.16511733829975128, 0.11652246117591858], "start_rotation": [0, 0.9702164140507066, 0, 0.2422397777132977]}