{"episode_id": "26575", "start_position": [-0.37717774510383606, 0.15964920818805695, 2.9422130584716797], "start_rotation": [0, 0.7828799046892423, 0, 0.6221728496437006]}