{"episode_id": "63448", "start_position": [0.30839303135871887, 3.0807693004608154, -6.604392051696777], "start_rotation": [0, 0.9995629344338788, 0, 0.029562478007322274]}