{"episode_id": "25358", "start_position": [-2.177222728729248, 0.17282123863697052, -0.1720632016658783], "start_rotation": [0, 0.30939252281415175, 0, 0.9509344177316827]}