{"episode_id": "37213", "start_position": [-4.48124885559082, -2.967862606048584, 0.386098712682724], "start_rotation": [0, 0.9951283152218839, 0, -0.09858821554148779]}