{"episode_id": "39694", "start_position": [-1.1145178079605103, 0.25562652945518494, -4.681506156921387], "start_rotation": [0, 0.6539923116051105, 0, 0.7565011938929139]}