{"episode_id": "54562", "start_position": [-2.6665313243865967, 0.14657917618751526, 10.561635971069336], "start_rotation": [0, 0.11294552286406634, 0, 0.9936011819965608]}