{"episode_id": "58173", "start_position": [-5.721246719360352, 0.17635054886341095, 1.834552526473999], "start_rotation": [0, 0.5689552172220337, 0, -0.822368506690175]}