{"episode_id": "54655", "start_position": [3.1207404136657715, 0.18360306322574615, -3.4248335361480713], "start_rotation": [0, 0.16240398731825575, 0, -0.9867243510236948]}