{"episode_id": "63750", "start_position": [-3.1382052898406982, 0.1672901213169098, -1.9090427160263062], "start_rotation": [0, 0.9650818562529779, 0, 0.2619484886982677]}