{"episode_id": "57948", "start_position": [-9.74134635925293, 0.2331012785434723, 3.618168354034424], "start_rotation": [0, 0.9804174531248114, 0, -0.1969304892805024]}