{"episode_id": "9183", "start_position": [-6.405726432800293, -0.03270988166332245, 10.72468376159668], "start_rotation": [0, 0.5227868172692637, 0, 0.8524634559261022]}