{"episode_id": "50685", "start_position": [0.3116641342639923, 0.19654221832752228, 16.14130210876465], "start_rotation": [0, 0.25466997055886964, 0, 0.9670280275646329]}