{"episode_id": "16594", "start_position": [5.245729446411133, 0.35779768228530884, 4.767180442810059], "start_rotation": [0, 0.9996911100552492, 0, 0.02485325887089261]}