{"episode_id": "56123", "start_position": [-1.558456540107727, 0.17635054886341095, -2.2991409301757812], "start_rotation": [0, 0.6893856511368389, 0, 0.7243945223472059]}