{"episode_id": "14780", "start_position": [2.206833839416504, 0.18463699519634247, 2.1022000312805176], "start_rotation": [0, 0.872535430145844, 0, 0.4885508398725838]}