{"episode_id": "31743", "start_position": [-3.2245709896087646, 0.18321557343006134, -4.568824768066406], "start_rotation": [0, 0.9682686741190354, 0, -0.24991153378698888]}