{"episode_id": "43460", "start_position": [8.903636932373047, 0.19309520721435547, -1.1244921684265137], "start_rotation": [0, 0.9986054311851857, 0, 0.05279387092692816]}