{"episode_id": "27872", "start_position": [-3.7617409229278564, 0.08076925575733185, -4.164724826812744], "start_rotation": [0, 0.9897033118655634, 0, -0.1431340437573654]}