{"episode_id": "15753", "start_position": [-1.9826226234436035, 0.17282123863697052, -3.678006649017334], "start_rotation": [0, 0.5728379927968479, 0, -0.8196686123113892]}