{"episode_id": "20261", "start_position": [-0.12942853569984436, 0.08076925575733185, -13.8063383102417], "start_rotation": [0, 0.11379085685690425, 0, -0.9935047261567362]}