{"episode_id": "63970", "start_position": [-4.885652542114258, 0.19742000102996826, 14.424229621887207], "start_rotation": [0, 0.23935154807778514, 0, -0.9709329721627378]}