{"episode_id": "21049", "start_position": [-2.549354076385498, 0.43213748931884766, -1.8026889562606812], "start_rotation": [0, 0.8213755119499732, 0, -0.5703878227740486]}