{"episode_id": "25675", "start_position": [2.3925249576568604, 0.14570780098438263, -3.260939359664917], "start_rotation": [0, 0.47957483963073916, 0, -0.8775009818758899]}