{"episode_id": "3662", "start_position": [-0.024606764316558838, 0.18321557343006134, -2.2387535572052], "start_rotation": [0, 0.22975890918652137, 0, -0.9732475757223441]}