{"episode_id": "3054", "start_position": [2.9296300411224365, 0.15289896726608276, -0.08949458599090576], "start_rotation": [0, 0.5136415054123694, 0, 0.8580048973739689]}