{"episode_id": "18117", "start_position": [-2.9633045196533203, 0.0701034814119339, 5.340321063995361], "start_rotation": [0, 0.6744129668723491, 0, -0.738354352675215]}