{"episode_id": "50189", "start_position": [0.5062627196311951, -2.852285146713257, 1.432582974433899], "start_rotation": [0, 0.5087668489785794, 0, -0.860904346243186]}