{"episode_id": "15707", "start_position": [-1.950430154800415, 0.17002512514591217, -3.023648500442505], "start_rotation": [0, 0.9954082670990252, 0, 0.09572033112623266]}