{"episode_id": "27555", "start_position": [-1.8098809719085693, -2.8915817737579346, 0.0018180161714553833], "start_rotation": [0, 0.017058444197438585, 0, 0.999854494154806]}