{"episode_id": "62418", "start_position": [-3.0787065029144287, 0.27583348751068115, 0.845775306224823], "start_rotation": [0, 0.5251446936749998, 0, 0.8510129556622452]}