{"episode_id": "24726", "start_position": [-6.082755088806152, 0.037133216857910156, -4.404041290283203], "start_rotation": [0, 0.9760826013370988, 0, 0.21739998934453114]}