{"episode_id": "6359", "start_position": [-4.881007194519043, -2.511791467666626, 5.916591644287109], "start_rotation": [0, 0.7731262041790767, 0, -0.6342522151413051]}