{"episode_id": "15835", "start_position": [-6.079200744628906, 0.14340753853321075, 1.8051648139953613], "start_rotation": [0, 0.6248816402509313, 0, -0.7807194987172447]}