{"episode_id": "45051", "start_position": [-5.700770378112793, 0.14340753853321075, -0.9693088531494141], "start_rotation": [0, 0.39909374609153997, 0, 0.9169101274555873]}