{"episode_id": "2349", "start_position": [-0.7916960120201111, 0.18321557343006134, -0.9953907132148743], "start_rotation": [0, 0.29120987069444676, 0, 0.9566591928216253]}