{"episode_id": "7739", "start_position": [5.668492317199707, 0.16470791399478912, 4.9054036140441895], "start_rotation": [0, 0.9721415276400692, 0, -0.23439464635019397]}