{"episode_id": "32505", "start_position": [2.812882900238037, 3.1651172637939453, -1.1786799430847168], "start_rotation": [0, 0.46676748465784373, 0, -0.8843800739875304]}