{"episode_id": "46294", "start_position": [-1.6889885663986206, -2.8915817737579346, 6.5234599113464355], "start_rotation": [0, 0.2429788639387941, 0, 0.9700315828255351]}