{"episode_id": "68347", "start_position": [2.2022342681884766, 0.18360306322574615, -5.584592819213867], "start_rotation": [0, 0.9916549232403146, 0, 0.12892056939544508]}