{"episode_id": "10942", "start_position": [-0.04877699166536331, 0.014962434768676758, 5.246173858642578], "start_rotation": [0, 0.9993567762763872, 0, 0.035861312168785714]}