{"episode_id": "27035", "start_position": [1.3370332717895508, 0.17646045982837677, -5.334939002990723], "start_rotation": [0, 0.04939038275091835, 0, 0.9987795502971203]}