{"episode_id": "54723", "start_position": [-8.337552070617676, 0.11509490013122559, 2.743988513946533], "start_rotation": [0, 0.9968416510799505, 0, 0.07941487689468671]}