{"episode_id": "31042", "start_position": [-0.6916568875312805, 1.5970072746276855, -1.3994684219360352], "start_rotation": [0, 0.9692063494893314, 0, 0.24624997890266717]}