{"episode_id": "2306", "start_position": [1.5214091539382935, 0.18463699519634247, 4.503694534301758], "start_rotation": [0, 0.24162687492791, 0, 0.9703692355555035]}