{"episode_id": "67037", "start_position": [-1.7886254787445068, 0.09678955376148224, -2.803034782409668], "start_rotation": [0, 0.29569651129238494, 0, -0.9552819338862807]}