{"episode_id": "51702", "start_position": [4.545705795288086, 0.014962434768676758, 7.250960350036621], "start_rotation": [0, 0.999785109118555, 0, -0.020730064756269078]}