{"episode_id": "45579", "start_position": [-3.8417768478393555, -1.002579927444458, 0.3461194932460785], "start_rotation": [0, 0.9920802438328928, 0, -0.12560569173595562]}