{"episode_id": "68004", "start_position": [-9.054826736450195, 0.044724658131599426, 7.911205291748047], "start_rotation": [0, 0.4101951905290693, 0, -0.9119977552970295]}