{"episode_id": "4436", "start_position": [3.092332601547241, 0.1887628585100174, 4.540352821350098], "start_rotation": [0, 0.8045705005146226, 0, 0.5938571458706627]}