{"episode_id": "13000", "start_position": [0.48321807384490967, 0.22503304481506348, -12.095473289489746], "start_rotation": [0, 0.999821859315735, 0, 0.018874576403897263]}