{"episode_id": "43411", "start_position": [1.5233876705169678, 0.17646045982837677, -5.086511135101318], "start_rotation": [0, 0.9304497681513633, 0, -0.3664194712990486]}