{"episode_id": "16764", "start_position": [5.727455139160156, 0.15289896726608276, -0.33469435572624207], "start_rotation": [0, 0.42156831852377386, 0, 0.9067966435850091]}