{"episode_id": "45652", "start_position": [-1.2330787181854248, 0.1751515418291092, -3.110673189163208], "start_rotation": [0, 0.003715679211433161, 0, 0.999993096840172]}