{"episode_id": "30477", "start_position": [-4.675590515136719, 0.17646045982837677, -5.022610664367676], "start_rotation": [0, 0.7825211280032915, 0, 0.6226240312005763]}