{"episode_id": "48043", "start_position": [4.418033123016357, 0.18360306322574615, 0.47344446182250977], "start_rotation": [0, 0.7873225745305982, 0, 0.6165412911026403]}