{"episode_id": "52400", "start_position": [2.3399696350097656, 0.16243858635425568, 1.3582054376602173], "start_rotation": [0, 0.9455565207767851, 0, 0.3254579327908618]}