{"episode_id": "7359", "start_position": [1.6788785457611084, 0.17800255119800568, 0.42262351512908936], "start_rotation": [0, 0.4472423619977808, 0, -0.894412807172754]}