{"episode_id": "38143", "start_position": [2.707590103149414, 0.1662864238023758, -1.1483861207962036], "start_rotation": [0, 0.8037765269750694, 0, 0.5949313361085425]}