{"episode_id": "10737", "start_position": [-10.703365325927734, 0.14340753853321075, 0.705478310585022], "start_rotation": [0, 0.08458935175221752, 0, -0.9964158978911063]}