{"episode_id": "58222", "start_position": [-1.6423090696334839, 1.5974199771881104, 1.771075963973999], "start_rotation": [0, 0.9325675115413686, 0, 0.3609956182802492]}