{"episode_id": "5528", "start_position": [-6.550567150115967, 0.10841822624206543, 4.985079765319824], "start_rotation": [0, 0.30291736477231457, 0, -0.9530168257273303]}