{"episode_id": "38626", "start_position": [0.9638855457305908, 0.17970331013202667, -2.754352331161499], "start_rotation": [0, 0.8451807367830576, 0, -0.534480609723915]}