{"episode_id": "9432", "start_position": [0.9498180747032166, 0.11509490013122559, 3.3889236450195312], "start_rotation": [0, 0.9898536236711436, 0, 0.14209082906755818]}