{"episode_id": "52428", "start_position": [-6.360108375549316, 2.7005860805511475, -2.877898931503296], "start_rotation": [0, 0.9997258984716865, 0, 0.023412132004140117]}