{"episode_id": "47438", "start_position": [-0.32945600152015686, 0.17635054886341095, 0.990253210067749], "start_rotation": [0, 0.6958526579410288, 0, 0.7181845712881929]}