{"episode_id": "7481", "start_position": [-0.46536946296691895, 0.23514866828918457, 9.843182563781738], "start_rotation": [0, 0.9607997026552146, 0, -0.27724345146035656]}