{"episode_id": "57895", "start_position": [3.509847640991211, 0.18321557343006134, -2.3009586334228516], "start_rotation": [0, 0.8008227146528413, 0, 0.5989014774535574]}