{"episode_id": "24483", "start_position": [-4.506776332855225, 0.11509490013122559, -0.539945662021637], "start_rotation": [0, 0.10467510490128126, 0, -0.9945064717808053]}