{"episode_id": "67867", "start_position": [-0.22224576771259308, 0.2331012785434723, 0.8862259984016418], "start_rotation": [0, 0.7971257121376295, 0, -0.6038133809788228]}