{"episode_id": "25124", "start_position": [0.8974182605743408, 0.14570780098438263, -2.9661307334899902], "start_rotation": [0, 0.2901967602459954, 0, -0.956967000655053]}