{"episode_id": "51702", "start_position": [2.813119411468506, 0.1514829844236374, 1.0964280366897583], "start_rotation": [0, 0.6693103389489691, 0, 0.7429829541624869]}