{"episode_id": "13575", "start_position": [-1.7810121774673462, 0.17282123863697052, 1.5844073295593262], "start_rotation": [0, 0.7824006499141932, 0, -0.622775419404016]}