{"episode_id": "26197", "start_position": [-0.8394452333450317, 0.14340916275978088, 0.08934739232063293], "start_rotation": [0, 0.8582841316986832, 0, 0.5131747745887724]}