{"episode_id": "45728", "start_position": [2.3653452396392822, 0.17800255119800568, -7.2356719970703125], "start_rotation": [0, 0.8471455281691557, 0, -0.5313609452180338]}