{"episode_id": "13357", "start_position": [-3.018070697784424, 0.17282123863697052, -3.995903253555298], "start_rotation": [0, 0.7388194900084154, 0, -0.6739033767415807]}