{"episode_id": "52106", "start_position": [-0.8835622072219849, 2.7814598083496094, -1.8860161304473877], "start_rotation": [0, 0.9803168952503808, 0, -0.1974304558234465]}