{"episode_id": "32689", "start_position": [5.088622093200684, 0.18360306322574615, -4.013181209564209], "start_rotation": [0, 0.22421271744885857, 0, 0.9745402286895078]}