{"episode_id": "44353", "start_position": [5.494920253753662, -2.967862606048584, 3.7005562782287598], "start_rotation": [0, 0.7796505727801833, 0, 0.626214806886209]}