{"episode_id": "30733", "start_position": [-8.34853744506836, 3.1434075832366943, 1.1548538208007812], "start_rotation": [0, 0.9765878776342709, 0, 0.2151188444971531]}