{"episode_id": "52143", "start_position": [-1.019680380821228, 0.17635054886341095, 1.7848663330078125], "start_rotation": [0, 0.9591331406204319, 0, 0.28295515291930423]}