{"episode_id": "47572", "start_position": [-7.098566055297852, 0.08076925575733185, -5.256062030792236], "start_rotation": [0, 0.2051867359299018, 0, 0.9787228429940893]}