{"episode_id": "2573", "start_position": [-2.0956897735595703, 0.1719042807817459, -0.06049910932779312], "start_rotation": [0, 0.1716940876773787, 0, 0.9851503135342508]}