{"episode_id": "30487", "start_position": [0.05716489255428314, 1.662041425704956, -7.574704647064209], "start_rotation": [0, 0.7113380016761081, 0, -0.702850088832207]}