{"episode_id": "46341", "start_position": [-2.811115264892578, 0.0701034814119339, 6.391605854034424], "start_rotation": [0, 0.5896868344638558, 0, -0.8076319937075283]}