{"episode_id": "36046", "start_position": [-2.0873091220855713, 0.1662864238023758, -1.825559139251709], "start_rotation": [0, 0.8140437899407824, 0, 0.5808035021062178]}