{"episode_id": "20710", "start_position": [3.2844181060791016, 0.18321557343006134, -0.2526383399963379], "start_rotation": [0, 0.9963606440503076, 0, 0.08523770871894804]}