{"episode_id": "47125", "start_position": [0.5823268890380859, 0.15165157616138458, 2.252281904220581], "start_rotation": [0, 0.045393489438907496, 0, -0.998969184267743]}