{"episode_id": "63047", "start_position": [-1.4784404039382935, 0.08356514573097229, 0.1583825945854187], "start_rotation": [0, 0.36310459425092145, 0, 0.9317483853669261]}