{"episode_id": "15425", "start_position": [7.667450904846191, 0.17970331013202667, -1.5108014345169067], "start_rotation": [0, 0.5162509556418577, 0, -0.8564373595300877]}