{"episode_id": "6706", "start_position": [-3.0265872478485107, 3.1828010082244873, -0.15969552099704742], "start_rotation": [0, 0.4053898036654145, 0, -0.9141439203342746]}