{"episode_id": "13418", "start_position": [-4.922309875488281, 0.17282123863697052, 2.433245897293091], "start_rotation": [0, 0.9946379323149885, 0, 0.10341848770971376]}