{"episode_id": "18723", "start_position": [-3.4675097465515137, 0.09678955376148224, -4.4855146408081055], "start_rotation": [0, 0.7159282394254177, 0, 0.6981738723220897]}