{"episode_id": "53994", "start_position": [2.3991177082061768, 0.19309520721435547, -1.7116221189498901], "start_rotation": [0, 0.2552410049438015, 0, -0.966877463485047]}