{"episode_id": "39193", "start_position": [3.8512516021728516, 0.1887628585100174, 2.6671252250671387], "start_rotation": [0, 0.9878568883206604, 0, -0.15536656074401042]}