{"episode_id": "49392", "start_position": [4.323268413543701, 0.18360306322574615, -3.5725183486938477], "start_rotation": [0, 0.2806519651802868, 0, -0.9598096032237035]}