{"episode_id": "37868", "start_position": [0.3961142301559448, 0.1751515418291092, -3.3254013061523438], "start_rotation": [0, 0.3130416279050722, 0, 0.9497394059417259]}