{"episode_id": "65257", "start_position": [-6.302903652191162, 0.044724658131599426, 5.347105503082275], "start_rotation": [0, 0.7047351909204324, 0, -0.7094704438370507]}