{"episode_id": "45534", "start_position": [3.7675137519836426, 0.1514829844236374, 3.036947250366211], "start_rotation": [0, 0.5168212726601278, 0, -0.8560933197531481]}