{"episode_id": "47671", "start_position": [-3.6337924003601074, 0.1514829844236374, 0.4758981466293335], "start_rotation": [0, 0.5205300152077228, 0, 0.8538433716249414]}