{"episode_id": "6359", "start_position": [-9.63906192779541, -3.206904888153076, -1.4515167474746704], "start_rotation": [0, 0.9829185000351804, 0, -0.18404136026608514]}