{"episode_id": "8387", "start_position": [2.7834017276763916, 0.15964920818805695, 0.4998871386051178], "start_rotation": [0, 0.9858433933802174, 0, -0.16766873211358715]}