{"episode_id": "68004", "start_position": [-2.4100148677825928, 0.1662864238023758, -1.8433266878128052], "start_rotation": [0, 0.4678807812241381, 0, 0.8837915900035993]}