{"episode_id": "36972", "start_position": [-3.796508312225342, -0.1123918890953064, 6.282906532287598], "start_rotation": [0, 0.9966230107704517, 0, -0.08211318044528597]}