{"episode_id": "37864", "start_position": [1.2261369228363037, 0.14570780098438263, -0.9215530753135681], "start_rotation": [0, 0.6070729745777377, 0, 0.7946460869703804]}