{"episode_id": "33975", "start_position": [-7.030895709991455, 0.17702746391296387, 4.657707214355469], "start_rotation": [0, 0.8234972805630254, 0, -0.5673202172541552]}