{"episode_id": "46906", "start_position": [0.8012214303016663, 0.17970331013202667, -3.157522678375244], "start_rotation": [0, 0.9117914488291213, 0, -0.41065356913351175]}