{"episode_id": "35693", "start_position": [2.1292905807495117, -2.943950891494751, 2.797494888305664], "start_rotation": [0, 0.8697848716273598, 0, 0.4934311269956295]}