{"episode_id": "25286", "start_position": [-4.526332378387451, 0.1649409383535385, 1.13399338722229], "start_rotation": [0, 0.014288185544056947, 0, -0.99989791866663]}