{"episode_id": "17655", "start_position": [-13.030021667480469, 0.18104946613311768, -3.165130615234375], "start_rotation": [0, 0.13498831984605097, 0, 0.9908471897851556]}