{"episode_id": "48503", "start_position": [0.07473650574684143, 0.17646045982837677, -3.9470677375793457], "start_rotation": [0, 0.8311907254388518, 0, -0.5559873900948072]}