{"episode_id": "1063", "start_position": [-4.303638458251953, 0.20017647743225098, -6.231945514678955], "start_rotation": [0, 0.33770447985409174, 0, -0.9412521895254625]}