{"episode_id": "30890", "start_position": [3.4726734161376953, 0.15289896726608276, 1.793325424194336], "start_rotation": [0, 0.9956133859561948, 0, -0.09356273673231871]}