{"episode_id": "57987", "start_position": [-0.8991507291793823, 0.1662864238023758, -0.15964630246162415], "start_rotation": [0, 0.1549995863976699, 0, -0.9879145348746273]}