{"episode_id": "61776", "start_position": [-5.570374488830566, 0.15165157616138458, 8.23615550994873], "start_rotation": [0, 0.061973759241114194, 0, -0.9980777791161991]}