{"episode_id": "63179", "start_position": [0.5779030323028564, 0.12194900214672089, 0.500226616859436], "start_rotation": [0, 0.9939912349234254, 0, 0.10945969530107238]}