{"episode_id": "49160", "start_position": [-5.171109676361084, 0.1514829844236374, -0.6925803422927856], "start_rotation": [0, 0.5954348403800591, 0, 0.8034036039635206]}