{"episode_id": "62442", "start_position": [0.08388260006904602, 0.14570780098438263, -1.5131535530090332], "start_rotation": [0, 0.9829005807082646, 0, -0.18413703713092694]}