{"episode_id": "49274", "start_position": [-2.242950916290283, 0.1662864238023758, -1.6116406917572021], "start_rotation": [0, 0.9871374811042344, 0, -0.1598736795072515]}