{"episode_id": "54607", "start_position": [-2.1632964611053467, 0.16243858635425568, 1.417266607284546], "start_rotation": [0, 0.6765280837625207, 0, 0.7364168329693529]}