{"episode_id": "31640", "start_position": [5.421753883361816, 0.2031310349702835, 6.909972667694092], "start_rotation": [0, 0.8226976231848733, 0, -0.5684792175673269]}