{"episode_id": "16547", "start_position": [2.897275447845459, 0.055483996868133545, 2.174748659133911], "start_rotation": [0, 0.30896228593222375, 0, -0.9510742904061359]}