{"episode_id": "48212", "start_position": [0.1387820988893509, 0.17635054886341095, -1.8456178903579712], "start_rotation": [0, 0.9991830015067228, 0, 0.040414471418249144]}