{"episode_id": "57908", "start_position": [-2.0304641723632812, 0.08076925575733185, -4.295924186706543], "start_rotation": [0, 0.9979062622528146, 0, -0.0646768254989117]}