{"episode_id": "59025", "start_position": [-0.4321545362472534, 0.17949719727039337, 6.983214378356934], "start_rotation": [0, 0.817915517532967, 0, -0.5753383406125293]}