{"episode_id": "180", "start_position": [-3.6201205253601074, 0.06783698499202728, -0.8867313265800476], "start_rotation": [0, 0.23397436737344937, 0, -0.9722427656774795]}