{"episode_id": "15366", "start_position": [-5.157559394836426, 0.17800255119800568, -7.067090034484863], "start_rotation": [0, 0.07866357536824978, 0, -0.9969012197355782]}