{"episode_id": "60484", "start_position": [-6.866614818572998, -2.8849050998687744, 1.925168752670288], "start_rotation": [0, 0.9927431125674082, 0, -0.12025436561711286]}