{"episode_id": "2157", "start_position": [-6.139740943908691, 0.12324567139148712, -3.9295494556427], "start_rotation": [0, 0.7910544351198211, 0, -0.6117457647399455]}