{"episode_id": "50055", "start_position": [-6.2732367515563965, -2.8915817737579346, -0.4446001946926117], "start_rotation": [0, 0.6079127376658258, 0, -0.7940038434312776]}