{"episode_id": "14183", "start_position": [-4.215010643005371, 0.15165157616138458, 0.04248307645320892], "start_rotation": [0, 0.9171397430180773, 0, 0.398565793535691]}