{"episode_id": "15620", "start_position": [-3.234736680984497, 0.1870482861995697, -3.702329158782959], "start_rotation": [0, 0.9974181977249084, 0, 0.07181182943774433]}