{"episode_id": "3536", "start_position": [-3.392416000366211, 0.12114477157592773, -4.808384895324707], "start_rotation": [0, 0.9563705684077484, 0, -0.29215635519947236]}