{"episode_id": "12867", "start_position": [-3.6819496154785156, 0.16646166145801544, -2.1496081352233887], "start_rotation": [0, 0.5870390443718163, 0, -0.8095586207205904]}