{"episode_id": "28037", "start_position": [-0.4104638993740082, 0.18321557343006134, -1.4287574291229248], "start_rotation": [0, 0.1617762473918617, 0, -0.9868274650514177]}