{"episode_id": "37298", "start_position": [1.5187047719955444, 0.17800255119800568, -5.368770599365234], "start_rotation": [0, 0.9924907205980985, 0, -0.12231994737845162]}