{"episode_id": "49875", "start_position": [-6.182216644287109, -2.943950891494751, -0.5502710938453674], "start_rotation": [0, 0.27122897661255657, 0, 0.9625148530000487]}