{"episode_id": "19734", "start_position": [-1.2853330373764038, 0.1662864238023758, -1.6997034549713135], "start_rotation": [0, 0.9957207844553437, 0, -0.09241276645374823]}