{"episode_id": "13862", "start_position": [-0.31431031227111816, 0.18463699519634247, 4.272402286529541], "start_rotation": [0, 0.9906640834437801, 0, 0.13632561672149196]}