{"episode_id": "66707", "start_position": [0.4065159559249878, 0.12324567139148712, -0.2938532531261444], "start_rotation": [0, 0.3792644698737497, 0, 0.9252883128470735]}