{"episode_id": "52843", "start_position": [-5.965043544769287, 0.16511733829975128, -1.9415056705474854], "start_rotation": [0, 0.7757989047360329, 0, -0.6309802369411991]}