{"episode_id": "9365", "start_position": [-0.8085845708847046, 0.08076925575733185, -4.346811294555664], "start_rotation": [0, 0.8722706200053016, 0, -0.48902348151757147]}