{"episode_id": "7962", "start_position": [0.19326642155647278, 0.19309520721435547, -1.8281946182250977], "start_rotation": [0, 0.8741526030859856, 0, -0.4856513425473003]}