{"episode_id": "12302", "start_position": [3.783022880554199, 0.18321557343006134, -1.1970911026000977], "start_rotation": [0, 0.42364418467169884, 0, -0.9058286840202465]}