{"episode_id": "30727", "start_position": [-2.6905112266540527, 0.17646045982837677, -3.416123867034912], "start_rotation": [0, 0.9892608765693913, 0, 0.14616059006845666]}