{"episode_id": "39636", "start_position": [0.9493082761764526, 2.3182156085968018, -1.904127836227417], "start_rotation": [0, 0.8108949478241719, 0, -0.585191749423412]}