{"episode_id": "4946", "start_position": [-4.995502471923828, 0.15964920818805695, 5.244230270385742], "start_rotation": [0, 0.61838541060454, 0, -0.7858749798482291]}