{"episode_id": "33356", "start_position": [-0.2939511239528656, 0.12324567139148712, -3.9493329524993896], "start_rotation": [0, 0.8916161173243001, 0, -0.45279211491316845]}