{"episode_id": "43803", "start_position": [-1.9827262163162231, 0.17923279106616974, -0.2538929879665375], "start_rotation": [0, 0.9166718769936059, 0, -0.39964067601912034]}