{"episode_id": "57525", "start_position": [2.6567306518554688, -2.943950891494751, -2.608980655670166], "start_rotation": [0, 0.03102948052716959, 0, 0.9995184697334082]}