{"episode_id": "34783", "start_position": [0.41060465574264526, 0.0701034814119339, 4.091175079345703], "start_rotation": [0, 0.8146739231230076, 0, -0.5799193038547414]}