{"episode_id": "59225", "start_position": [3.0345566272735596, 0.021137923002243042, 3.3274574279785156], "start_rotation": [0, 0.8850267916752573, 0, 0.4655400928137133]}