{"episode_id": "34752", "start_position": [2.4001049995422363, 0.18321557343006134, -3.4705677032470703], "start_rotation": [0, 0.8043785142633448, 0, -0.5941171650369091]}