{"episode_id": "33872", "start_position": [0.8685669302940369, 0.14340916275978088, 1.3082239627838135], "start_rotation": [0, 0.7590121705954876, 0, 0.6510764355188463]}