{"episode_id": "40929", "start_position": [1.5469768047332764, 0.18321557343006134, -5.5295515060424805], "start_rotation": [0, 0.4054750363646218, 0, -0.9141061179562845]}