{"episode_id": "35509", "start_position": [-2.1277377605438232, 0.1005861759185791, -2.896810531616211], "start_rotation": [0, 0.24259647550046404, 0, 0.9701272855016256]}