{"episode_id": "36278", "start_position": [3.8908369541168213, 0.1005861759185791, -1.8095048666000366], "start_rotation": [0, 0.8840195085554048, 0, -0.4674500064108038]}