{"episode_id": "498", "start_position": [-3.3619351387023926, 0.15964920818805695, 3.296621799468994], "start_rotation": [0, 0.688398670031348, 0, 0.7253325245010535]}