{"episode_id": "2415", "start_position": [1.08035409450531, 0.17282123863697052, -3.630702018737793], "start_rotation": [0, 0.9996463042958659, 0, -0.02659447889350762]}