{"episode_id": "57419", "start_position": [0.8424205780029297, 0.17970331013202667, 0.04788757860660553], "start_rotation": [0, 0.9920043534086336, 0, 0.12620365612104406]}