{"episode_id": "4317", "start_position": [4.780887126922607, 0.014962434768676758, 3.047229290008545], "start_rotation": [0, 0.6207344015588578, 0, -0.7840209198238058]}