{"episode_id": "7632", "start_position": [-3.3239099979400635, -1.002579927444458, 0.8132942914962769], "start_rotation": [0, 0.47643967578319113, 0, 0.8792071629255575]}