{"episode_id": "53864", "start_position": [3.0481929779052734, 0.18321557343006134, -0.8132045269012451], "start_rotation": [0, 0.9322095099354406, 0, 0.3619190925965714]}