{"episode_id": "17163", "start_position": [2.9357690811157227, 3.2005233764648438, -0.7905948162078857], "start_rotation": [0, 0.8701595237126042, 0, -0.492770132305372]}