{"episode_id": "13825", "start_position": [-6.65745735168457, 0.10841822624206543, 1.8394908905029297], "start_rotation": [0, 0.7385310724445765, 0, 0.6742194413051761]}