{"episode_id": "54396", "start_position": [-1.8656609058380127, -2.943950891494751, 0.3292544484138489], "start_rotation": [0, 0.4372905495082599, 0, 0.899320285165838]}