{"episode_id": "19557", "start_position": [1.731412410736084, 0.17002512514591217, -2.72556209564209], "start_rotation": [0, 0.5482210318229416, 0, -0.8363334862762517]}