{"episode_id": "223", "start_position": [-1.4554145336151123, 0.15964920818805695, 3.3504209518432617], "start_rotation": [0, 0.5002463102356458, 0, -0.8658831497931011]}