{"episode_id": "63448", "start_position": [0.7955694794654846, 0.17970331013202667, -2.7159767150878906], "start_rotation": [0, 0.8202567411603849, 0, 0.5719955232175732]}