{"episode_id": "55869", "start_position": [-5.1644287109375, 0.17635054886341095, -0.045766979455947876], "start_rotation": [0, 0.6608086789280276, 0, 0.750554388337977]}