{"episode_id": "11500", "start_position": [-4.293764591217041, 0.14340753853321075, -2.625866413116455], "start_rotation": [0, 0.29866615291121645, 0, 0.95435765261521]}