{"episode_id": "65461", "start_position": [-4.27829647064209, -2.852285146713257, 4.160909652709961], "start_rotation": [0, 0.7023330146964692, 0, -0.7118485347792528]}