{"episode_id": "112", "start_position": [3.0263166427612305, 0.09678955376148224, -6.224922180175781], "start_rotation": [0, 0.21541048084963324, 0, -0.976523591491844]}