{"episode_id": "37176", "start_position": [8.607029914855957, 0.14657917618751526, 9.899609565734863], "start_rotation": [0, 0.9985668792470919, 0, -0.05351810600837578]}