{"episode_id": "28511", "start_position": [2.6747043132781982, 0.021137923002243042, 4.538923263549805], "start_rotation": [0, 0.5523837333733622, 0, -0.8335899538169269]}