{"episode_id": "52843", "start_position": [-2.07352614402771, 0.17702746391296387, 4.3969035148620605], "start_rotation": [0, 0.9096257504135344, 0, 0.41542868724320703]}