{"episode_id": "66512", "start_position": [-0.9141596555709839, 0.1751515418291092, -2.82214617729187], "start_rotation": [0, 0.975459144944798, 0, -0.2201805090001462]}