{"episode_id": "68439", "start_position": [0.24877667427062988, 0.17635054886341095, -1.8546744585037231], "start_rotation": [0, 0.2100100686719458, 0, -0.9776992232053806]}