{"episode_id": "42037", "start_position": [-2.016892433166504, 0.15289896726608276, -1.8695945739746094], "start_rotation": [0, 0.8765615684321674, 0, -0.48128974303192745]}