{"episode_id": "13942", "start_position": [2.421088457107544, 0.23213768005371094, 10.495280265808105], "start_rotation": [0, 0.9965784861033086, 0, -0.08265180600590379]}