{"episode_id": "47079", "start_position": [-6.267535209655762, 0.08820843696594238, 2.884016990661621], "start_rotation": [0, 0.09809968169431228, 0, 0.9951765936010928]}