{"episode_id": "41001", "start_position": [-1.8025321960449219, 1.662041425704956, -6.603290557861328], "start_rotation": [0, 0.976757126845245, 0, 0.21434904981600003]}