{"episode_id": "15425", "start_position": [1.3268626928329468, 0.08076925575733185, -8.177678108215332], "start_rotation": [0, 0.6681639492929995, 0, -0.7440140703408653]}