{"episode_id": "24464", "start_position": [2.348900556564331, 0.1887628585100174, 4.511010646820068], "start_rotation": [0, 0.6610665500730762, 0, 0.7503272728446441]}