{"episode_id": "13630", "start_position": [-4.820196151733398, 0.17282123863697052, 3.739082098007202], "start_rotation": [0, 0.9761855089275178, 0, 0.21693743835475504]}