{"episode_id": "55250", "start_position": [0.19451753795146942, 1.5970072746276855, -3.070521116256714], "start_rotation": [0, 0.6495282227229158, 0, -0.7603374828892827]}