{"episode_id": "56294", "start_position": [5.059025764465332, -2.943950891494751, -2.07960844039917], "start_rotation": [0, 0.6186971783276057, 0, -0.785629557443875]}