{"episode_id": "40033", "start_position": [-1.71347975730896, 0.18321557343006134, -0.49444371461868286], "start_rotation": [0, 0.9523328322106479, 0, 0.3050609393115511]}