{"episode_id": "49705", "start_position": [0.01095602661371231, -2.2229726314544678, 8.268632888793945], "start_rotation": [0, 0.6020149040937056, 0, -0.798484849730442]}