{"episode_id": "38825", "start_position": [0.19573897123336792, 0.17949719727039337, 8.154905319213867], "start_rotation": [0, 0.9294553601336998, 0, -0.36893459246692295]}