{"episode_id": "47265", "start_position": [-3.8869872093200684, 0.17923279106616974, 4.7109246253967285], "start_rotation": [0, 0.9044715621216088, 0, -0.42653392985001415]}