{"episode_id": "7699", "start_position": [-1.6170001029968262, 0.14340916275978088, -2.2367427349090576], "start_rotation": [0, 0.465190976727467, 0, -0.8852103451560794]}