{"episode_id": "32794", "start_position": [4.132291793823242, 0.18360306322574615, -1.4928934574127197], "start_rotation": [0, 0.690174140327416, 0, 0.7236433209968239]}