{"episode_id": "418", "start_position": [-0.440870076417923, 0.16243858635425568, -0.35746580362319946], "start_rotation": [0, 0.4137628995456818, 0, 0.9103846785615134]}