{"episode_id": "63188", "start_position": [-9.302173614501953, 0.17923279106616974, 3.626025438308716], "start_rotation": [0, 0.9044754703416427, 0, -0.42652564231270346]}