{"episode_id": "47183", "start_position": [2.072614908218384, 0.17646045982837677, -5.597967147827148], "start_rotation": [0, 0.03680134449998604, 0, 0.9993226010868529]}