{"episode_id": "14058", "start_position": [-1.4260754585266113, 0.3138785660266876, -4.618381977081299], "start_rotation": [0, 0.3995433821250554, 0, -0.9167142879873053]}