{"episode_id": "34129", "start_position": [3.3601441383361816, 0.17646045982837677, -3.528757333755493], "start_rotation": [0, 0.07743509096755287, 0, 0.9969973955266116]}