{"episode_id": "65505", "start_position": [-4.489606857299805, 0.19309520721435547, -1.7133969068527222], "start_rotation": [0, 0.8508734542396411, 0, -0.5253706928163213]}