{"episode_id": "1171", "start_position": [-1.4611997604370117, 0.04207530990242958, -7.5401291847229], "start_rotation": [0, 0.8315827224134767, 0, -0.5554009144603477]}