{"episode_id": "15445", "start_position": [-2.0739307403564453, -2.364851236343384, -2.623121738433838], "start_rotation": [0, 0.44732365824191195, 0, 0.8943721511636379]}