{"episode_id": "31466", "start_position": [-0.1216159462928772, -0.13680770993232727, 4.323947429656982], "start_rotation": [0, 0.9775532584050616, 0, -0.2106884595359862]}