{"episode_id": "61754", "start_position": [-1.7350952625274658, 0.1649409383535385, -1.8596956729888916], "start_rotation": [0, 0.3791873987084143, 0, -0.9253198996351186]}