{"episode_id": "40327", "start_position": [-4.401178359985352, 0.1649409383535385, 1.11287260055542], "start_rotation": [0, 0.9911742671925301, 0, 0.1325653501309858]}