{"episode_id": "1623", "start_position": [-6.363940715789795, 3.1651172637939453, -2.257430076599121], "start_rotation": [0, 0.6728234207940387, 0, -0.739803111936553]}