{"episode_id": "36239", "start_position": [5.671699523925781, 0.014962434768676758, 5.389090061187744], "start_rotation": [0, 0.4328329017009445, 0, 0.9014741700155032]}