{"episode_id": "28523", "start_position": [-3.0846405029296875, 0.18128342926502228, 0.4591512680053711], "start_rotation": [0, 0.8245502372658563, 0, 0.5657887469938052]}