{"episode_id": "66007", "start_position": [-0.6365127563476562, 0.18321557343006134, -2.2687416076660156], "start_rotation": [0, 0.9683896164300022, 0, -0.24944247992383575]}