{"episode_id": "46294", "start_position": [2.6813862323760986, 0.1514829844236374, 3.08188796043396], "start_rotation": [0, 0.34628055332788243, 0, -0.9381310027852909]}