{"episode_id": "35309", "start_position": [-4.056553363800049, 0.1649409383535385, 1.1108415126800537], "start_rotation": [0, 0.42794398943885914, 0, -0.9038052566250949]}