{"episode_id": "18031", "start_position": [5.234316825866699, 0.18360306322574615, -5.766012191772461], "start_rotation": [0, 0.7063100343803249, 0, -0.7079026312521124]}