{"episode_id": "33674", "start_position": [-1.0262455940246582, 0.18321557343006134, 0.14714819192886353], "start_rotation": [0, 0.008709295954481312, 0, -0.9999620733627738]}