{"episode_id": "24501", "start_position": [-3.004072904586792, 0.29000335931777954, 6.044745922088623], "start_rotation": [0, 0.8526075097795598, 0, 0.5225518484011877]}