{"episode_id": "35693", "start_position": [0.6492618918418884, 0.12194900214672089, 1.148510217666626], "start_rotation": [0, 0.968038295388418, 0, 0.25080242953664944]}