{"episode_id": "9606", "start_position": [-1.237036108970642, 2.7568747997283936, -3.2694172859191895], "start_rotation": [0, 0.3359281273434158, 0, 0.9418876224155118]}