{"episode_id": "2930", "start_position": [-4.957761764526367, 0.1005861759185791, -2.987884044647217], "start_rotation": [0, 0.16030041626486333, 0, 0.9870682734974879]}