{"episode_id": "27368", "start_position": [-4.587018966674805, 0.17949719727039337, 6.408815860748291], "start_rotation": [0, 0.28108020131745676, 0, 0.9596842816402371]}