{"episode_id": "47302", "start_position": [2.1288657188415527, 0.1719042807817459, -6.86791467666626], "start_rotation": [0, 0.8986466248333382, 0, 0.4386732766828284]}