{"episode_id": "56475", "start_position": [3.1126370429992676, 0.14657917618751526, 4.689136505126953], "start_rotation": [0, 0.6417496816323391, 0, 0.7669141712895853]}