{"episode_id": "37191", "start_position": [-1.488399624824524, 3.0807693004608154, -7.824021339416504], "start_rotation": [0, 0.12999829146471237, 0, -0.9915142178588544]}