{"episode_id": "66476", "start_position": [2.191401958465576, 0.1887628585100174, 3.946941614151001], "start_rotation": [0, 0.653727785912612, 0, -0.7567297945276069]}