{"episode_id": "34897", "start_position": [-9.122546195983887, 0.11509490013122559, 5.532938480377197], "start_rotation": [0, 0.5834416361244487, 0, 0.8121550696981621]}