{"episode_id": "49392", "start_position": [-9.431087493896484, 0.0308055616915226, -2.749962329864502], "start_rotation": [0, 0.03448252089877376, 0, 0.999405301042808]}