{"episode_id": "47125", "start_position": [1.9633729457855225, 0.08356514573097229, -12.686042785644531], "start_rotation": [0, 0.8098737438640979, 0, 0.5866042268851712]}