{"episode_id": "58664", "start_position": [11.893747329711914, 0.19309520721435547, -1.7957088947296143], "start_rotation": [0, 0.09380693315376236, 0, -0.9955904073926615]}