{"episode_id": "54875", "start_position": [-4.975365161895752, 0.037133216857910156, -4.7575554847717285], "start_rotation": [0, 0.9151311589609931, 0, 0.40315624998095917]}