{"episode_id": "3512", "start_position": [4.482385635375977, 0.18360306322574615, 0.021002724766731262], "start_rotation": [0, 0.7956410450584466, 0, 0.6057683776975347]}