{"episode_id": "58184", "start_position": [0.2129284292459488, 1.662041425704956, -5.179797649383545], "start_rotation": [0, 0.6585331295886528, 0, 0.752551737247463]}