{"episode_id": "12019", "start_position": [-0.40259575843811035, 0.08820843696594238, 3.816216230392456], "start_rotation": [0, 0.26084930621590946, 0, -0.965379531296722]}