{"episode_id": "41971", "start_position": [-2.0293872356414795, 0.014962434768676758, 8.230594635009766], "start_rotation": [0, 0.6962558796672972, 0, -0.7177936681447659]}