{"episode_id": "56216", "start_position": [0.41634148359298706, 0.17282123863697052, -6.956363677978516], "start_rotation": [0, 0.23764789911608153, 0, 0.9713513659051047]}