{"episode_id": "48669", "start_position": [-2.3192906379699707, 0.12394917756319046, -0.731011688709259], "start_rotation": [0, 0.7723624067439909, 0, -0.6351821098304249]}