{"episode_id": "21114", "start_position": [0.14527297019958496, 0.15562696754932404, 0.10043489933013916], "start_rotation": [0, 0.14855150206336767, 0, 0.9889046724708693]}