{"episode_id": "41358", "start_position": [-8.018864631652832, 3.4400715827941895, 6.110049247741699], "start_rotation": [0, 0.7217257626006925, 0, 0.6921791123679252]}