{"episode_id": "33966", "start_position": [2.2211050987243652, 0.1719042807817459, -6.473437786102295], "start_rotation": [0, 0.9170066026196272, 0, 0.3988720230249412]}