{"episode_id": "26470", "start_position": [-2.2232789993286133, 0.04803308844566345, -0.3008469045162201], "start_rotation": [0, 0.2678569118385054, 0, -0.9634587042423454]}