{"episode_id": "44550", "start_position": [-3.2396535873413086, 0.581283450126648, 4.44207763671875], "start_rotation": [0, 0.6571891319842, 0, -0.753725709261568]}