{"episode_id": "60741", "start_position": [-3.6868929862976074, 0.17800255119800568, -6.5876665115356445], "start_rotation": [0, 0.9888799244158635, 0, 0.14871615610711647]}