{"episode_id": "63047", "start_position": [-3.582951784133911, 0.07208745181560516, 0.26771828532218933], "start_rotation": [0, 0.014773432623752882, 0, 0.9998908668892378]}