{"episode_id": "21421", "start_position": [-4.1903228759765625, -2.1628668308258057, 0.04945287108421326], "start_rotation": [0, 0.8863192024840085, 0, 0.46307480098587855]}