{"episode_id": "40323", "start_position": [3.6184091567993164, 0.12114477157592773, -0.2685820460319519], "start_rotation": [0, 0.2473584250251824, 0, -0.9689240473685546]}