{"episode_id": "4983", "start_position": [-0.3131653070449829, 0.15289896726608276, 0.09579327702522278], "start_rotation": [0, 0.9855076826659522, 0, 0.16963079734053235]}