{"episode_id": "41060", "start_position": [-7.724820137023926, 0.044724658131599426, 3.719714879989624], "start_rotation": [0, 0.12270652747335618, 0, 0.9924429999327067]}