{"episode_id": "35839", "start_position": [0.697143018245697, 0.12194900214672089, 1.4932606220245361], "start_rotation": [0, 0.941415438205448, 0, 0.33724912558588527]}