{"episode_id": "6225", "start_position": [-7.879711151123047, 0.15165157616138458, 8.200235366821289], "start_rotation": [0, 0.7380080265926368, 0, -0.6747919328836423]}