{"episode_id": "46770", "start_position": [-1.4735100269317627, 0.1751515418291092, 1.2192996740341187], "start_rotation": [0, 0.8541847864583992, 0, -0.5199695669777403]}