{"episode_id": "24782", "start_position": [3.0876071453094482, 0.1514829844236374, 1.713005781173706], "start_rotation": [0, 0.40340056219563125, 0, -0.9150234895456228]}