{"episode_id": "1278", "start_position": [-13.567710876464844, -2.852285146713257, 18.44086265563965], "start_rotation": [0, 0.18314044597089504, 0, 0.9830867596756563]}