{"episode_id": "15478", "start_position": [-0.20667628943920135, 0.18463699519634247, -0.2442595213651657], "start_rotation": [0, 0.22563572194625062, 0, 0.9742117434017075]}