{"episode_id": "25957", "start_position": [-5.943833827972412, 0.1514829844236374, -0.5759074687957764], "start_rotation": [0, 0.8995805074879581, 0, -0.4367549777022669]}