{"episode_id": "66707", "start_position": [-4.207395553588867, 0.17923279106616974, 4.723998546600342], "start_rotation": [0, 0.8947009072784993, 0, -0.44666574361039846]}