{"episode_id": "3585", "start_position": [-2.9262912273406982, 1.662041425704956, 0.13446693122386932], "start_rotation": [0, 0.9586872218895482, 0, -0.2844623183933156]}