{"episode_id": "49901", "start_position": [-2.4179539680480957, 2.7814598083496094, -4.124703884124756], "start_rotation": [0, 0.5607373224386172, 0, -0.8279937531312481]}