{"episode_id": "58257", "start_position": [-2.303457021713257, 2.7005860805511475, 0.08454999327659607], "start_rotation": [0, 0.9825995895276247, 0, -0.18573649792149993]}