{"episode_id": "66318", "start_position": [1.8750190734863281, 0.18463699519634247, 0.5599053502082825], "start_rotation": [0, 0.4241993396708271, 0, -0.9055688379261039]}