{"episode_id": "23573", "start_position": [-8.887933731079102, 0.17000891268253326, -3.2731871604919434], "start_rotation": [0, 0.9071356468059297, 0, -0.42083835173851186]}