{"episode_id": "37951", "start_position": [-7.949414253234863, 3.683565139770508, -5.29578161239624], "start_rotation": [0, 0.9479214187199032, 0, -0.31850429185812534]}