{"episode_id": "21914", "start_position": [-3.2536284923553467, 0.17949719727039337, 9.280170440673828], "start_rotation": [0, 0.8169811412025407, 0, 0.5766643867271449]}