{"episode_id": "4959", "start_position": [0.038045719265937805, 0.17800255119800568, -2.4643352031707764], "start_rotation": [0, 0.8105830485610074, 0, 0.5856237028891024]}