{"episode_id": "67161", "start_position": [-2.258817672729492, 0.1672901213169098, 4.509766101837158], "start_rotation": [0, 0.9970336713763774, 0, -0.0769666040678795]}