{"episode_id": "49247", "start_position": [3.9372916221618652, 0.021137923002243042, 4.233200550079346], "start_rotation": [0, 0.06977913741610038, 0, 0.9975624652027887]}