{"episode_id": "60445", "start_position": [-6.671816825866699, 2.7005860805511475, -0.33133527636528015], "start_rotation": [0, 0.5673936914042714, 0, -0.8234466582327202]}