{"episode_id": "67158", "start_position": [-2.241199493408203, -2.852285146713257, 6.391518592834473], "start_rotation": [0, 0.2464089468779874, 0, -0.9691659460064005]}