{"episode_id": "30605", "start_position": [-3.432624578475952, 0.14340753853321075, 0.07726594805717468], "start_rotation": [0, 0.2496726867231894, 0, -0.9683302894696748]}