{"episode_id": "47935", "start_position": [-1.9269487857818604, 0.14340753853321075, -1.6724998950958252], "start_rotation": [0, 0.8955740799841283, 0, -0.44491242650726454]}