{"episode_id": "47572", "start_position": [1.901938557624817, -2.967862606048584, 0.9398227334022522], "start_rotation": [0, 0.3479485055165868, 0, 0.937513646572024]}