{"episode_id": "68161", "start_position": [1.2929496765136719, 0.17702746391296387, -0.6024340391159058], "start_rotation": [0, 0.5128693283201088, 0, -0.8584666866387306]}