{"episode_id": "8597", "start_position": [1.2203154563903809, 0.14570780098438263, -5.850636005401611], "start_rotation": [0, 0.23397337555264178, 0, 0.9722430043628508]}