{"episode_id": "19176", "start_position": [-5.833164215087891, 0.03310127556324005, -5.786576271057129], "start_rotation": [0, 0.8777242551258106, 0, -0.4791660797300251]}