{"episode_id": "33873", "start_position": [-3.4274420738220215, -2.1628668308258057, 0.8681596517562866], "start_rotation": [0, 0.9737359914670933, 0, 0.22768008020377375]}