{"episode_id": "61595", "start_position": [-3.5899453163146973, 0.12114477157592773, 1.098401427268982], "start_rotation": [0, 0.9534408252224619, 0, 0.30158015982340575]}