{"episode_id": "2740", "start_position": [-2.517019271850586, 0.09678955376148224, -6.271332740783691], "start_rotation": [0, 0.2974062859282998, 0, -0.9547510152339899]}