{"episode_id": "9234", "start_position": [-2.9714596271514893, 0.0701034814119339, 6.341776371002197], "start_rotation": [0, 0.6443544690242714, 0, 0.7647269566639123]}