{"episode_id": "60479", "start_position": [0.5130149126052856, 0.17970331013202667, -2.0960822105407715], "start_rotation": [0, 0.3607836657063184, 0, -0.9326495304022361]}