{"episode_id": "68159", "start_position": [-4.0913872718811035, 0.23758342862129211, -0.727632999420166], "start_rotation": [0, 0.07635843191374815, 0, 0.9970804330021091]}