{"episode_id": "57801", "start_position": [-1.649091124534607, 0.1719042807817459, -6.6632466316223145], "start_rotation": [0, 0.8769437770681362, 0, -0.4805929794134233]}