{"episode_id": "30727", "start_position": [1.9610462188720703, 0.16646166145801544, 1.2153960466384888], "start_rotation": [0, 0.9890292075231745, 0, 0.14772009567449346]}