{"episode_id": "8086", "start_position": [0.9915019869804382, 0.1719042807817459, 0.32206064462661743], "start_rotation": [0, 0.7423504362706649, 0, 0.6700118131561216]}