{"episode_id": "48947", "start_position": [1.2179362773895264, 0.032137393951416016, 3.2655553817749023], "start_rotation": [0, 0.3514895444598741, 0, 0.9361918073425927]}