{"episode_id": "43245", "start_position": [-4.356464385986328, 2.882784605026245, -3.512360095977783], "start_rotation": [0, 0.9327803387387448, 0, -0.3604453351930534]}