{"episode_id": "54016", "start_position": [1.291711688041687, -2.987781524658203, -1.723384141921997], "start_rotation": [0, 0.5336873370955237, 0, -0.8456818705777539]}