{"episode_id": "43088", "start_position": [0.4550178050994873, 0.18145985901355743, -2.520313262939453], "start_rotation": [0, 0.7000195712496794, 0, 0.7141236586666311]}