{"episode_id": "27548", "start_position": [4.717090606689453, 0.18128342926502228, 0.8885217905044556], "start_rotation": [0, 0.09128738241298805, 0, 0.9958245898812627]}