{"episode_id": "28844", "start_position": [0.6484876871109009, 0.22503304481506348, -12.065638542175293], "start_rotation": [0, 0.5104368127124775, 0, -0.8599152633997882]}