{"episode_id": "10169", "start_position": [-2.5659942626953125, 0.17800255119800568, -1.192301869392395], "start_rotation": [0, 0.6322618084143943, 0, -0.7747548035479095]}