{"episode_id": "15756", "start_position": [2.6900792121887207, 0.17646045982837677, -5.714277267456055], "start_rotation": [0, 0.02282020325194514, 0, -0.99973958525385]}