{"episode_id": "59716", "start_position": [-6.511621475219727, 0.11509490013122559, 2.7026376724243164], "start_rotation": [0, 0.9681319282369003, 0, -0.2504407505345352]}