{"episode_id": "30391", "start_position": [5.267969131469727, 0.16646166145801544, -1.573646068572998], "start_rotation": [0, 0.9329537944426266, 0, 0.3599961353057909]}