{"episode_id": "50260", "start_position": [0.17012163996696472, 0.17800255119800568, -1.9231555461883545], "start_rotation": [0, 0.8187309016716608, 0, -0.574177420879565]}