{"episode_id": "50374", "start_position": [-0.5409860610961914, -2.943950891494751, -1.72153902053833], "start_rotation": [0, 0.463290631435868, 0, 0.8862064041879605]}