{"episode_id": "2415", "start_position": [-5.516445159912109, 0.044724658131599426, 8.968591690063477], "start_rotation": [0, 0.13667738165149104, 0, -0.9906156133157263]}