{"episode_id": "7649", "start_position": [-1.5341575145721436, 0.025033235549926758, -0.3365894854068756], "start_rotation": [0, 0.5739517291916549, 0, -0.8188891332518152]}