{"episode_id": "25942", "start_position": [-7.608756065368652, 0.15165157616138458, 0.5237528681755066], "start_rotation": [0, 0.9666161684329653, 0, -0.2562287706795887]}