{"episode_id": "1927", "start_position": [-5.129220485687256, 0.17000891268253326, 0.5376866459846497], "start_rotation": [0, 0.5891518138967518, 0, -0.8080223636646249]}