{"episode_id": "29943", "start_position": [0.046845704317092896, 0.17635054886341095, -1.4062235355377197], "start_rotation": [0, 0.38199575671999186, 0, 0.924164077341205]}