{"episode_id": "8824", "start_position": [4.335895538330078, 0.15289896726608276, -0.6112468242645264], "start_rotation": [0, 0.973755506247134, 0, -0.2275966037826306]}