{"episode_id": "26168", "start_position": [-4.238955020904541, 0.17949719727039337, 6.491278171539307], "start_rotation": [0, 0.7187750740456493, 0, -0.6952426863553988]}