{"episode_id": "2457", "start_position": [0.2470649927854538, 0.05045825242996216, -0.3778212070465088], "start_rotation": [0, 0.16020209208334257, 0, 0.9870842363710001]}