{"episode_id": "30952", "start_position": [1.7195006608963013, 0.12114477157592773, -1.9762076139450073], "start_rotation": [0, 0.9895893897789712, 0, 0.14391955960495226]}