{"episode_id": "29079", "start_position": [-1.881738305091858, -3.206904888153076, -1.053405523300171], "start_rotation": [0, 0.7577811252937511, 0, 0.6525088245752209]}