{"episode_id": "56398", "start_position": [2.4487433433532715, 0.1887628585100174, 4.38969087600708], "start_rotation": [0, 0.3311631387002235, 0, -0.9435735135993467]}