{"episode_id": "14033", "start_position": [-4.307020664215088, 0.19742001593112946, 12.941826820373535], "start_rotation": [0, 0.8559754591162549, 0, -0.5170164536943834]}