{"episode_id": "56470", "start_position": [2.868896961212158, 0.17646045982837677, -1.7685779333114624], "start_rotation": [0, 0.8721489136475095, 0, 0.48924050570600663]}