{"episode_id": "66946", "start_position": [-9.156911849975586, 0.17923279106616974, 4.093961715698242], "start_rotation": [0, 0.8320119288604693, 0, -0.5547577401297628]}