{"episode_id": "3302", "start_position": [-12.028429985046387, 0.19700729846954346, 0.30825114250183105], "start_rotation": [0, 0.5221034489885376, 0, -0.852882165691295]}