{"episode_id": "232", "start_position": [0.372788667678833, 0.15165157616138458, 1.7344810962677002], "start_rotation": [0, 0.7402559464073534, 0, -0.6723251696973375]}