{"episode_id": "34749", "start_position": [-1.1045973300933838, 0.17949719727039337, 3.359882354736328], "start_rotation": [0, 0.3699548406226923, 0, 0.9290497381194606]}