{"episode_id": "46906", "start_position": [-2.534140110015869, 0.14546845853328705, 5.351535797119141], "start_rotation": [0, 0.21923632978192747, 0, -0.9756717848250763]}