{"episode_id": "17262", "start_position": [-13.772380828857422, 0.14771485328674316, 7.983099937438965], "start_rotation": [0, 0.7811777822630136, 0, -0.6243086356111373]}