{"episode_id": "46330", "start_position": [-3.0194764137268066, 0.08356514573097229, -11.689898490905762], "start_rotation": [0, 0.9467538324903503, 0, -0.3219583523762565]}