{"episode_id": "57371", "start_position": [6.775433540344238, 0.09678955376148224, -4.216472625732422], "start_rotation": [0, 0.9997749964886459, 0, -0.021212175657580393]}