{"episode_id": "64695", "start_position": [-1.5518549680709839, 0.1662864238023758, -1.345261812210083], "start_rotation": [0, 0.922633314509123, 0, -0.3856783205702775]}