{"episode_id": "54244", "start_position": [1.2278156280517578, 0.17970331013202667, -2.8121800422668457], "start_rotation": [0, 0.979920279773832, 0, -0.19938968199978344]}