{"episode_id": "55054", "start_position": [0.28906553983688354, 0.15562696754932404, 2.2696633338928223], "start_rotation": [0, 0.9097384035187357, 0, 0.41518193260687775]}