{"episode_id": "40502", "start_position": [-7.420506954193115, 0.044724658131599426, 4.946167945861816], "start_rotation": [0, 0.3468197516620756, 0, -0.93793179915016]}