{"episode_id": "30005", "start_position": [-1.7912495136260986, 0.1662864238023758, -1.6153595447540283], "start_rotation": [0, 0.48739608400565937, 0, 0.8731809991610836]}