{"episode_id": "54549", "start_position": [-2.8548054695129395, 0.03514885902404785, 7.3317365646362305], "start_rotation": [0, 0.670141435975122, 0, -0.7422334240582281]}