{"episode_id": "40217", "start_position": [-7.579646587371826, 0.15165157616138458, 1.6333820819854736], "start_rotation": [0, 0.9500925002387595, 0, -0.3119683333129547]}