{"episode_id": "639", "start_position": [1.824961543083191, 0.17800255119800568, 0.8252079486846924], "start_rotation": [0, 0.9970668169527589, 0, -0.07653602113837418]}