{"episode_id": "13609", "start_position": [5.2781500816345215, 0.31158190965652466, 4.255215644836426], "start_rotation": [0, 0.9698345585618444, 0, -0.24376408476055772]}