{"episode_id": "4811", "start_position": [-6.686641216278076, 0.08820843696594238, 2.635601282119751], "start_rotation": [0, 0.44338258462041746, 0, 0.896332462680739]}