{"episode_id": "64119", "start_position": [8.093503952026367, -2.943950891494751, 0.25386422872543335], "start_rotation": [0, 0.9898998046306685, 0, 0.1417687440593455]}