{"episode_id": "43296", "start_position": [1.0386743545532227, 0.1887628585100174, -1.2850770950317383], "start_rotation": [0, 0.4397817364948169, 0, -0.8981046844581112]}