{"episode_id": "33153", "start_position": [5.155851364135742, 0.17646045982837677, -5.562237739562988], "start_rotation": [0, 0.9992743810749202, 0, -0.03808820456959261]}