{"episode_id": "19208", "start_position": [5.646421432495117, 0.18360306322574615, -4.948496341705322], "start_rotation": [0, 0.8100641971186282, 0, 0.5863411946525268]}