{"episode_id": "112", "start_position": [-8.81633186340332, 0.1537456214427948, -1.0137600898742676], "start_rotation": [0, 0.9796829203954631, 0, -0.2005526750891562]}