{"episode_id": "46908", "start_position": [-9.716535568237305, 0.14340753853321075, -1.301647663116455], "start_rotation": [0, 0.992995864714447, 0, 0.1181491119729968]}