{"episode_id": "12596", "start_position": [3.0594513416290283, 0.1887628585100174, 3.7196807861328125], "start_rotation": [0, 0.33459754261948954, 0, 0.9423611221145527]}