{"episode_id": "61580", "start_position": [-2.227795362472534, 0.17000891268253326, -3.93084454536438], "start_rotation": [0, 0.038200897194139515, 0, 0.9992700793346926]}