{"episode_id": "28499", "start_position": [-13.032979965209961, 0.25403672456741333, 16.802043914794922], "start_rotation": [0, 0.3867538804177673, 0, 0.9221829731576047]}