{"episode_id": "51952", "start_position": [6.06926155090332, 0.18360306322574615, -1.5958201885223389], "start_rotation": [0, 0.2281133483768089, 0, 0.9736345825268947]}