{"episode_id": "1241", "start_position": [0.2397768646478653, 0.021137923002243042, 2.0717551708221436], "start_rotation": [0, 0.5294067426038407, 0, 0.848368139951985]}