{"episode_id": "58099", "start_position": [2.5446829795837402, 0.14570780098438263, -2.5402112007141113], "start_rotation": [0, 0.9948968416852004, 0, 0.10089734587596036]}