{"episode_id": "19880", "start_position": [-1.1916847229003906, 0.1005861759185791, 1.6416279077529907], "start_rotation": [0, 0.9044176597307695, 0, 0.4266482119581871]}