{"episode_id": "46917", "start_position": [-5.593445777893066, 3.1434075832366943, 0.8562319874763489], "start_rotation": [0, 0.8724108279167435, 0, 0.4887733087369054]}