{"episode_id": "63749", "start_position": [-10.461443901062012, 0.03310127556324005, -9.009855270385742], "start_rotation": [0, 0.0098158222241303, 0, -0.9999518236565521]}