{"episode_id": "40502", "start_position": [-2.4616897106170654, 0.1662864238023758, -0.4632366895675659], "start_rotation": [0, 0.7589332023241905, 0, -0.6511684838887316]}