{"episode_id": "50591", "start_position": [0.4741200804710388, 0.1662864238023758, -1.8247183561325073], "start_rotation": [0, 0.6560565164510513, 0, -0.7547117643326566]}