{"episode_id": "50807", "start_position": [-1.5022956132888794, 0.1662864238023758, -1.5320996046066284], "start_rotation": [0, 0.24558626669085928, 0, 0.9693747395165846]}