{"episode_id": "62418", "start_position": [-6.703439235687256, 0.17923279106616974, 3.966200351715088], "start_rotation": [0, 0.4547948814514352, 0, 0.8905962136712546]}