{"episode_id": "8104", "start_position": [-5.771937370300293, 0.19104942679405212, -0.8230754137039185], "start_rotation": [0, 0.018986868728245197, 0, 0.9998197331598814]}