{"episode_id": "8310", "start_position": [-0.5579865574836731, 0.17702746391296387, 5.644679069519043], "start_rotation": [0, 0.9861503084954056, 0, -0.16585405950538665]}