{"episode_id": "22237", "start_position": [-0.08224472403526306, -2.8915817737579346, 2.3431668281555176], "start_rotation": [0, 0.6155639428007392, 0, 0.7880869446473582]}