{"episode_id": "6243", "start_position": [0.7601131796836853, 0.12194900214672089, 0.5208032727241516], "start_rotation": [0, 0.4348724158861537, 0, 0.900492077644962]}