{"episode_id": "46395", "start_position": [-2.3870396614074707, 0.15562696754932404, 4.720769882202148], "start_rotation": [0, 0.027870678585373773, 0, 0.9996115371859164]}