{"episode_id": "19383", "start_position": [-3.6293416023254395, 0.0701034814119339, 6.151127815246582], "start_rotation": [0, 0.9941852056101184, 0, 0.10768368932185905]}