{"episode_id": "9901", "start_position": [0.7704257369041443, 0.17002512514591217, -2.479402542114258], "start_rotation": [0, 0.5475185909286437, 0, -0.8367935184903815]}