{"episode_id": "38990", "start_position": [-12.968731880187988, 0.19700729846954346, -4.377227783203125], "start_rotation": [0, 0.8655267170900703, 0, -0.5008627576525183]}