{"episode_id": "39705", "start_position": [3.6727654933929443, 0.17646045982837677, -3.8684563636779785], "start_rotation": [0, 0.2908633462234605, 0, -0.9567646073218278]}