{"episode_id": "43425", "start_position": [-3.021758556365967, 1.662041425704956, -5.21684455871582], "start_rotation": [0, 0.2955409548473219, 0, 0.9553300707127005]}