{"episode_id": "54831", "start_position": [3.5975289344787598, 0.17646045982837677, -6.35235595703125], "start_rotation": [0, 0.6331568509714748, 0, 0.7740235151905177]}