{"episode_id": "4857", "start_position": [-0.468883752822876, 0.08076925575733185, -5.045467376708984], "start_rotation": [0, 0.1434262867837653, 0, -0.9896610026970958]}