{"episode_id": "929", "start_position": [0.3504429757595062, 2.365107297897339, -9.81420612335205], "start_rotation": [0, 0.257849499636709, 0, 0.9661850938288682]}