{"episode_id": "57987", "start_position": [-5.555822372436523, 0.17282123863697052, 3.107712745666504], "start_rotation": [0, 0.5242869851571905, 0, -0.8515416356202342]}