{"episode_id": "22536", "start_position": [-3.0187015533447266, 0.18128342926502228, -0.3159850239753723], "start_rotation": [0, 0.9668073170183977, 0, -0.2555065787013859]}