{"episode_id": "43914", "start_position": [-4.308732986450195, 0.1514829844236374, 1.3947887420654297], "start_rotation": [0, 0.767303248194033, 0, 0.6412844340157386]}