{"episode_id": "59238", "start_position": [-0.0002686828374862671, 0.17635054886341095, 0.2358902096748352], "start_rotation": [0, 0.9144482814022851, 0, -0.40470278061857595]}