{"episode_id": "44274", "start_position": [-9.343700408935547, 0.16822335124015808, 5.8174147605896], "start_rotation": [0, 0.7549325518449439, 0, 0.6558024414142426]}