{"episode_id": "34897", "start_position": [-7.370352745056152, -2.943950891494751, -0.8491686582565308], "start_rotation": [0, 0.06949761773038955, 0, 0.9975821174869769]}