{"episode_id": "7517", "start_position": [5.120490074157715, 0.18360306322574615, -0.1404624581336975], "start_rotation": [0, 0.9672256393375528, 0, -0.2539184172289641]}