{"episode_id": "51628", "start_position": [1.7644883394241333, 0.08076925575733185, -9.737479209899902], "start_rotation": [0, 0.5506316071690353, 0, 0.8347483651894415]}