{"episode_id": "68000", "start_position": [2.2260653972625732, 0.18463699519634247, 1.6224164962768555], "start_rotation": [0, 0.2742926038177347, 0, -0.9616462798196056]}