{"episode_id": "11660", "start_position": [0.8497791886329651, 0.021137923002243042, 4.053110122680664], "start_rotation": [0, 0.9395932764517667, 0, -0.34229296639959433]}