{"episode_id": "39244", "start_position": [-3.1156046390533447, 0.14340916275978088, -2.8481554985046387], "start_rotation": [0, 0.6849116435691904, 0, -0.7286261321853275]}