{"episode_id": "59716", "start_position": [-1.5866200923919678, 0.12194900214672089, -0.06294341385364532], "start_rotation": [0, 0.8996534230033593, 0, 0.4366047623175206]}