{"episode_id": "55974", "start_position": [0.22131705284118652, 1.5005862712860107, -3.240959644317627], "start_rotation": [0, 0.5760426823171856, 0, -0.8174196157108184]}