{"episode_id": "8485", "start_position": [-1.6723004579544067, 0.17002512514591217, -3.343276262283325], "start_rotation": [0, 0.5282506114500705, 0, -0.8490885062834301]}