{"episode_id": "64119", "start_position": [-4.2773871421813965, 0.11509490013122559, 2.2136449813842773], "start_rotation": [0, 0.25254604235726347, 0, 0.9675848781836575]}