{"episode_id": "60078", "start_position": [2.4768104553222656, 0.04155876487493515, 0.6676377058029175], "start_rotation": [0, 0.610078996440578, 0, 0.7923405947583761]}