{"episode_id": "18586", "start_position": [-4.81934118270874, -2.511791467666626, 6.513250827789307], "start_rotation": [0, 0.3887777835410563, 0, -0.9213315554266572]}