{"episode_id": "29714", "start_position": [-4.775529861450195, 0.044724658131599426, -0.5803476572036743], "start_rotation": [0, 0.008607109213772886, 0, -0.9999629581494417]}