{"episode_id": "41199", "start_position": [-1.166159987449646, 2.8009655475616455, 0.32178542017936707], "start_rotation": [0, 0.8500829256190652, 0, 0.5266488579413525]}