{"episode_id": "2989", "start_position": [-9.279435157775879, 0.03310127556324005, -10.384921073913574], "start_rotation": [0, 0.5408651101742322, 0, -0.8411093463968972]}