{"episode_id": "30005", "start_position": [-3.3126227855682373, 0.044724658131599426, -0.37544333934783936], "start_rotation": [0, 0.7807492570061092, 0, 0.6248444587930732]}