{"episode_id": "47112", "start_position": [-6.611690998077393, 0.15165157616138458, 3.706557035446167], "start_rotation": [0, 0.7311623166506214, 0, -0.6822035375971722]}