{"episode_id": "6249", "start_position": [1.9273394346237183, 0.18463699519634247, 1.1822870969772339], "start_rotation": [0, 0.16419152185076524, 0, 0.9864284789848323]}