{"episode_id": "49622", "start_position": [-0.1897086203098297, 0.16243858635425568, 1.893027663230896], "start_rotation": [0, 0.9225029687505375, 0, 0.3859899903448854]}