{"episode_id": "10137", "start_position": [-0.1863759458065033, 0.14657917618751526, 3.8178586959838867], "start_rotation": [0, 0.8777816283247529, 0, -0.4790609699981259]}