{"episode_id": "39741", "start_position": [2.032346248626709, 0.1514829844236374, -0.43897107243537903], "start_rotation": [0, 0.7287329632818834, 0, 0.684797976213719]}