{"episode_id": "22255", "start_position": [0.6293932795524597, -3.206904888153076, -2.9026248455047607], "start_rotation": [0, 0.6718993957148708, 0, -0.7406424252215043]}