{"episode_id": "361", "start_position": [7.523562431335449, 0.24936038255691528, -2.7287094593048096], "start_rotation": [0, 0.9714142998328347, 0, 0.2373905180926221]}