{"episode_id": "8144", "start_position": [-0.8615210652351379, 1.5974199771881104, 0.5971187949180603], "start_rotation": [0, 0.9597381219025591, 0, 0.280896310703698]}