{"episode_id": "67161", "start_position": [0.054627954959869385, 0.17002512514591217, -5.144775390625], "start_rotation": [0, 0.9904499597798953, 0, 0.13787268464784377]}