{"episode_id": "48681", "start_position": [2.8708336353302, 0.09678955376148224, -1.6762189865112305], "start_rotation": [0, 0.7971192911036612, 0, 0.6038218576288843]}