{"episode_id": "42372", "start_position": [-0.4894390404224396, 0.0701034814119339, 3.566044330596924], "start_rotation": [0, 0.849172864015315, 0, -0.5281149941253583]}