{"episode_id": "64173", "start_position": [-5.345434188842773, 0.1514829844236374, -0.587470531463623], "start_rotation": [0, 0.8701880407702387, 0, 0.49271977198043654]}