{"episode_id": "39485", "start_position": [-1.44801664352417, 0.14340916275978088, 0.1942007839679718], "start_rotation": [0, 0.9161059459348038, 0, -0.4009362740173286]}