{"episode_id": "4283", "start_position": [1.5877119302749634, 0.17800255119800568, 0.02208341658115387], "start_rotation": [0, 0.5708291059325179, 0, -0.8210688959035547]}