{"episode_id": "50953", "start_position": [-0.7893352508544922, 0.14657917618751526, 5.783816337585449], "start_rotation": [0, 0.6944090526013409, 0, -0.7195804803253825]}