{"episode_id": "63711", "start_position": [0.403544545173645, -2.8915817737579346, -8.073143005371094], "start_rotation": [0, 0.0041165768429089564, 0, 0.9999915268616512]}