{"episode_id": "54723", "start_position": [6.9235005378723145, 3.1080307960510254, -2.2103359699249268], "start_rotation": [0, 0.9986238802082041, 0, -0.05244374012129855]}