{"episode_id": "63725", "start_position": [2.0313029289245605, 0.14570780098438263, -0.7054293155670166], "start_rotation": [0, 0.6636226828482095, 0, 0.7480674667497209]}