{"episode_id": "46526", "start_position": [2.8640787601470947, 0.16243858635425568, 1.5874040126800537], "start_rotation": [0, 0.9982984760263078, 0, 0.058310828870383774]}