{"episode_id": "42918", "start_position": [-3.429436445236206, 0.0701034814119339, 5.893744945526123], "start_rotation": [0, 0.7940346407976395, 0, -0.6078725106577558]}