{"episode_id": "38505", "start_position": [-11.834614753723145, -2.852285146713257, 17.91956901550293], "start_rotation": [0, 0.34759477902282065, 0, -0.937644852594028]}