{"episode_id": "10462", "start_position": [-8.970149040222168, -2.8915817737579346, -0.07563159614801407], "start_rotation": [0, 0.5072276077966805, 0, 0.8618121337558766]}