{"episode_id": "21914", "start_position": [1.4203004837036133, 0.17800255119800568, -0.973703145980835], "start_rotation": [0, 0.9999098612343589, 0, -0.013426444290474258]}