{"episode_id": "28021", "start_position": [-2.5779929161071777, 0.17800255119800568, -2.659151077270508], "start_rotation": [0, 0.9740637323938186, 0, 0.22627382799392298]}