{"episode_id": "49377", "start_position": [1.9123766422271729, 2.576350688934326, 1.4725266695022583], "start_rotation": [0, 0.9999757964326631, 0, 0.006957481502747692]}