{"episode_id": "1023", "start_position": [5.787531852722168, 0.18360306322574615, -0.824922502040863], "start_rotation": [0, 0.9668536517510242, 0, 0.25533118903829416]}