{"episode_id": "29433", "start_position": [-1.8863404989242554, 0.16243858635425568, -0.06602412462234497], "start_rotation": [0, 0.9977761723891119, 0, 0.06665365565768519]}