{"episode_id": "2179", "start_position": [2.8616943359375, 0.18321557343006134, -1.4083579778671265], "start_rotation": [0, 0.6464110736127832, 0, 0.7629893340740544]}