{"episode_id": "58367", "start_position": [-8.130916595458984, 0.15165157616138458, 5.181241512298584], "start_rotation": [0, 0.3073935634892046, 0, -0.9515824699548686]}