{"episode_id": "6991", "start_position": [-6.138891220092773, 0.20017647743225098, -4.866729259490967], "start_rotation": [0, 0.5877454603945989, 0, -0.809045903385921]}