{"episode_id": "38477", "start_position": [-4.592782020568848, -1.002579927444458, 0.6647827625274658], "start_rotation": [0, 0.714879740578683, 0, -0.6992474215255676]}