{"episode_id": "20013", "start_position": [-5.722216606140137, 0.17000891268253326, -3.8218350410461426], "start_rotation": [0, 0.4910496192252435, 0, 0.8711316039834299]}