{"episode_id": "37213", "start_position": [2.053135633468628, 0.14570780098438263, -6.033283233642578], "start_rotation": [0, 0.9674344710355891, 0, 0.2531215997343764]}