{"episode_id": "50527", "start_position": [-9.55998706817627, 0.23514866828918457, 6.7235307693481445], "start_rotation": [0, 0.042065323448249516, 0, -0.9991148625474421]}