{"episode_id": "45728", "start_position": [-1.2879304885864258, 0.14340916275978088, -2.8193867206573486], "start_rotation": [0, 0.5559378116797246, 0, 0.8312238865340427]}