{"episode_id": "7620", "start_position": [-3.6633458137512207, 1.662041425704956, -7.894092559814453], "start_rotation": [0, 0.9930828252979423, 0, 0.11741593630447515]}