{"episode_id": "33214", "start_position": [-2.4431955814361572, 0.17949719727039337, 1.4973807334899902], "start_rotation": [0, 0.8843454872866169, 0, -0.46683300988233045]}