{"episode_id": "34715", "start_position": [-2.077910900115967, 0.03699341416358948, 1.6546788215637207], "start_rotation": [0, 0.5033101682292643, 0, -0.8641058237027625]}