{"episode_id": "31492", "start_position": [-3.2205703258514404, 0.20017647743225098, -6.503657341003418], "start_rotation": [0, 0.07411721339065637, 0, -0.9972495368157379]}