{"episode_id": "38143", "start_position": [-7.215002059936523, 0.044724658131599426, 6.885746002197266], "start_rotation": [0, 0.9995096656177235, 0, -0.03131179229534218]}