{"episode_id": "13269", "start_position": [1.1991304159164429, -2.374966859817505, -3.4645044803619385], "start_rotation": [0, 0.9932400480324176, 0, -0.11607845185287773]}