{"episode_id": "14594", "start_position": [0.12868556380271912, 0.18145985901355743, -0.9622724652290344], "start_rotation": [0, 0.9991324844455528, 0, -0.04164466983489178]}