{"episode_id": "1623", "start_position": [1.2305389642715454, -2.374966859817505, -6.006204128265381], "start_rotation": [0, 0.7704567064050969, 0, 0.6374923243109758]}