{"episode_id": "41923", "start_position": [-3.283769130706787, 0.044724658131599426, 0.48526856303215027], "start_rotation": [0, 0.4552544056040906, 0, -0.8903614020037404]}