{"episode_id": "64543", "start_position": [2.629422664642334, 0.15562696754932404, 4.393091678619385], "start_rotation": [0, 0.9878445350448141, 0, 0.15544508542277885]}