{"episode_id": "63395", "start_position": [-3.552358865737915, 0.0701034814119339, 2.4046578407287598], "start_rotation": [0, 0.8824093053248716, 0, -0.4704825372700643]}