{"episode_id": "19004", "start_position": [-4.239212989807129, 0.18321557343006134, -2.928804397583008], "start_rotation": [0, 0.9971794958344513, 0, 0.07505366804726764]}