{"episode_id": "6854", "start_position": [4.731166839599609, -2.967862606048584, 4.07719087600708], "start_rotation": [0, 0.4843959222845955, 0, -0.874848895795186]}