{"episode_id": "5054", "start_position": [-2.524310350418091, 0.17646045982837677, -6.964299201965332], "start_rotation": [0, 0.4071100956389545, 0, -0.9133790943681825]}