{"episode_id": "64601", "start_position": [0.8087034225463867, 0.18360306322574615, -5.6727705001831055], "start_rotation": [0, 0.937649784149884, 0, 0.3475814757487457]}