{"episode_id": "67209", "start_position": [-1.63717782497406, 0.1751515418291092, -2.7068674564361572], "start_rotation": [0, 0.09375011578409054, 0, -0.9955957592268408]}