{"episode_id": "64855", "start_position": [-1.9904662370681763, 0.0701034814119339, 8.8707857131958], "start_rotation": [0, 0.9092860877567986, 0, 0.4161716119726759]}