{"episode_id": "37894", "start_position": [-9.72334098815918, 0.17923279106616974, 4.310925483703613], "start_rotation": [0, 0.035513079296557816, 0, 0.9993692116524685]}