{"episode_id": "63969", "start_position": [-10.918530464172363, 0.3051574230194092, 17.71813201904297], "start_rotation": [0, 0.15999477902650958, 0, 0.9871178605841647]}