{"episode_id": "7423", "start_position": [1.8923039436340332, 2.576350688934326, 0.6344116926193237], "start_rotation": [0, 0.9560191819009127, 0, 0.2933041490288017]}