{"episode_id": "21433", "start_position": [7.048133850097656, 0.09678955376148224, -2.2705018520355225], "start_rotation": [0, 0.016883987636080827, 0, -0.9998574553212596]}