{"episode_id": "24198", "start_position": [-0.07185898721218109, 0.1649409383535385, 0.09513023495674133], "start_rotation": [0, 0.332726464629057, 0, -0.9430233823906218]}