{"episode_id": "23888", "start_position": [-2.7393996715545654, -0.7628668546676636, -8.210712432861328], "start_rotation": [0, 0.0036491201808870003, 0, -0.9999933419387879]}