{"episode_id": "56216", "start_position": [-3.803380250930786, 0.044724658131599426, 6.266324043273926], "start_rotation": [0, 0.9347459360993299, 0, 0.3553168092643347]}