{"episode_id": "56195", "start_position": [-3.24420166015625, 0.08076925575733185, -6.202816009521484], "start_rotation": [0, 0.8926257442683255, 0, 0.4507984923104977]}