{"episode_id": "55447", "start_position": [-5.160994529724121, 0.1005861759185791, 0.6803523898124695], "start_rotation": [0, 0.9873173648077546, 0, 0.1587590033638131]}