{"episode_id": "32971", "start_position": [0.018486030399799347, -2.8915817737579346, 1.903007984161377], "start_rotation": [0, 0.9533201553750983, 0, -0.30196139050481025]}