{"episode_id": "3584", "start_position": [-2.418656587600708, -1.0029926300048828, -3.7300803661346436], "start_rotation": [0, 0.5656479890890507, 0, 0.8246468046621616]}