{"episode_id": "4119", "start_position": [0.9373935461044312, 0.17970331013202667, -2.688600778579712], "start_rotation": [0, 0.6208519745186274, 0, 0.7839278192131732]}