{"episode_id": "7102", "start_position": [-4.126698017120361, 0.15964920818805695, 3.777198314666748], "start_rotation": [0, 0.9404636210873163, 0, -0.3398943621352562]}