{"episode_id": "59987", "start_position": [1.3820277452468872, 2.365107297897339, -11.002097129821777], "start_rotation": [0, 0.9985425583936286, 0, 0.05396998310826946]}