{"episode_id": "12925", "start_position": [-3.9484853744506836, 0.1514829844236374, 3.2214040756225586], "start_rotation": [0, 0.9993085555359873, 0, 0.03718078579829336]}