{"episode_id": "12373", "start_position": [-0.7142516374588013, 0.15289896726608276, 2.0687949657440186], "start_rotation": [0, 0.9399481948726319, 0, 0.3413171413153473]}