{"episode_id": "54924", "start_position": [-4.549700736999512, 0.1514829844236374, -0.4550776183605194], "start_rotation": [0, 0.6248141666981506, 0, -0.7807734992257971]}