{"episode_id": "55250", "start_position": [5.312226295471191, 0.18360306322574615, -2.9395174980163574], "start_rotation": [0, 0.6498539223237269, 0, -0.7600591290422526]}