{"episode_id": "13544", "start_position": [-0.21431925892829895, 0.1719042807817459, -2.278501510620117], "start_rotation": [0, 0.6025366295106296, 0, -0.7980912291824602]}