{"episode_id": "51039", "start_position": [1.8519718647003174, 0.1005861759185791, -2.50636625289917], "start_rotation": [0, 0.8374109410295995, 0, 0.5465737972533268]}