{"episode_id": "44035", "start_position": [-4.800559997558594, 0.037133216857910156, -4.547533988952637], "start_rotation": [0, 0.7841687942236072, 0, -0.6205475825155505]}