{"episode_id": "26423", "start_position": [-3.888200521469116, 0.15165157616138458, 8.181784629821777], "start_rotation": [0, 0.1711254030567127, 0, 0.9852492559899133]}