{"episode_id": "41572", "start_position": [-3.9580914974212646, 0.15562696754932404, 1.4860577583312988], "start_rotation": [0, 0.8404043576961433, 0, 0.5419598837232631]}