{"episode_id": "48733", "start_position": [0.5551585555076599, 0.15562696754932404, 4.804122447967529], "start_rotation": [0, 0.9619621081190143, 0, -0.2731829104157542]}