{"episode_id": "297", "start_position": [2.2655959129333496, 0.021137923002243042, 2.167867422103882], "start_rotation": [0, 0.988079520024156, 0, -0.1539443474403446]}