{"episode_id": "40516", "start_position": [0.7869749069213867, 0.18145985901355743, -0.4671700894832611], "start_rotation": [0, 0.10348772697508155, 0, 0.994630730656122]}