{"episode_id": "12441", "start_position": [-0.5546462535858154, -0.002579927444458008, 13.897690773010254], "start_rotation": [0, 0.6050310913299591, 0, -0.7962018453407896]}