{"episode_id": "50831", "start_position": [-1.007191777229309, 0.17282123863697052, 1.6695616245269775], "start_rotation": [0, 0.9966471764619687, 0, -0.08181934765314139]}