{"episode_id": "30503", "start_position": [0.6341346502304077, 0.1751515418291092, 1.2542524337768555], "start_rotation": [0, 0.07014092201260494, 0, 0.9975370925731142]}