{"episode_id": "32362", "start_position": [-3.472233533859253, 0.18128342926502228, 0.68398118019104], "start_rotation": [0, 0.7108239533868839, 0, 0.7033699647350896]}