{"episode_id": "8530", "start_position": [0.7278509736061096, 0.18463699519634247, 5.584404945373535], "start_rotation": [0, 0.8846691142744092, 0, -0.4662194314364561]}