{"episode_id": "583", "start_position": [-1.6022011041641235, 0.03310127556324005, -7.344546318054199], "start_rotation": [0, 0.8680577760118894, 0, -0.4964631884694901]}