{"episode_id": "39694", "start_position": [-6.705968856811523, -2.511791467666626, 4.151114463806152], "start_rotation": [0, 0.9813665325572951, 0, -0.19214507221490584]}