{"episode_id": "57053", "start_position": [-2.944524049758911, -2.8915817737579346, -6.1934003829956055], "start_rotation": [0, 0.007618610101437039, 0, -0.999970977968922]}