{"episode_id": "19527", "start_position": [-5.897121429443359, 0.20017647743225098, -3.4433650970458984], "start_rotation": [0, 0.7899378289449716, 0, -0.6131869424585824]}