{"episode_id": "54244", "start_position": [4.9766645431518555, -2.967862606048584, -0.2212028205394745], "start_rotation": [0, 0.8395661440435332, 0, -0.5432574801840037]}