{"episode_id": "1844", "start_position": [-5.997105121612549, 0.03310127556324005, -9.028023719787598], "start_rotation": [0, 0.4353937787022924, 0, 0.9002401110078018]}