{"episode_id": "35939", "start_position": [2.4570682048797607, 0.1887628585100174, 3.787079334259033], "start_rotation": [0, 0.23881423999535548, 0, -0.9710652700902451]}