{"episode_id": "44794", "start_position": [-0.4742255210876465, 0.1649409383535385, 0.03009093925356865], "start_rotation": [0, 0.9828083449437341, 0, -0.18462870066421969]}