{"episode_id": "13418", "start_position": [0.24786250293254852, 0.5438198447227478, -2.1031031608581543], "start_rotation": [0, 0.3071859599671389, 0, -0.951649507959242]}