{"episode_id": "57542", "start_position": [2.964672088623047, 1.5974199771881104, 1.9774138927459717], "start_rotation": [0, 0.9769406339892857, 0, -0.21351111835361775]}