{"episode_id": "50831", "start_position": [-6.96367073059082, 0.044724658131599426, 6.271649360656738], "start_rotation": [0, 0.34140705282900596, 0, -0.9399155410347316]}