{"episode_id": "9123", "start_position": [-2.1183054447174072, 0.058561086654663086, -0.8568547964096069], "start_rotation": [0, 0.7253551115242485, 0, 0.6883748703908686]}