{"episode_id": "56676", "start_position": [-1.8613181114196777, 0.08820843696594238, 6.767743110656738], "start_rotation": [0, 0.9160649882047507, 0, -0.4010298460032992]}