{"episode_id": "17769", "start_position": [-5.029348850250244, -2.8849050998687744, -1.184903860092163], "start_rotation": [0, 0.5383331934792078, 0, 0.842732088387809]}