{"episode_id": "26575", "start_position": [-2.142530918121338, 3.400176525115967, -2.2235424518585205], "start_rotation": [0, 0.7716005977122944, 0, 0.636107316111071]}