{"episode_id": "16832", "start_position": [-6.452855110168457, 0.14340753853321075, -0.9436892867088318], "start_rotation": [0, 0.7622393310238009, 0, 0.6472952975577595]}