{"episode_id": "59895", "start_position": [-1.1025973558425903, 0.03514885902404785, 2.1953885555267334], "start_rotation": [0, 0.7773274805324789, 0, 0.6290961675364337]}