{"episode_id": "39604", "start_position": [0.3079211115837097, 0.17702746391296387, 2.385392189025879], "start_rotation": [0, 0.23086182368328342, 0, -0.9729865458297091]}