{"episode_id": "5740", "start_position": [-5.897927761077881, 0.15165157616138458, -0.04974938929080963], "start_rotation": [0, 0.28947649999231173, 0, -0.9571851210461857]}