{"episode_id": "26364", "start_position": [-0.24279356002807617, 0.15289896726608276, 0.9581979513168335], "start_rotation": [0, 0.9068460375118789, 0, -0.42146205552695243]}