{"episode_id": "47905", "start_position": [-2.2820520401000977, 0.12194900214672089, 1.243765950202942], "start_rotation": [0, 0.6196232559806831, 0, 0.7848993697588863]}