{"episode_id": "58723", "start_position": [-3.7834231853485107, 1.662041425704956, -3.037904739379883], "start_rotation": [0, 0.8468488284358884, 0, -0.5318336786785539]}