{"episode_id": "7481", "start_position": [3.5998101234436035, 0.09678955376148224, 0.5699068307876587], "start_rotation": [0, 0.976401825438217, 0, 0.21596174494784398]}