{"episode_id": "11339", "start_position": [-0.9691519737243652, 3.683565139770508, 1.0391192436218262], "start_rotation": [0, 0.7065948165697826, 0, 0.7076183753950396]}