{"episode_id": "23857", "start_position": [-2.4007816314697266, 0.16243858635425568, 0.14237524569034576], "start_rotation": [0, 0.9928068944282697, 0, 0.11972664856118892]}