{"episode_id": "15901", "start_position": [1.1282379627227783, 0.014962434768676758, 2.535344362258911], "start_rotation": [0, 0.9841154770376159, 0, 0.17752951263107095]}