{"episode_id": "48114", "start_position": [2.093475580215454, 0.18321557343006134, -3.267056703567505], "start_rotation": [0, 0.9866186535608928, 0, 0.16304487862453962]}