{"episode_id": "59441", "start_position": [-0.8058511018753052, 0.17800255119800568, -3.2446177005767822], "start_rotation": [0, 0.9329641607594973, 0, -0.3599692691582533]}