{"episode_id": "9234", "start_position": [0.07214310765266418, 2.7814598083496094, -0.9677120447158813], "start_rotation": [0, 0.3651659565150621, 0, -0.9309424387159712]}