{"episode_id": "27533", "start_position": [0.5327044129371643, 0.09678955376148224, -3.060822010040283], "start_rotation": [0, 0.9997308312826471, 0, 0.02320053841848264]}