{"episode_id": "38433", "start_position": [-0.37502211332321167, 2.7814598083496094, -2.5931057929992676], "start_rotation": [0, 0.7491412759737803, 0, 0.6624102570404359]}