{"episode_id": "19557", "start_position": [-2.7561445236206055, 0.15562696754932404, 3.5332999229431152], "start_rotation": [0, 0.198225687642024, 0, -0.9801564042329401]}