{"episode_id": "21979", "start_position": [-6.783107757568359, 2.7005860805511475, -0.17786867916584015], "start_rotation": [0, 0.7127055118526288, 0, 0.7014633656684307]}