{"episode_id": "51050", "start_position": [-0.5355314016342163, 0.09678955376148224, -7.464195251464844], "start_rotation": [0, 0.47487955104301116, 0, 0.8800508008070831]}