{"episode_id": "61395", "start_position": [-4.224602222442627, 0.1941726803779602, -2.679872751235962], "start_rotation": [0, 0.5659789101050612, 0, 0.8244197191457074]}