{"episode_id": "36056", "start_position": [-2.887071371078491, 0.15964920818805695, 1.9220638275146484], "start_rotation": [0, 0.9045136855884098, 0, -0.42644459497485876]}