{"episode_id": "28245", "start_position": [-3.853292942047119, 0.15964920818805695, -0.6499144434928894], "start_rotation": [0, 0.23688985518739938, 0, 0.9715365132146567]}