{"episode_id": "63344", "start_position": [2.4285085201263428, 0.15289896726608276, -2.449451208114624], "start_rotation": [0, 0.7135916956073944, 0, 0.7005618402112433]}