{"episode_id": "62148", "start_position": [4.888500213623047, 0.22113794088363647, -1.713721513748169], "start_rotation": [0, 0.9901057171410212, 0, -0.14032344381700443]}