{"episode_id": "22490", "start_position": [-2.363245725631714, 0.025033235549926758, -4.804375171661377], "start_rotation": [0, 0.797970397221469, 0, -0.6026966443893735]}