{"episode_id": "21561", "start_position": [-2.9477713108062744, 0.16243858635425568, -2.7509148120880127], "start_rotation": [0, 0.9307259963699539, 0, 0.36571726740906907]}