{"episode_id": "68137", "start_position": [1.435833215713501, 0.17800255119800568, 0.10350804030895233], "start_rotation": [0, 0.9996345535277263, 0, -0.027032561725136222]}