{"episode_id": "5189", "start_position": [0.1003577709197998, 0.09204968065023422, -0.0460972785949707], "start_rotation": [0, 0.9323940613992208, 0, -0.36144337629491297]}