{"episode_id": "44353", "start_position": [-1.5067373514175415, 3.0807693004608154, -2.1703991889953613], "start_rotation": [0, 0.08105443115137956, 0, -0.9967096764809331]}