{"episode_id": "10142", "start_position": [3.5269699096679688, 3.3211450576782227, -2.0381062030792236], "start_rotation": [0, 0.8129136892924274, 0, -0.5823841805552198]}