{"episode_id": "60484", "start_position": [7.6853437423706055, 0.05604910850524902, 3.444639205932617], "start_rotation": [0, 0.9960030467832204, 0, -0.08931926331168559]}