{"episode_id": "19027", "start_position": [-4.352005958557129, 0.1649409383535385, 0.9803183674812317], "start_rotation": [0, 0.08337673727530591, 0, -0.996518098019963]}