{"episode_id": "57304", "start_position": [-3.382744073867798, 0.17923279106616974, 2.086716413497925], "start_rotation": [0, 0.06977258451850268, 0, -0.9975629235540023]}