{"episode_id": "31075", "start_position": [6.434701919555664, -2.943950891494751, -1.8802484273910522], "start_rotation": [0, 0.940611803870273, 0, 0.33948407093693084]}