{"episode_id": "39081", "start_position": [-0.19057434797286987, -3.206904888153076, -1.7372021675109863], "start_rotation": [0, 0.899984443256926, 0, 0.4359220135477458]}