{"episode_id": "37420", "start_position": [-1.0504642724990845, 0.1751515418291092, -2.8119635581970215], "start_rotation": [0, 0.1631986877032743, 0, 0.9865932233357014]}