{"episode_id": "65456", "start_position": [-5.88922643661499, 0.12324567139148712, -4.026946544647217], "start_rotation": [0, 0.4033813915306745, 0, 0.9150319409544001]}