{"episode_id": "14594", "start_position": [0.8314141035079956, 0.0701034814119339, 0.7848798036575317], "start_rotation": [0, 0.23271770581213924, 0, 0.972544327730893]}