{"episode_id": "42798", "start_position": [3.1105682849884033, 2.365107297897339, -10.893651962280273], "start_rotation": [0, 0.07909609837708798, 0, -0.996866995752955]}