{"episode_id": "23569", "start_position": [-1.6318165063858032, -2.8915817737579346, -1.5558542013168335], "start_rotation": [0, 0.7903653482321795, 0, -0.6126357941826658]}