{"episode_id": "27443", "start_position": [3.8879504203796387, 0.16646166145801544, -0.22961869835853577], "start_rotation": [0, 0.08711567561966825, 0, -0.9961982026993066]}