{"episode_id": "20942", "start_position": [-1.7960026264190674, 0.1649409383535385, -1.2836015224456787], "start_rotation": [0, 0.8396738893638702, 0, -0.543090931171338]}