{"episode_id": "25957", "start_position": [-2.500772476196289, 0.10841822624206543, -5.938289642333984], "start_rotation": [0, 0.39477371292433877, 0, -0.9187783821923172]}