{"episode_id": "48980", "start_position": [-9.633407592773438, 0.15165157616138458, 9.079244613647461], "start_rotation": [0, 0.037831410753950204, 0, -0.9992841359495136]}