{"episode_id": "26973", "start_position": [-8.789885520935059, 0.17000891268253326, 0.514742374420166], "start_rotation": [0, 0.9991442864212317, 0, 0.04136054776967842]}