{"episode_id": "7930", "start_position": [1.9136557579040527, 0.17002512514591217, 3.3968544006347656], "start_rotation": [0, 0.2773216345972449, 0, 0.9607771390828949]}