{"episode_id": "4857", "start_position": [0.4974517226219177, 0.17970331013202667, -0.7246779799461365], "start_rotation": [0, 0.37499885812737055, 0, 0.9270252727963614]}