{"episode_id": "46051", "start_position": [-7.628933906555176, -2.8915817737579346, -2.3540143966674805], "start_rotation": [0, 0.9977485247409206, 0, -0.06706624618477303]}