{"episode_id": "18423", "start_position": [-5.8836212158203125, 0.16511733829975128, -0.14861848950386047], "start_rotation": [0, 0.3355914376497072, 0, -0.942007636368306]}