{"episode_id": "13080", "start_position": [-10.121732711791992, 0.03310127556324005, -9.417730331420898], "start_rotation": [0, 0.5771323074268336, 0, -0.816650659538201]}