{"episode_id": "48543", "start_position": [5.869942665100098, 0.09678955376148224, -2.7704830169677734], "start_rotation": [0, 0.024469991020346128, 0, 0.9997005649390542]}