{"episode_id": "27467", "start_position": [-0.21365371346473694, 0.12324567139148712, -3.9682655334472656], "start_rotation": [0, 0.7546564366091854, 0, 0.6561201587242436]}