{"episode_id": "26969", "start_position": [-7.604788780212402, 0.062041521072387695, -5.0273027420043945], "start_rotation": [0, 0.8927128124975456, 0, -0.4506260471862695]}