{"episode_id": "39735", "start_position": [-6.754705429077148, 0.14340753853321075, 3.5297064781188965], "start_rotation": [0, 0.7427211365227099, 0, 0.6696008612318342]}