{"episode_id": "6159", "start_position": [0.0689418762922287, 0.17800255119800568, 0.03988941013813019], "start_rotation": [0, 0.290228077116052, 0, -0.9569575033686287]}