{"episode_id": "65542", "start_position": [9.256397247314453, 3.14155650138855, -1.8320345878601074], "start_rotation": [0, 0.1088594965084632, 0, -0.9940571462546426]}