{"episode_id": "6433", "start_position": [-4.179330825805664, -2.2229726314544678, 7.399620056152344], "start_rotation": [0, 0.9227855751689563, 0, 0.38531387499037517]}