{"episode_id": "47905", "start_position": [7.591175079345703, -2.943950891494751, 0.32384443283081055], "start_rotation": [0, 0.9329253032759718, 0, -0.3600699633507856]}