{"episode_id": "57107", "start_position": [1.1402407884597778, 0.22503304481506348, -13.39059066772461], "start_rotation": [0, 0.7446541409109712, 0, -0.667450530319771]}