{"episode_id": "45433", "start_position": [-9.005537033081055, 0.10841822624206543, -2.5315067768096924], "start_rotation": [0, 0.891494771424726, 0, -0.45303098406441855]}