{"episode_id": "48043", "start_position": [-1.2261059284210205, 1.5970072746276855, -0.39826250076293945], "start_rotation": [0, 0.9913761596887595, 0, 0.13104697631295134]}