{"episode_id": "49730", "start_position": [-5.697227478027344, 3.0807693004608154, -11.844573020935059], "start_rotation": [0, 0.619042485861786, 0, 0.7853574986578153]}