{"episode_id": "64601", "start_position": [4.109372138977051, 0.14657917618751526, 0.7856502532958984], "start_rotation": [0, 0.19027722476256723, 0, -0.9817303997211533]}