{"episode_id": "1819", "start_position": [-8.305838584899902, -3.206904888153076, -2.28202748298645], "start_rotation": [0, 0.6693899526865651, 0, 0.7429112270266739]}