{"episode_id": "37290", "start_position": [-0.034374359995126724, 0.08076925575733185, -0.18490707874298096], "start_rotation": [0, 0.3864885372701847, 0, 0.9222942104115981]}