{"episode_id": "5207", "start_position": [0.8879146575927734, 3.056049346923828, -0.9148881435394287], "start_rotation": [0, 0.9021007998371317, 0, 0.4315253722936895]}