{"episode_id": "16540", "start_position": [3.1709108352661133, 0.17800255119800568, -6.584258079528809], "start_rotation": [0, 0.821083806792037, 0, 0.5708076578181979]}