{"episode_id": "38882", "start_position": [3.5807907581329346, 0.28386586904525757, -1.2244815826416016], "start_rotation": [0, 0.9563115505022146, 0, -0.29234947986280074]}