{"episode_id": "66591", "start_position": [2.1695234775543213, 0.16243858635425568, 0.8076560497283936], "start_rotation": [0, 0.7660200622270489, 0, 0.6428166645830428]}