{"episode_id": "10063", "start_position": [-3.2772207260131836, -1.002579927444458, 3.6752634048461914], "start_rotation": [0, 0.8918369495506867, 0, 0.45235699996366363]}