{"episode_id": "50295", "start_position": [-2.2715868949890137, 0.14657917618751526, -2.717461585998535], "start_rotation": [0, 0.7796420523691514, 0, -0.6262254148288916]}