{"episode_id": "42895", "start_position": [1.4166231155395508, 0.18360306322574615, -3.1758718490600586], "start_rotation": [0, 0.9479792234542347, 0, 0.31833220367896525]}