{"episode_id": "332", "start_position": [-2.3991854190826416, 0.1649409383535385, -0.40760016441345215], "start_rotation": [0, 0.5827905622557478, 0, 0.8126223972704846]}