{"episode_id": "28283", "start_position": [0.15160252153873444, 0.17000891268253326, 0.12719163298606873], "start_rotation": [0, 0.4454135557464113, 0, -0.8953249490309865]}