{"episode_id": "17758", "start_position": [2.5196449756622314, 0.15289896726608276, -2.391792058944702], "start_rotation": [0, 0.9332904955089771, 0, 0.3591223342993413]}