{"episode_id": "49274", "start_position": [0.834467351436615, 0.17282123863697052, -6.0917253494262695], "start_rotation": [0, 0.8862298588795905, 0, -0.4632457633160407]}