{"episode_id": "28224", "start_position": [-0.0932210236787796, 0.025033235549926758, -1.9774037599563599], "start_rotation": [0, 0.4250608679724612, 0, -0.9051647687125797]}