{"episode_id": "8592", "start_position": [-1.3232656717300415, 0.15562696754932404, 0.7739318609237671], "start_rotation": [0, 0.1691412896520244, 0, -0.9855918141577932]}