{"episode_id": "24462", "start_position": [4.823361396789551, 0.17646045982837677, -6.844389915466309], "start_rotation": [0, 0.5990649789707774, 0, -0.800700412745455]}