{"episode_id": "56639", "start_position": [1.7967472076416016, 3.3211450576782227, -6.048534393310547], "start_rotation": [0, 0.6655166541557284, 0, 0.7463830002360481]}