{"episode_id": "444", "start_position": [0.3013284504413605, 1.5974199771881104, 6.344905853271484], "start_rotation": [0, 0.9998302927969032, 0, -0.018422421275688345]}