{"episode_id": "59716", "start_position": [1.5007492303848267, 0.18128342926502228, 3.256230354309082], "start_rotation": [0, 0.9958115779604224, 0, 0.0914292141493822]}