{"episode_id": "13435", "start_position": [-1.2493876218795776, -2.799823522567749, 1.4804059267044067], "start_rotation": [0, 0.9657307916100917, 0, 0.2595458305119652]}