{"episode_id": "56088", "start_position": [-4.91139554977417, 0.16646166145801544, -1.774181842803955], "start_rotation": [0, 0.35689489549517434, 0, 0.9341445464003355]}