{"episode_id": "20927", "start_position": [2.025084972381592, 2.365107297897339, 1.4941679239273071], "start_rotation": [0, 0.4724451626411941, 0, 0.8813600673373713]}