{"episode_id": "48260", "start_position": [1.1293258666992188, 0.17702746391296387, -0.6805168390274048], "start_rotation": [0, 0.9575709579749938, 0, 0.2881976065876547]}