{"episode_id": "26456", "start_position": [-2.806959629058838, 0.16693943738937378, -4.861993789672852], "start_rotation": [0, 0.4880474265726978, 0, -0.8728171110924482]}