{"episode_id": "22630", "start_position": [2.1235430240631104, 0.14657917618751526, 4.743222236633301], "start_rotation": [0, 0.11479615308204648, 0, 0.9933890694171964]}