{"episode_id": "63741", "start_position": [-1.327782392501831, 0.0701034814119339, 6.033574104309082], "start_rotation": [0, 0.7441369932505196, 0, -0.6680270468147799]}