{"episode_id": "7930", "start_position": [1.391493558883667, 0.15562696754932404, -1.1224842071533203], "start_rotation": [0, 0.8706869229895655, 0, -0.4918376583131496]}