{"episode_id": "68379", "start_position": [-10.429368019104004, 0.17000891268253326, -5.446207523345947], "start_rotation": [0, 0.9682570704218315, 0, 0.24995648736956663]}