{"episode_id": "64378", "start_position": [-0.5977632999420166, 1.5974199771881104, 1.1110284328460693], "start_rotation": [0, 0.05749702821904787, 0, -0.9983456774814914]}