{"episode_id": "51167", "start_position": [5.063360214233398, 0.014962434768676758, 1.9433650970458984], "start_rotation": [0, 0.7691775966185135, 0, 0.6390350732629371]}