{"episode_id": "59716", "start_position": [0.4442031681537628, -2.943950891494751, 0.9970936179161072], "start_rotation": [0, 0.1553202881345446, 0, -0.9878641647988867]}