{"episode_id": "19661", "start_position": [4.147656440734863, 2.365107297897339, -5.081873893737793], "start_rotation": [0, 0.9998647432572015, 0, -0.016446738011242103]}