{"episode_id": "51167", "start_position": [2.626703977584839, 0.1514829844236374, 0.8942455053329468], "start_rotation": [0, 0.29110568099220424, 0, 0.9566909022741175]}