{"episode_id": "39040", "start_position": [-1.5741159915924072, 0.14300304651260376, -1.2359223365783691], "start_rotation": [0, 0.8283531618485491, 0, -0.5602062470693373]}