{"episode_id": "18723", "start_position": [-1.1669089794158936, 0.03514885902404785, 3.007925033569336], "start_rotation": [0, 0.9892281001475145, 0, -0.14638225943924713]}