{"episode_id": "26552", "start_position": [0.013062551617622375, 0.03769686818122864, 0.6831643581390381], "start_rotation": [0, 0.33253794149046295, 0, -0.9430898777260233]}