{"episode_id": "52083", "start_position": [-2.7860898971557617, 0.1719042807817459, -6.352962493896484], "start_rotation": [0, 0.9692503743255598, 0, 0.24607663820395922]}