{"episode_id": "11988", "start_position": [-2.13651180267334, 0.17282123863697052, -0.7473323941230774], "start_rotation": [0, 0.8739394919195308, 0, -0.4860347358609592]}