{"episode_id": "63778", "start_position": [-0.12220347672700882, 0.17702746391296387, 1.9365158081054688], "start_rotation": [0, 0.7463883223875578, 0, -0.6655106852662]}