{"episode_id": "49048", "start_position": [-1.87972092628479, 1.662041425704956, -5.818722248077393], "start_rotation": [0, 0.9873519327604594, 0, -0.15854387681075952]}