{"episode_id": "13830", "start_position": [0.6247687935829163, 0.18360306322574615, -1.9450750350952148], "start_rotation": [0, 0.08423135290403284, 0, -0.9964462249353732]}