{"episode_id": "52711", "start_position": [-0.07249176502227783, 0.18463699519634247, 6.147217750549316], "start_rotation": [0, 0.6595962605663162, 0, 0.7516200988843582]}