{"episode_id": "11100", "start_position": [-8.72873306274414, 0.1672901213169098, 1.9960848093032837], "start_rotation": [0, 0.5371625116003631, 0, -0.8434787704093031]}