{"episode_id": "3658", "start_position": [0.24453654885292053, 0.17800255119800568, -0.13817432522773743], "start_rotation": [0, 0.7883610743760451, 0, -0.615212822045061]}