{"episode_id": "49392", "start_position": [-2.397597312927246, 0.14657917618751526, 0.07503426820039749], "start_rotation": [0, 0.4251754089117472, 0, 0.9051109720121222]}