{"episode_id": "11709", "start_position": [0.2782461643218994, 0.02871691808104515, 1.6104965209960938], "start_rotation": [0, 0.6251309629416908, 0, 0.7805198774993461]}