{"episode_id": "66402", "start_position": [-10.265162467956543, 0.14771485328674316, 12.881514549255371], "start_rotation": [0, 0.9064094672392212, 0, 0.4224001393218415]}