{"episode_id": "13018", "start_position": [9.877058982849121, 0.14657917618751526, 9.979999542236328], "start_rotation": [0, 0.3234713913050732, 0, -0.9462379505215167]}