{"episode_id": "44447", "start_position": [-2.777711868286133, 0.08076925575733185, -8.235455513000488], "start_rotation": [0, 0.6736257311132249, 0, -0.7390726448612296]}