{"episode_id": "42412", "start_position": [7.5068511962890625, 0.20561611652374268, -2.9968767166137695], "start_rotation": [0, 0.011499425472983198, 0, -0.9999338794209301]}