{"episode_id": "25807", "start_position": [0.7703869342803955, 0.08423763513565063, 8.949897766113281], "start_rotation": [0, 0.999821859315735, 0, 0.018874576403897263]}