{"episode_id": "38265", "start_position": [-5.950332164764404, 0.20017647743225098, -0.432922899723053], "start_rotation": [0, 0.0218528625108249, 0, -0.9997611976867691]}