{"episode_id": "36857", "start_position": [-6.814777851104736, 3.1434075832366943, 2.4922072887420654], "start_rotation": [0, 0.3974421415507784, 0, -0.9176272359294546]}