{"episode_id": "47342", "start_position": [-3.084625244140625, 0.14340753853321075, -2.3493759632110596], "start_rotation": [0, 0.5464748497414735, 0, -0.8374755152241968]}