{"episode_id": "44289", "start_position": [1.0006266832351685, 0.17970331013202667, -2.5161242485046387], "start_rotation": [0, 0.02299536913093039, 0, 0.9997355715380604]}