{"episode_id": "40737", "start_position": [-2.8935048580169678, 0.1719042807817459, -6.101728439331055], "start_rotation": [0, 0.9819841880081851, 0, -0.18896310354644721]}