{"episode_id": "21834", "start_position": [-1.0790894031524658, 0.1662864238023758, -1.6100261211395264], "start_rotation": [0, 0.9992487339659233, 0, -0.03875522761511674]}