{"episode_id": "19142", "start_position": [0.49358099699020386, 0.17282123863697052, -2.6083967685699463], "start_rotation": [0, 0.9053638484139489, 0, 0.42463667056094456]}