{"episode_id": "17900", "start_position": [-2.55879807472229, 0.15964920818805695, -0.7651695013046265], "start_rotation": [0, 0.994616359304443, 0, 0.10362575839999967]}