{"episode_id": "4225", "start_position": [2.533921718597412, 0.15289896726608276, -1.946734070777893], "start_rotation": [0, 0.7861728074196846, 0, 0.6180067288257074]}