{"episode_id": "16364", "start_position": [1.0293318033218384, 0.021137923002243042, 4.035165786743164], "start_rotation": [0, 0.15023734962366608, 0, 0.9886499576584507]}