{"episode_id": "29994", "start_position": [-3.7532849311828613, 0.17923279106616974, -0.1848117709159851], "start_rotation": [0, 0.20317181896370146, 0, 0.9791431008688061]}