{"episode_id": "66108", "start_position": [-0.44456446170806885, 0.17702746391296387, 1.4263405799865723], "start_rotation": [0, 0.8339087285824969, 0, 0.5519023757820974]}