{"episode_id": "51050", "start_position": [-6.8812971115112305, 0.11121468245983124, 6.270166397094727], "start_rotation": [0, 0.9933791793321722, 0, -0.11488170467633187]}