{"episode_id": "17053", "start_position": [1.7607719898223877, 0.17002512514591217, 3.321535348892212], "start_rotation": [0, 0.6417785136271419, 0, -0.7668900439088621]}