{"episode_id": "19066", "start_position": [3.6017494201660156, 0.1005861759185791, -2.5797388553619385], "start_rotation": [0, 0.9998859047256943, 0, 0.015105546361516398]}