{"episode_id": "60691", "start_position": [-10.750110626220703, 0.03310127556324005, -7.082917213439941], "start_rotation": [0, 0.9828159142203163, 0, -0.18458840363165782]}