{"episode_id": "63574", "start_position": [-0.06136961281299591, 0.16646166145801544, -1.75248384475708], "start_rotation": [0, 0.9988198346602092, 0, -0.0485688983749104]}