{"episode_id": "44923", "start_position": [-2.404529333114624, 0.044724658131599426, 0.01762714982032776], "start_rotation": [0, 0.5757251404216527, 0, 0.8176432979523945]}