{"episode_id": "63824", "start_position": [0.7799213528633118, 0.17002512514591217, -3.4840445518493652], "start_rotation": [0, 0.023969595281478753, 0, -0.9997126879769217]}