{"episode_id": "31097", "start_position": [2.3523874282836914, 0.14570780098438263, -3.3436291217803955], "start_rotation": [0, 0.7699462397200911, 0, 0.638108758708805]}