{"episode_id": "1682", "start_position": [-0.16376039385795593, 0.17282123863697052, -1.800825595855713], "start_rotation": [0, 0.5330541207804443, 0, -0.8460811452331197]}