{"episode_id": "21835", "start_position": [-0.22676828503608704, 0.17282123863697052, -3.4561352729797363], "start_rotation": [0, 0.2287910673805374, 0, -0.9734755505336918]}