{"episode_id": "56433", "start_position": [-1.7363508939743042, 0.1751515418291092, -0.813255786895752], "start_rotation": [0, 0.8338239649833172, 0, -0.5520304297948617]}