{"episode_id": "57158", "start_position": [-2.1084723472595215, 0.16243858635425568, -0.049822669476270676], "start_rotation": [0, 0.8289257676710912, 0, -0.5593586252940883]}