{"episode_id": "26470", "start_position": [-0.6979541182518005, 0.08356514573097229, 4.255000591278076], "start_rotation": [0, 0.059501612183756485, 0, -0.9982282094528955]}