{"episode_id": "22237", "start_position": [-2.189530611038208, 0.014962434768676758, 3.915757656097412], "start_rotation": [0, 0.6392789262975519, 0, 0.7689749374276441]}