{"episode_id": "66840", "start_position": [-0.8574663996696472, 0.17949719727039337, 0.567064106464386], "start_rotation": [0, 0.916832645099825, 0, -0.39927171309680637]}