{"episode_id": "60689", "start_position": [-2.0531399250030518, 0.16646166145801544, 2.961066722869873], "start_rotation": [0, 0.6427188584568067, 0, 0.7661021269935095]}