{"episode_id": "61888", "start_position": [-9.313637733459473, 0.17923279106616974, 4.595268249511719], "start_rotation": [0, 0.9186071887734398, 0, 0.3951719027635415]}