{"episode_id": "13926", "start_position": [-1.3680264949798584, 0.014962434768676758, 4.119415283203125], "start_rotation": [0, 0.24354619394072102, 0, -0.9698892985372035]}