{"episode_id": "30651", "start_position": [-1.5160516500473022, 0.1751515418291092, 2.7000346183776855], "start_rotation": [0, 0.20787897450597506, 0, -0.9781545542286987]}