{"episode_id": "6422", "start_position": [0.931587815284729, 0.17002512514591217, -3.6872689723968506], "start_rotation": [0, 0.801665839202269, 0, 0.5977724335030195]}