{"episode_id": "50311", "start_position": [7.132416248321533, -2.943950891494751, 0.3983736038208008], "start_rotation": [0, 0.9252788897002663, 0, -0.379287458631369]}