{"episode_id": "38842", "start_position": [-6.022122383117676, 0.12324567139148712, -2.0483217239379883], "start_rotation": [0, 0.7762352065662914, 0, -0.630443418624532]}