{"episode_id": "2026", "start_position": [-1.3763267993927002, 0.12114477157592773, -1.8931862115859985], "start_rotation": [0, 0.9909513810554349, 0, 0.13422131121519534]}