{"episode_id": "34323", "start_position": [1.7278722524642944, 0.1164577305316925, 2.861128091812134], "start_rotation": [0, 0.2815865429382566, 0, -0.9595358350974086]}