{"episode_id": "467", "start_position": [-2.5072121620178223, 1.5974199771881104, 3.7330312728881836], "start_rotation": [0, 0.5388990066630184, 0, 0.8423703820871269]}