{"episode_id": "4846", "start_position": [-1.2237228155136108, 3.3211450576782227, -1.6339519023895264], "start_rotation": [0, 0.3472253152130452, 0, 0.9377817339206397]}