{"episode_id": "41862", "start_position": [-4.124197959899902, 0.1672901213169098, 5.7392964363098145], "start_rotation": [0, 0.9358474579518411, 0, 0.35240535672017964]}