{"episode_id": "36562", "start_position": [2.9970695972442627, 0.16243858635425568, 1.6925631761550903], "start_rotation": [0, 0.8315535560429235, 0, -0.5554445817832491]}