{"episode_id": "18179", "start_position": [-4.673532962799072, 0.17800255119800568, -3.836548089981079], "start_rotation": [0, 0.9967087017091398, 0, 0.08106641682769024]}