{"episode_id": "27529", "start_position": [2.890653133392334, 0.18360306322574615, -3.5328164100646973], "start_rotation": [0, 0.5704412092949276, 0, -0.8213384361748455]}