{"episode_id": "46395", "start_position": [-7.614581108093262, 0.1672901213169098, -2.336160659790039], "start_rotation": [0, 0.32480708969309635, 0, 0.9457802886955833]}