{"episode_id": "40788", "start_position": [-7.784006118774414, -2.8915817737579346, -3.9725420475006104], "start_rotation": [0, 0.8691675646611404, 0, 0.49451768880498337]}