{"episode_id": "9944", "start_position": [-6.49312162399292, 0.14340753853321075, -2.4641971588134766], "start_rotation": [0, 0.327733632348285, 0, 0.9447701658222486]}