{"episode_id": "37435", "start_position": [1.31294584274292, 0.14570780098438263, -3.242419719696045], "start_rotation": [0, 0.9562532247805149, 0, 0.29254020253097884]}