{"episode_id": "27529", "start_position": [-3.4901742935180664, 0.14657917618751526, 4.648273468017578], "start_rotation": [0, 0.06590518592807514, 0, -0.9978258898564347]}