{"episode_id": "13435", "start_position": [-4.996340751647949, 0.15964920818805695, 3.1867010593414307], "start_rotation": [0, 0.9795083511183783, 0, -0.2014035503395005]}