{"episode_id": "29797", "start_position": [1.6632623672485352, 0.16243858635425568, 0.02846391126513481], "start_rotation": [0, 0.6401113040381426, 0, 0.7682821867273695]}