{"episode_id": "52180", "start_position": [0.1826138198375702, 0.12324567139148712, -0.8579834699630737], "start_rotation": [0, 0.8206559309537635, 0, -0.5714226483001978]}