{"episode_id": "27287", "start_position": [-0.2898161709308624, 0.17000891268253326, -0.19936218857765198], "start_rotation": [0, 0.6743770580103281, 0, 0.7383871502330838]}