{"episode_id": "52660", "start_position": [0.12420075386762619, 0.1887628585100174, 0.36402627825737], "start_rotation": [0, 0.9537894637481169, 0, -0.30047572088786073]}