{"episode_id": "67659", "start_position": [-1.8990792036056519, 0.1649409383535385, -1.1511763334274292], "start_rotation": [0, 0.7886662064594024, 0, 0.6148216121680623]}