{"episode_id": "6243", "start_position": [-2.141951560974121, 3.1218674182891846, -1.702444314956665], "start_rotation": [0, 0.41173005680296465, 0, 0.9113058544336404]}