{"episode_id": "24059", "start_position": [3.219193696975708, 0.1514829844236374, 2.362940549850464], "start_rotation": [0, 0.6552559730047937, 0, 0.7554069167286868]}