{"episode_id": "14902", "start_position": [-0.31716737151145935, 0.17002512514591217, -4.509981632232666], "start_rotation": [0, 0.05018581255359852, 0, 0.9987398981808703]}