{"episode_id": "48979", "start_position": [-1.921234130859375, 0.13922415673732758, -1.2611241340637207], "start_rotation": [0, 0.23728836542739998, 0, -0.9714392578194443]}