{"episode_id": "18586", "start_position": [-3.030137062072754, 0.1719042807817459, -7.511825084686279], "start_rotation": [0, 0.5091350474126355, 0, -0.8606866465190066]}