{"episode_id": "64440", "start_position": [1.0426613092422485, 0.17970331013202667, -2.610698938369751], "start_rotation": [0, 0.40801716185747855, 0, -0.9129742579228443]}