{"episode_id": "55375", "start_position": [-3.1148600578308105, 0.17635054886341095, 1.297896146774292], "start_rotation": [0, 0.9954066494852514, 0, 0.09573715141232246]}