{"episode_id": "57053", "start_position": [-5.7888617515563965, 0.1514829844236374, 0.2262781858444214], "start_rotation": [0, 0.9245225536717413, 0, 0.38112733797548853]}