{"episode_id": "13783", "start_position": [0.864590585231781, 0.17949719727039337, -1.3217546939849854], "start_rotation": [0, 0.9895705052934328, 0, 0.14404934936784716]}