{"episode_id": "50807", "start_position": [-2.973395347595215, 0.17282123863697052, -1.4542731046676636], "start_rotation": [0, 0.13526340260866032, 0, 0.9908096749198241]}