{"episode_id": "26439", "start_position": [-2.1920158863067627, 0.16243858635425568, 1.5060033798217773], "start_rotation": [0, 0.4778843099004112, 0, -0.8784227833742746]}