{"episode_id": "50704", "start_position": [-8.49067211151123, 0.17000891268253326, 0.5701185464859009], "start_rotation": [0, 0.4279809019887664, 0, 0.9037877779284703]}