{"episode_id": "41510", "start_position": [3.524643898010254, 2.365107297897339, -11.266797065734863], "start_rotation": [0, 0.46945409722059617, 0, -0.8829568792431457]}