{"episode_id": "10068", "start_position": [-8.006576538085938, 0.03514885902404785, 2.8932547569274902], "start_rotation": [0, 0.7112771300475453, 0, 0.7029116902366379]}