{"episode_id": "26096", "start_position": [12.446653366088867, 0.19309520721435547, -0.9173624515533447], "start_rotation": [0, 0.907869258485278, 0, 0.4192533953319776]}