{"episode_id": "13026", "start_position": [0.8103407621383667, 1.5974199771881104, 2.3313982486724854], "start_rotation": [0, 0.8316904851992601, 0, 0.5552395310395498]}