{"episode_id": "22065", "start_position": [-0.8137974739074707, 0.17635054886341095, 0.5474914312362671], "start_rotation": [0, 0.8888146366058025, 0, 0.4582668892199122]}