{"episode_id": "69160", "start_position": [0.25539737939834595, 0.1719042807817459, -3.7799172401428223], "start_rotation": [0, 0.8389248448760313, 0, -0.5442472826296213]}