{"episode_id": "59238", "start_position": [-2.426649570465088, 3.683565139770508, -3.278517723083496], "start_rotation": [0, 0.41377590822287524, 0, -0.9103787661047102]}