{"episode_id": "36841", "start_position": [5.24119234085083, 0.18128342926502228, 4.203409671783447], "start_rotation": [0, 0.5265490713663753, 0, 0.8501447379377277]}