{"episode_id": "907", "start_position": [1.9877866506576538, 0.18465426564216614, -2.9180588722229004], "start_rotation": [0, 0.9915132560150458, 0, 0.13000562736451887]}