{"episode_id": "24391", "start_position": [4.652993202209473, -2.967862606048584, 0.4179213345050812], "start_rotation": [0, 0.7307312602521878, 0, -0.6826652366205924]}