{"episode_id": "35995", "start_position": [-4.781192302703857, -2.943950891494751, 1.125229001045227], "start_rotation": [0, 0.6722853406148896, 0, -0.7402921185547783]}