{"episode_id": "29603", "start_position": [-7.110841751098633, 0.1672901213169098, 1.6522305011749268], "start_rotation": [0, 0.6839221875607918, 0, 0.7295549611660942]}