{"episode_id": "63644", "start_position": [-14.11077880859375, 0.14771485328674316, 4.626432418823242], "start_rotation": [0, 0.461240872932993, 0, -0.8872749614048684]}