{"episode_id": "26823", "start_position": [0.6011101603507996, 0.17282123863697052, -5.9430952072143555], "start_rotation": [0, 0.025191752338129675, 0, 0.9996826374475724]}