{"episode_id": "19594", "start_position": [-3.292515993118286, 0.23118051886558533, 0.5369524955749512], "start_rotation": [0, 0.09609702518250973, 0, -0.9953719715518777]}