{"episode_id": "33604", "start_position": [-12.745584487915039, 0.14771485328674316, 1.532573938369751], "start_rotation": [0, 0.9901969646201173, 0, 0.13967809870236003]}