{"episode_id": "63188", "start_position": [-1.645411729812622, 0.12324567139148712, -2.3744099140167236], "start_rotation": [0, 0.7453938486205031, 0, -0.6666243398186977]}