{"episode_id": "61409", "start_position": [-4.141334533691406, 0.03514885902404785, -0.9068270325660706], "start_rotation": [0, 0.45145218566587925, 0, -0.8922953121346657]}