{"episode_id": "61395", "start_position": [2.480032444000244, 2.576350688934326, -2.0096442699432373], "start_rotation": [0, 0.019125294250849845, 0, -0.9998170948327592]}