{"episode_id": "16330", "start_position": [-0.8606016635894775, 3.056049346923828, 2.4960947036743164], "start_rotation": [0, 0.0883250584132498, 0, 0.9960917046418447]}