{"episode_id": "41043", "start_position": [-4.220968246459961, 0.17800255119800568, -6.718567371368408], "start_rotation": [0, 0.9748281447176513, 0, -0.22295759297754758]}