{"episode_id": "27437", "start_position": [-0.786672830581665, 0.1649409383535385, 0.22578826546669006], "start_rotation": [0, 0.7286040869004612, 0, -0.6849350951381782]}