{"episode_id": "66946", "start_position": [-0.18278753757476807, 0.12324567139148712, -1.4421749114990234], "start_rotation": [0, 0.8384109837405499, 0, -0.5450385512449585]}