{"episode_id": "54506", "start_position": [-1.950927495956421, 3.056049346923828, -3.2447335720062256], "start_rotation": [0, 0.8447986112610768, 0, 0.5350843918592244]}