{"episode_id": "14864", "start_position": [-1.3344515562057495, 2.7814598083496094, 0.4454643726348877], "start_rotation": [0, 0.9999571101993882, 0, 0.009261628457715805]}