{"episode_id": "32683", "start_position": [7.595972061157227, 0.27245116233825684, -2.765202522277832], "start_rotation": [0, 0.4624850100913415, 0, 0.8866271005562664]}