{"episode_id": "53055", "start_position": [-1.7807000875473022, 0.15964920818805695, 2.403087854385376], "start_rotation": [0, 0.1429303306697731, 0, -0.9897327520975697]}