{"episode_id": "54933", "start_position": [-4.220458507537842, 0.19742000102996826, 15.727901458740234], "start_rotation": [0, 0.9537038052695013, 0, 0.30074748845912763]}