{"episode_id": "13311", "start_position": [-3.230926036834717, 0.17000891268253326, 0.5498206615447998], "start_rotation": [0, 0.7175900802724484, 0, 0.6964657038897042]}