{"episode_id": "57419", "start_position": [4.979793548583984, 0.23213768005371094, -3.9158387184143066], "start_rotation": [0, 0.5804462272807156, 0, 0.8142985799051745]}