{"episode_id": "35309", "start_position": [2.22100567817688, 0.14570780098438263, -1.0249046087265015], "start_rotation": [0, 0.42470935387075026, 0, -0.9053297546942163]}