{"episode_id": "37354", "start_position": [-10.252527236938477, 0.15165157616138458, 8.725987434387207], "start_rotation": [0, 0.6394323724950488, 0, -0.7688473457100267]}