{"episode_id": "21321", "start_position": [-3.0155136585235596, 0.581283450126648, 5.02128267288208], "start_rotation": [0, 0.9632100957816506, 0, 0.26874953280760033]}