{"episode_id": "65456", "start_position": [-7.204424858093262, 0.17923279106616974, 1.847095012664795], "start_rotation": [0, 0.7512664226327372, 0, 0.6599990622907046]}