{"episode_id": "16425", "start_position": [1.8990899324417114, 0.025033235549926758, 0.09272788465023041], "start_rotation": [0, 0.7902831443611456, 0, 0.6127418312296465]}