{"episode_id": "9044", "start_position": [-4.943263053894043, 0.11509490013122559, -1.1677727699279785], "start_rotation": [0, 0.9548661241533187, 0, 0.29703650439705015]}