{"episode_id": "11030", "start_position": [-0.4841475486755371, 0.1514829844236374, 0.20645193755626678], "start_rotation": [0, 0.9680184790052853, 0, 0.2508789036652825]}