{"episode_id": "37074", "start_position": [-4.906056880950928, 0.10155625641345978, -4.70239782333374], "start_rotation": [0, 0.7266847544699268, 0, -0.6869710820849609]}