{"episode_id": "47125", "start_position": [-4.095518112182617, 0.037133216857910156, -0.1581837385892868], "start_rotation": [0, 0.36846706977884175, 0, 0.9296408007873762]}