{"episode_id": "22746", "start_position": [2.1312389373779297, 2.576350688934326, -2.1915688514709473], "start_rotation": [0, 0.5240629275354709, 0, -0.8516795453590228]}