{"episode_id": "16955", "start_position": [4.236780643463135, 1.5974199771881104, 2.3898050785064697], "start_rotation": [0, 0.9310687253654033, 0, 0.3648438414533583]}