{"episode_id": "27509", "start_position": [2.8716001510620117, 0.1887628585100174, 2.9470627307891846], "start_rotation": [0, 0.2619020788752679, 0, -0.9650944518961929]}