{"episode_id": "50849", "start_position": [3.08150053024292, 0.1887628585100174, 3.7465133666992188], "start_rotation": [0, 0.9143710687571391, 0, -0.4048772019019189]}