{"episode_id": "64390", "start_position": [8.147268295288086, 0.19309520721435547, -0.4583245813846588], "start_rotation": [0, 0.9996848703639151, 0, -0.025102987182450524]}