{"episode_id": "31561", "start_position": [-1.0341026782989502, 0.17923279106616974, -0.0719844400882721], "start_rotation": [0, 0.9998701126904556, 0, 0.016117001842019793]}