{"episode_id": "65869", "start_position": [2.428840398788452, 0.1887628585100174, 3.9326887130737305], "start_rotation": [0, 0.5393929542233055, 0, 0.8420541793342369]}