{"episode_id": "22746", "start_position": [-1.6055853366851807, 0.09678955376148224, -3.495037794113159], "start_rotation": [0, 0.7649056060523826, 0, -0.6441423863010703]}