{"episode_id": "40231", "start_position": [-2.5607118606567383, 0.15964920818805695, 3.455662488937378], "start_rotation": [0, 0.6205940655648252, 0, -0.7841320078824237]}