{"episode_id": "39054", "start_position": [-0.2756037712097168, 0.1672901213169098, 6.085482597351074], "start_rotation": [0, 0.6563644841050795, 0, -0.7544439435806167]}