{"episode_id": "40021", "start_position": [5.810083389282227, 0.021137923002243042, 2.6425108909606934], "start_rotation": [0, 0.07067560674033385, 0, 0.9974993526874519]}