{"episode_id": "9425", "start_position": [-2.1645450592041016, 2.7814598083496094, -2.956821918487549], "start_rotation": [0, 0.8328950096831622, 0, 0.5534310280828905]}