{"episode_id": "40507", "start_position": [1.102341890335083, 0.18145985901355743, -4.439356803894043], "start_rotation": [0, 0.9348073638301821, 0, -0.3551551668339707]}