{"episode_id": "39086", "start_position": [-1.686037302017212, 0.17002512514591217, -2.837982654571533], "start_rotation": [0, 0.8633785789977689, 0, -0.5045566661216492]}