{"episode_id": "1623", "start_position": [-5.238621711730957, 0.17702746391296387, 5.271890640258789], "start_rotation": [0, 0.6409062643423127, 0, -0.7676191505732395]}