{"episode_id": "6433", "start_position": [0.23339267075061798, 3.1651172637939453, -0.27267658710479736], "start_rotation": [0, 0.8277034876907723, 0, 0.5611656943047495]}