{"episode_id": "4036", "start_position": [-7.204911231994629, 0.044724658131599426, 7.026690483093262], "start_rotation": [0, 0.9845554835515424, 0, -0.17507284143632468]}