{"episode_id": "55656", "start_position": [-0.7048507928848267, 0.14340916275978088, -2.3901400566101074], "start_rotation": [0, 0.01246943247343326, 0, 0.9999222536046443]}