{"episode_id": "29079", "start_position": [-5.775104522705078, -2.511791467666626, -2.0638391971588135], "start_rotation": [0, 0.7371053027028264, 0, -0.675777901922943]}