{"episode_id": "11444", "start_position": [1.6563894748687744, 0.18463699519634247, 6.674949645996094], "start_rotation": [0, 0.4206230499514651, 0, -0.9072354985611659]}