{"episode_id": "50713", "start_position": [-2.6800079345703125, 0.1649409383535385, 1.1349889039993286], "start_rotation": [0, 0.6781745738568765, 0, -0.7349008418651076]}