{"episode_id": "68313", "start_position": [-8.471939086914062, 0.22155281901359558, 6.915410995483398], "start_rotation": [0, 0.7557824235155404, 0, 0.6548228220709602]}