{"episode_id": "31561", "start_position": [2.099644422531128, 0.18463699519634247, 2.1657748222351074], "start_rotation": [0, 0.5520321269356537, 0, 0.8338228413943206]}