{"episode_id": "4845", "start_position": [-6.174771308898926, -2.511791467666626, 5.780979156494141], "start_rotation": [0, 0.15011370275899238, 0, 0.9886687393884692]}