{"episode_id": "8913", "start_position": [4.775662422180176, 0.18360306322574615, -0.3164210319519043], "start_rotation": [0, 0.3047721380097883, 0, -0.9524252957019477]}