{"episode_id": "38505", "start_position": [-8.79704761505127, 0.14340753853321075, 3.0815649032592773], "start_rotation": [0, 0.9371963755568502, 0, 0.34880216977980993]}