{"episode_id": "41350", "start_position": [8.371826171875, 0.19309520721435547, -3.3048510551452637], "start_rotation": [0, 0.9643802346772051, 0, -0.26451987253123105]}