{"episode_id": "66582", "start_position": [-1.2391926050186157, 0.17282123863697052, 1.596075177192688], "start_rotation": [0, 0.26829267784974475, 0, 0.9633374481521068]}