{"episode_id": "9559", "start_position": [-2.587209463119507, 0.1672901213169098, -2.2503409385681152], "start_rotation": [0, 0.3098915258888194, 0, 0.9507719191174606]}