{"episode_id": "35066", "start_position": [-0.1997668445110321, 0.14570780098438263, -0.5041873455047607], "start_rotation": [0, 0.1786846906046799, 0, -0.9839063885062999]}