{"episode_id": "54655", "start_position": [5.195640563964844, 0.14657917618751526, 13.124068260192871], "start_rotation": [0, 0.9953452732115677, 0, -0.09637316584708377]}