{"episode_id": "20266", "start_position": [-7.536227703094482, 0.14340753853321075, 3.219510555267334], "start_rotation": [0, 0.9644490333532277, 0, -0.264268919973622]}