{"episode_id": "62129", "start_position": [-15.219352722167969, 0.14771485328674316, 1.293703556060791], "start_rotation": [0, 0.729925115152082, 0, -0.6835271218248914]}