{"episode_id": "48669", "start_position": [-2.5440075397491455, -2.2558562755584717, -6.900047302246094], "start_rotation": [0, 0.3663984455419487, 0, -0.9304580480088522]}