{"episode_id": "38893", "start_position": [1.2611316442489624, 3.0807693004608154, -11.510766983032227], "start_rotation": [0, 0.03018659476884781, 0, -0.9995442809081854]}