{"episode_id": "9834", "start_position": [9.21435260772705, 0.19309520721435547, -3.111116886138916], "start_rotation": [0, 0.38295565920449376, 0, 0.9237667254687472]}