{"episode_id": "31357", "start_position": [-2.5066170692443848, 0.15562696754932404, 3.8020687103271484], "start_rotation": [0, 0.5884422242316428, 0, -0.8085392685215215]}