{"episode_id": "48503", "start_position": [-0.2852841019630432, 0.12114477157592773, -2.223963499069214], "start_rotation": [0, 0.3758796443913106, 0, -0.9266684913885126]}