{"episode_id": "17592", "start_position": [0.3704649806022644, 0.18128342926502228, 4.644946575164795], "start_rotation": [0, 0.9883786555163472, 0, 0.15201195123969]}