{"episode_id": "35977", "start_position": [0.12527740001678467, 0.15562696754932404, 3.1969213485717773], "start_rotation": [0, 0.9994871410608712, 0, 0.03202272402476388]}