{"episode_id": "6520", "start_position": [-1.178804874420166, -2.967862606048584, -3.2137036323547363], "start_rotation": [0, 0.3694275691072773, 0, -0.9292595284329819]}