{"episode_id": "24830", "start_position": [-0.3194401264190674, 0.14570780098438263, -0.5618852972984314], "start_rotation": [0, 0.9558858196044239, 0, 0.293738488930509]}