{"episode_id": "22442", "start_position": [-2.5555553436279297, 0.15964920818805695, -0.320514440536499], "start_rotation": [0, 0.06825192255253539, 0, -0.9976681186987397]}