{"episode_id": "41669", "start_position": [-2.5135955810546875, 0.17325729131698608, 4.9541473388671875], "start_rotation": [0, 0.03511859786174865, 0, 0.999383151791256]}