{"episode_id": "55641", "start_position": [-13.978612899780273, 0.14771485328674316, 11.399991035461426], "start_rotation": [0, 0.6763575141008247, 0, 0.7365734947168224]}