{"episode_id": "38505", "start_position": [-1.0355931520462036, 2.365107297897339, -6.291791915893555], "start_rotation": [0, 0.9701613090401233, 0, 0.24246037705479717]}