{"episode_id": "31372", "start_position": [-3.463663339614868, -2.967862606048584, -3.35750150680542], "start_rotation": [0, 0.7352503115575882, 0, -0.6777956767009283]}