{"episode_id": "67095", "start_position": [-1.0608315467834473, -2.374966859817505, -6.599691867828369], "start_rotation": [0, 0.9988661432018123, 0, -0.047607015923458916]}