{"episode_id": "39960", "start_position": [13.798832893371582, 0.19309520721435547, -0.19827428460121155], "start_rotation": [0, 0.011498371705280232, 0, -0.9999338915388993]}