{"episode_id": "46868", "start_position": [-5.877708435058594, 0.17923279106616974, 5.066053867340088], "start_rotation": [0, 0.6212900098125936, 0, 0.7835807065689324]}