{"episode_id": "68423", "start_position": [0.30910035967826843, 1.662041425704956, -6.092340469360352], "start_rotation": [0, 0.847565947086229, 0, -0.5306900840790448]}