{"episode_id": "32505", "start_position": [-4.185667037963867, 0.17800255119800568, -6.840342998504639], "start_rotation": [0, 0.883774808035817, 0, 0.46791247972377786]}