{"episode_id": "26565", "start_position": [2.4260902404785156, 0.014962434768676758, 4.053304195404053], "start_rotation": [0, 0.3992196932299169, 0, -0.9168552974910551]}