{"episode_id": "62444", "start_position": [-15.85470199584961, -2.852285146713257, 14.850385665893555], "start_rotation": [0, 0.9339456944275373, 0, -0.3574149407345267]}