{"episode_id": "46341", "start_position": [-0.15519383549690247, 0.17282123863697052, -1.0291110277175903], "start_rotation": [0, 0.3965735270207502, 0, -0.9180029616871191]}