{"episode_id": "5420", "start_position": [-0.2213897854089737, 0.16243858635425568, -0.5331010818481445], "start_rotation": [0, 0.9207546808580938, 0, 0.3901420480772484]}