{"episode_id": "57109", "start_position": [-4.428999900817871, 0.17949719727039337, 3.152404308319092], "start_rotation": [0, 0.5927182855808468, 0, 0.8054098546318524]}