{"episode_id": "37435", "start_position": [-3.5168957710266113, 0.1649409383535385, -1.5138698816299438], "start_rotation": [0, 0.795264701565608, 0, 0.6062623643636181]}