{"episode_id": "29297", "start_position": [-9.021101951599121, 3.683565139770508, -7.041483402252197], "start_rotation": [0, 0.3162116839800544, 0, -0.9486886585779859]}