{"episode_id": "58037", "start_position": [-11.684850692749023, 0.062041521072387695, -0.9917832016944885], "start_rotation": [0, 0.6037126265372215, 0, 0.7972020224256392]}