{"episode_id": "47581", "start_position": [-3.7748568058013916, 0.1761057823896408, 2.1140544414520264], "start_rotation": [0, 0.8548954655145024, 0, 0.5188002920611574]}