{"episode_id": "32918", "start_position": [-2.1666910648345947, 0.16646166145801544, 0.9780047535896301], "start_rotation": [0, 0.948882104231989, 0, 0.3156307213632297]}