{"episode_id": "14774", "start_position": [1.9129853248596191, 0.14570780098438263, -0.5225730538368225], "start_rotation": [0, 0.38355446642979935, 0, 0.9235182571458737]}