{"episode_id": "10296", "start_position": [-6.905143737792969, 0.17000891268253326, 0.49055594205856323], "start_rotation": [0, 0.8562984112780894, 0, -0.516481394478659]}