{"episode_id": "67148", "start_position": [1.1809594631195068, 0.15289896726608276, -4.910573482513428], "start_rotation": [0, 0.8473748413463315, 0, 0.5309951772410739]}