{"episode_id": "54068", "start_position": [-4.515065670013428, 3.0674214363098145, -2.836968421936035], "start_rotation": [0, 0.41800861641747167, 0, 0.9084430618375325]}