{"episode_id": "8086", "start_position": [-4.343729019165039, 0.08820843696594238, 1.3654146194458008], "start_rotation": [0, 0.015231478390684639, 0, -0.9998839943043564]}