{"episode_id": "8387", "start_position": [-2.9988934993743896, 0.15839481353759766, 0.06242683529853821], "start_rotation": [0, 0.9403434070023224, 0, 0.34022680215889]}