{"episode_id": "25942", "start_position": [-5.15665864944458, 3.683565139770508, -6.172844409942627], "start_rotation": [0, 0.012859856756261856, 0, 0.9999173086231723]}