{"episode_id": "47112", "start_position": [-5.00407600402832, 3.683565139770508, 1.3326687812805176], "start_rotation": [0, 0.6398384497676965, 0, -0.7685094392386282]}