{"episode_id": "55869", "start_position": [-0.014181137084960938, 0.09678955376148224, -0.4697621762752533], "start_rotation": [0, 0.6156521828345598, 0, -0.7880180136082181]}