{"episode_id": "21421", "start_position": [-7.9534912109375, 0.15165157616138458, 6.837121963500977], "start_rotation": [0, 0.01592134843183551, 0, 0.9998732472989325]}