{"episode_id": "51162", "start_position": [0.6276634335517883, 0.18463699519634247, 1.6555055379867554], "start_rotation": [0, 0.5629487429902317, 0, 0.8264918104650028]}