{"episode_id": "404", "start_position": [-6.51444673538208, 0.044724658131599426, 5.34511661529541], "start_rotation": [0, 0.9130537317269544, 0, -0.4078392857235345]}