{"episode_id": "6159", "start_position": [-1.5345327854156494, 0.17949719727039337, 1.1137170791625977], "start_rotation": [0, 0.9725237705381228, 0, 0.23280359906649375]}