{"episode_id": "60120", "start_position": [0.44117414951324463, 0.032137393951416016, 3.1841728687286377], "start_rotation": [0, 0.8624071885364788, 0, 0.5062152122967131]}