{"episode_id": "57107", "start_position": [-2.621873140335083, 0.29187214374542236, 0.14690428972244263], "start_rotation": [0, 0.9466388879065214, 0, 0.3222961617877327]}