{"episode_id": "45521", "start_position": [-1.8692188262939453, 0.1662864238023758, -1.0647104978561401], "start_rotation": [0, 0.658217852854899, 0, -0.752827508917605]}