{"episode_id": "68311", "start_position": [0.9499300718307495, 2.365107297897339, -1.2303484678268433], "start_rotation": [0, 0.7777776890824137, 0, -0.6285394708096065]}