{"episode_id": "35227", "start_position": [-0.6281858086585999, 0.18463699519634247, 4.688634872436523], "start_rotation": [0, 0.9999124969336264, 0, -0.013228698951926644]}