{"episode_id": "31102", "start_position": [-1.7309303283691406, -2.511791467666626, 4.183249473571777], "start_rotation": [0, 0.8211268738340761, 0, -0.5707457026272534]}