{"episode_id": "21598", "start_position": [-3.271387815475464, 0.18321557343006134, -1.4995288848876953], "start_rotation": [0, 0.5814231707693468, 0, -0.8136013129859851]}