{"episode_id": "44505", "start_position": [-1.1679039001464844, 0.14340916275978088, -6.38144588470459], "start_rotation": [0, 0.7856731746311946, 0, -0.6186417886507025]}