{"episode_id": "40861", "start_position": [-1.6546788215637207, 0.14657917618751526, 0.11304310709238052], "start_rotation": [0, 0.6471796968903355, 0, -0.7623374842764414]}