{"episode_id": "57323", "start_position": [-3.6854279041290283, -2.511791467666626, 3.998624563217163], "start_rotation": [0, 0.9995144023054646, 0, 0.031160224388631582]}