{"episode_id": "17053", "start_position": [-1.9737391471862793, 0.15562696754932404, 0.9479885101318359], "start_rotation": [0, 0.9482454957293702, 0, -0.31753815491836707]}