{"episode_id": "65992", "start_position": [-1.3604155778884888, 0.0701034814119339, 5.8671979904174805], "start_rotation": [0, 0.28703041926397027, 0, -0.9579214677713145]}