{"episode_id": "55209", "start_position": [-14.60296630859375, 0.14771485328674316, 17.00859832763672], "start_rotation": [0, 0.9349738560041211, 0, -0.35471663139580156]}