{"episode_id": "41072", "start_position": [-5.082199573516846, 1.5974199771881104, 0.21497927606105804], "start_rotation": [0, 0.9955615298467887, 0, 0.09411291244628245]}