{"episode_id": "48979", "start_position": [-4.106715679168701, 0.12324567139148712, -1.0166937112808228], "start_rotation": [0, 0.9880481793063892, 0, 0.1541453708981533]}