{"episode_id": "43761", "start_position": [-6.21299934387207, 0.17282123863697052, 3.107196807861328], "start_rotation": [0, 0.43910080426801057, 0, -0.8984378017933051]}