{"episode_id": "45195", "start_position": [4.419519424438477, 0.014962434768676758, -0.30496132373809814], "start_rotation": [0, 0.913598382726124, 0, 0.4066177505719722]}