{"episode_id": "29113", "start_position": [3.5203123092651367, 0.18321557343006134, -2.580784797668457], "start_rotation": [0, 0.277152836108277, 0, -0.960825845529323]}