{"episode_id": "45938", "start_position": [-3.317112684249878, 0.581283450126648, 5.275929927825928], "start_rotation": [0, 0.5137107551915261, 0, 0.8579634374497273]}