{"episode_id": "48001", "start_position": [-7.420717239379883, 0.062041521072387695, -0.23149409890174866], "start_rotation": [0, 0.6335933025110123, 0, 0.7736662891797658]}