{"episode_id": "5989", "start_position": [0.6320562362670898, 0.0701034814119339, 3.5042724609375], "start_rotation": [0, 0.6606944640877647, 0, -0.7506549307929586]}