{"episode_id": "35955", "start_position": [0.6682045459747314, 1.662041425704956, 0.2053622603416443], "start_rotation": [0, 0.7638093226630162, 0, -0.6454419560371517]}