{"episode_id": "21539", "start_position": [-6.534542083740234, 0.12324567139148712, -4.1612162590026855], "start_rotation": [0, 0.8891228677346171, 0, 0.4576685766702479]}