{"episode_id": "5661", "start_position": [-0.4883531928062439, 0.1672901213169098, 2.517000198364258], "start_rotation": [0, 0.46167721616418494, 0, 0.8870479964888531]}