{"episode_id": "63778", "start_position": [-6.425775527954102, 0.16511733829975128, -1.5248816013336182], "start_rotation": [0, 0.02505325198673908, 0, 0.9996861180214963]}