{"episode_id": "43863", "start_position": [-7.754462242126465, 0.15165157616138458, -0.39694690704345703], "start_rotation": [0, 0.7500865459755567, 0, 0.6613396809102408]}