{"episode_id": "21745", "start_position": [1.5102646350860596, 0.15964920818805695, -0.43050718307495117], "start_rotation": [0, 0.851629052018122, 0, 0.5241449778054873]}