{"episode_id": "9795", "start_position": [-0.16456246376037598, 0.1751515418291092, -2.083404064178467], "start_rotation": [0, 0.8588925656288003, 0, -0.5121557972995882]}