{"episode_id": "36658", "start_position": [-2.708899974822998, 0.17923279106616974, 3.716890811920166], "start_rotation": [0, 0.07764817325949054, 0, 0.9969808228794895]}