{"episode_id": "47799", "start_position": [5.99211311340332, 0.17646045982837677, -6.657322406768799], "start_rotation": [0, 0.8968872256605135, 0, 0.4422593181008029]}