{"episode_id": "1020", "start_position": [-3.836376667022705, 0.17702746391296387, 0.2314002513885498], "start_rotation": [0, 0.4799357891530227, 0, 0.8773036180764704]}