{"episode_id": "16893", "start_position": [-2.417617082595825, 0.17923279106616974, 4.991384506225586], "start_rotation": [0, 0.047662634705988076, 0, 0.9988634907998608]}