{"episode_id": "51520", "start_position": [-0.20628754794597626, 0.14570780098438263, -1.642172932624817], "start_rotation": [0, 0.08965326876101772, 0, 0.9959730374866905]}