{"episode_id": "56673", "start_position": [-0.9020439386367798, -2.2229726314544678, 7.769935607910156], "start_rotation": [0, 0.9046196638557722, 0, 0.4262197364804564]}