{"episode_id": "59441", "start_position": [0.1673409640789032, 0.14340916275978088, -5.7853240966796875], "start_rotation": [0, 0.8960670726907137, 0, 0.4439186876439144]}