{"episode_id": "24355", "start_position": [-0.5330951809883118, 3.0807693004608154, -4.164229869842529], "start_rotation": [0, 0.8460442014621099, 0, -0.5331127546517161]}