{"episode_id": "53965", "start_position": [2.209395408630371, 0.18463699519634247, 1.5290093421936035], "start_rotation": [0, 0.47743691677431777, 0, -0.8786660289899872]}