{"episode_id": "39637", "start_position": [-3.9249486923217773, 0.1005861759185791, -2.332792043685913], "start_rotation": [0, 0.6595249745852361, 0, -0.7516826510558453]}