{"episode_id": "6633", "start_position": [-0.3584291934967041, 0.08356514573097229, 1.2745290994644165], "start_rotation": [0, 0.4337884955446424, 0, -0.9010147285883376]}