{"episode_id": "55376", "start_position": [0.6452348232269287, 0.0701034814119339, 2.668578863143921], "start_rotation": [0, 0.7479582921418673, 0, 0.6637457293393465]}