{"episode_id": "66799", "start_position": [0.7010400295257568, 0.021137923002243042, -0.146213561296463], "start_rotation": [0, 0.12272278530836105, 0, 0.9924409896644525]}