{"episode_id": "10031", "start_position": [-17.63249397277832, 0.19700729846954346, -3.8273184299468994], "start_rotation": [0, 0.0024919228465522143, 0, 0.9999968951554434]}