{"episode_id": "16650", "start_position": [3.982034206390381, 0.18321557343006134, -0.49986717104911804], "start_rotation": [0, 0.9675387483995964, 0, 0.25272271434388816]}