{"episode_id": "19679", "start_position": [2.5013556480407715, 0.18128342926502228, 1.0779261589050293], "start_rotation": [0, 0.21755150824772987, 0, -0.9760488416360822]}