{"episode_id": "63648", "start_position": [-1.7976207733154297, 0.1751515418291092, 0.6634328365325928], "start_rotation": [0, 0.5669947992682591, 0, 0.8237213713403013]}