{"episode_id": "17869", "start_position": [-9.376832008361816, 3.1434075832366943, -1.6871321201324463], "start_rotation": [0, 0.9798938837734245, 0, -0.19951936383076846]}