{"episode_id": "59510", "start_position": [0.8029400706291199, 0.15165157616138458, 2.931814670562744], "start_rotation": [0, 0.46217121936258915, 0, 0.8867907103668247]}