{"episode_id": "58893", "start_position": [4.261616230010986, 0.18321557343006134, -1.940824031829834], "start_rotation": [0, 0.06228151130741425, 0, 0.9980586222007525]}