{"episode_id": "3990", "start_position": [-0.9904507398605347, 0.12194900214672089, -0.08034884929656982], "start_rotation": [0, 0.9551989874148832, 0, -0.2959643465716468]}