{"episode_id": "32330", "start_position": [-5.438357353210449, 0.17646045982837677, -4.058900356292725], "start_rotation": [0, 0.7418746969201022, 0, -0.6705385403313567]}