{"episode_id": "24782", "start_position": [-0.4896582067012787, 0.014962434768676758, 6.604067802429199], "start_rotation": [0, 0.6684875359968315, 0, 0.7437233452143914]}