{"episode_id": "44369", "start_position": [1.2604995965957642, 0.14570780098438263, -0.42798420786857605], "start_rotation": [0, 0.9968570117638912, 0, 0.07922182841341982]}