{"episode_id": "46868", "start_position": [-1.8802881240844727, 0.09941074252128601, -6.402558326721191], "start_rotation": [0, 0.690174140327416, 0, 0.7236433209968239]}