{"episode_id": "35656", "start_position": [-0.7968972325325012, 0.025033235549926758, -4.041387557983398], "start_rotation": [0, 0.7079873213536456, 0, -0.7062251431395584]}