{"episode_id": "50195", "start_position": [-2.9521872997283936, 0.1672901213169098, 0.04694709926843643], "start_rotation": [0, 0.9612794566970828, 0, 0.2755754091572055]}