{"episode_id": "8499", "start_position": [3.855884552001953, 0.18321557343006134, -0.9035741686820984], "start_rotation": [0, 0.08143623059062431, 0, 0.9966785541724025]}