{"episode_id": "55091", "start_position": [-1.876738429069519, 0.17702746391296387, 3.343008279800415], "start_rotation": [0, 0.5741403486803983, 0, -0.8187568992180467]}