{"episode_id": "57224", "start_position": [5.787862300872803, 0.16646166145801544, 0.03063666820526123], "start_rotation": [0, 0.9924337123871819, 0, -0.12278162125251574]}