{"episode_id": "43642", "start_position": [0.5356487035751343, 1.904968500137329, -8.308128356933594], "start_rotation": [0, 0.9949848560674519, 0, 0.10002567768544278]}