{"episode_id": "38626", "start_position": [2.7064108848571777, 0.14721840620040894, -0.6149705052375793], "start_rotation": [0, 0.8819965724389384, 0, 0.4712558182197484]}