{"episode_id": "67466", "start_position": [-1.7901579141616821, 0.15165157616138458, 3.7207980155944824], "start_rotation": [0, 0.8697338645524454, 0, 0.49352102776950507]}