{"episode_id": "67138", "start_position": [-1.9022629261016846, 0.1751515418291092, -2.3870832920074463], "start_rotation": [0, 0.07926947510852868, 0, -0.9968532240585964]}