{"episode_id": "27947", "start_position": [0.7965266108512878, 0.16511733829975128, -0.3584154546260834], "start_rotation": [0, 0.6115006171387841, 0, 0.7912439543142722]}