{"episode_id": "36833", "start_position": [0.33914828300476074, 2.7814598083496094, 0.8041452765464783], "start_rotation": [0, 0.9319122282712361, 0, 0.36268388273886604]}