{"episode_id": "26660", "start_position": [-3.8920698165893555, -6.767862796783447, 6.824563026428223], "start_rotation": [0, 0.9266152815419579, 0, 0.37601079773447743]}