{"episode_id": "56174", "start_position": [1.0820486545562744, 0.08076925575733185, -7.098748683929443], "start_rotation": [0, 0.9556259431646111, 0, -0.29458285209894236]}