{"episode_id": "31788", "start_position": [-1.887732744216919, 0.16243858635425568, 0.726899266242981], "start_rotation": [0, 0.7504733848356298, 0, 0.6609006723051148]}