{"episode_id": "23948", "start_position": [-5.266143321990967, -2.511791467666626, 3.6064467430114746], "start_rotation": [0, 0.9052682993521024, 0, -0.4248403302279015]}