{"episode_id": "36046", "start_position": [-2.9774062633514404, 0.044724658131599426, 1.002708077430725], "start_rotation": [0, 0.6802212155733356, 0, 0.7330068880194331]}