{"episode_id": "67261", "start_position": [6.149110317230225, 0.17646045982837677, -6.893645763397217], "start_rotation": [0, 0.9185483083454417, 0, -0.39530874672302346]}