{"episode_id": "66360", "start_position": [2.37861704826355, 0.16243858635425568, -1.0427511930465698], "start_rotation": [0, 0.4458477179672602, 0, 0.8951088271173435]}