{"episode_id": "3881", "start_position": [-11.232211112976074, -2.852285146713257, 11.816073417663574], "start_rotation": [0, 0.35662294388032145, 0, 0.9342484016031994]}