{"episode_id": "64388", "start_position": [-3.824659585952759, 0.18145985901355743, -4.352184295654297], "start_rotation": [0, 0.4329296946259717, 0, 0.9014276895630968]}