{"episode_id": "33240", "start_position": [-0.66670161485672, 0.1751515418291092, -2.7182018756866455], "start_rotation": [0, 0.16834883606387682, 0, 0.9857274823174699]}