{"episode_id": "35915", "start_position": [-6.9596099853515625, 0.08820843696594238, 4.736220359802246], "start_rotation": [0, 0.9998614602791333, 0, 0.016645126868822295]}