{"episode_id": "21214", "start_position": [-4.576807498931885, 0.15562696754932404, -0.9468819499015808], "start_rotation": [0, 0.22790892827286452, 0, -0.9736824535820261]}