{"episode_id": "18146", "start_position": [-2.3041462898254395, 0.1751515418291092, -0.21885833144187927], "start_rotation": [0, 0.8793148742781409, 0, 0.47624085489720147]}