{"episode_id": "62851", "start_position": [-0.5870079398155212, 0.23514866828918457, 8.965269088745117], "start_rotation": [0, 0.6255879110458313, 0, -0.7801536807279147]}