{"episode_id": "23057", "start_position": [-1.2709184885025024, 2.7775766849517822, -2.3077588081359863], "start_rotation": [0, 0.6070729745777377, 0, 0.7946460869703804]}