{"episode_id": "41091", "start_position": [-1.2196996212005615, 0.15964920818805695, 4.454415321350098], "start_rotation": [0, 0.9909696844264922, 0, 0.13408610870503468]}