{"episode_id": "22323", "start_position": [-0.33234405517578125, 0.18321557343006134, -8.922820091247559], "start_rotation": [0, 0.6731291859080195, 0, 0.7395249144408909]}