{"episode_id": "62613", "start_position": [2.509190082550049, 0.08356514573097229, 1.3530925512313843], "start_rotation": [0, 0.829207055576457, 0, 0.5589415523847037]}