{"episode_id": "46286", "start_position": [4.812702655792236, 0.1887628585100174, -1.0239007472991943], "start_rotation": [0, 0.2654231183356477, 0, -0.9641320284343741]}