{"episode_id": "56195", "start_position": [0.8503722548484802, 0.17970331013202667, -2.6775221824645996], "start_rotation": [0, 0.535896353069751, 0, 0.8442837785759838]}