{"episode_id": "18957", "start_position": [3.6517364978790283, 1.5974199771881104, -0.9395719766616821], "start_rotation": [0, 0.9379990841879948, 0, -0.34663773317756824]}