{"episode_id": "66441", "start_position": [-0.25106948614120483, 0.14657917618751526, 1.038385272026062], "start_rotation": [0, 0.8961790051856038, 0, -0.44369267591942685]}