{"episode_id": "17326", "start_position": [-1.9567502737045288, -3.206904888153076, -2.1396450996398926], "start_rotation": [0, 0.37095418904554356, 0, 0.9286511668164549]}