{"episode_id": "31372", "start_position": [-6.221247673034668, 0.08076925575733185, -8.079818725585938], "start_rotation": [0, 0.8814046427041486, 0, -0.47236199658691]}