{"episode_id": "40464", "start_position": [-7.065825462341309, 0.044724658131599426, 4.48792839050293], "start_rotation": [0, 0.08508656510283709, 0, -0.9963735626957395]}