{"episode_id": "8675", "start_position": [2.2853405475616455, 0.17800255119800568, -0.3231467008590698], "start_rotation": [0, 0.5764479028224605, 0, 0.8171339029385497]}