{"episode_id": "5319", "start_position": [-1.5998624563217163, 2.365107297897339, -4.6266303062438965], "start_rotation": [0, 0.8782387189507358, 0, 0.47822249271209566]}