{"episode_id": "32963", "start_position": [0.22239524126052856, 0.1751515418291092, 2.5072319507598877], "start_rotation": [0, 0.9612469352249132, 0, -0.27568882734110134]}