{"episode_id": "27449", "start_position": [2.228026866912842, 0.18463699519634247, -0.9568651914596558], "start_rotation": [0, 0.9752946661447786, 0, -0.22090793147722196]}