{"episode_id": "24746", "start_position": [-1.2187647819519043, -2.967862606048584, 3.391491651535034], "start_rotation": [0, 0.9150983247329958, 0, -0.4032307727230953]}