{"episode_id": "39575", "start_position": [-1.3299592733383179, 0.17800255119800568, 2.474652051925659], "start_rotation": [0, 0.1241591680826563, 0, -0.9922623146028587]}