{"episode_id": "15880", "start_position": [-7.757889747619629, 0.15165157616138458, 5.830559730529785], "start_rotation": [0, 0.2224381787361425, 0, -0.9749467968256257]}