{"episode_id": "58570", "start_position": [-0.507727861404419, 0.16646166145801544, -1.6464338302612305], "start_rotation": [0, 0.998693663263734, 0, 0.0510976218317792]}