{"episode_id": "44857", "start_position": [1.7902635335922241, 0.08356514573097229, -1.303655982017517], "start_rotation": [0, 0.9994482281360433, 0, 0.033215045923851]}