{"episode_id": "38853", "start_position": [-4.320566654205322, 0.12114477157592773, -7.320067882537842], "start_rotation": [0, 0.8949034862486217, 0, -0.44625973412359643]}