{"episode_id": "21992", "start_position": [7.311870574951172, 0.17970331013202667, -2.3261375427246094], "start_rotation": [0, 0.5064311122237553, 0, 0.8622804233958986]}