{"episode_id": "30760", "start_position": [-3.0179455280303955, 0.10841822624206543, 5.738559722900391], "start_rotation": [0, 0.4301354013363365, 0, -0.9027643859375649]}