{"episode_id": "2667", "start_position": [1.793826937675476, -2.943950891494751, 1.0987869501113892], "start_rotation": [0, 0.6889099613862381, 0, -0.724846925290307]}