{"episode_id": "24780", "start_position": [-3.2781753540039062, 0.17635054886341095, 0.7627485394477844], "start_rotation": [0, 0.6680172465264077, 0, -0.7441457910539283]}