{"episode_id": "38888", "start_position": [-1.9933502674102783, 0.12194900214672089, 0.5009722113609314], "start_rotation": [0, 0.23626974892455535, 0, -0.9716875041612543]}