{"episode_id": "67950", "start_position": [-7.67665433883667, 0.17635054886341095, -2.4383723735809326], "start_rotation": [0, 0.6651229712627534, 0, -0.7467338435470877]}