{"episode_id": "38968", "start_position": [3.3181698322296143, 0.15289896726608276, 1.5144824981689453], "start_rotation": [0, 0.929002495609549, 0, -0.37007345642619377]}