{"episode_id": "12456", "start_position": [-8.684657096862793, 0.17000891268253326, -0.08643398433923721], "start_rotation": [0, 0.965118345854489, 0, 0.2618140150853177]}