{"episode_id": "51991", "start_position": [3.5507912635803223, 0.014962434768676758, 8.595197677612305], "start_rotation": [0, 0.9257787965875215, 0, -0.37806562894418266]}