{"episode_id": "18629", "start_position": [-4.826773643493652, 0.17000891268253326, -1.9481470584869385], "start_rotation": [0, 0.9884734294881257, 0, 0.15139444902632176]}