{"episode_id": "36159", "start_position": [0.12438063323497772, 0.18321557343006134, -9.01965618133545], "start_rotation": [0, 0.9934398591162811, 0, 0.11435578830572377]}