{"episode_id": "53472", "start_position": [7.082622528076172, 0.05604910850524902, 2.754969358444214], "start_rotation": [0, 0.6864593960672205, 0, 0.7271681356818566]}