{"episode_id": "48260", "start_position": [3.1817054748535156, 0.16511733829975128, 1.5898921489715576], "start_rotation": [0, 0.6985189355523096, 0, -0.7155915711317933]}