{"episode_id": "57184", "start_position": [-3.4617319107055664, 0.17282123863697052, -1.0530472993850708], "start_rotation": [0, 0.9384673313010683, 0, -0.3453680183234268]}