{"episode_id": "26197", "start_position": [-4.308626651763916, 0.17949719727039337, 9.246194839477539], "start_rotation": [0, 0.3790869469848818, 0, 0.9253610574395712]}