{"episode_id": "61425", "start_position": [-4.5269670486450195, -3.206904888153076, -2.4854464530944824], "start_rotation": [0, 0.787300947175654, 0, 0.6165689082140925]}