{"episode_id": "19125", "start_position": [-1.2746243476867676, 0.12194900214672089, 0.23934192955493927], "start_rotation": [0, 0.7765934573948917, 0, 0.6300020650215747]}