{"episode_id": "18353", "start_position": [-5.6904191970825195, 0.15165157616138458, 8.578115463256836], "start_rotation": [0, 0.9798247918918299, 0, 0.19985839285387066]}