{"episode_id": "34471", "start_position": [-1.767408013343811, 0.1649409383535385, -1.8481255769729614], "start_rotation": [0, 0.9931435277056583, 0, 0.11690138312423966]}