{"episode_id": "13311", "start_position": [0.572984516620636, 0.15289896726608276, -0.38486671447753906], "start_rotation": [0, 0.07879385564867321, 0, -0.9968909310009877]}