{"episode_id": "41862", "start_position": [-6.493297576904297, 0.16511733829975128, -1.2328853607177734], "start_rotation": [0, 0.7445673680307969, 0, -0.6675473275084635]}