{"episode_id": "42005", "start_position": [-5.599910736083984, 0.08076925575733185, -3.359623670578003], "start_rotation": [0, 0.8551363668121742, 0, 0.5184031193533414]}