{"episode_id": "30754", "start_position": [-3.845806837081909, 0.1649409383535385, 0.7491316199302673], "start_rotation": [0, 0.9890695091656876, 0, 0.1474500119998157]}