{"episode_id": "13608", "start_position": [0.7362657785415649, 0.16373059153556824, 0.3213459849357605], "start_rotation": [0, 0.25923245805231093, 0, 0.965814957790651]}