{"episode_id": "42756", "start_position": [9.468598365783691, 0.14657917618751526, 13.830028533935547], "start_rotation": [0, 0.41480871141245984, 0, 0.9099086398844307]}