{"episode_id": "14396", "start_position": [-9.729555130004883, 0.14340753853321075, -1.5992001295089722], "start_rotation": [0, 0.9025542360044227, 0, -0.4305761849783065]}