{"episode_id": "47750", "start_position": [0.9581034183502197, 0.17970331013202667, -2.1193528175354004], "start_rotation": [0, 0.004764718877485746, 0, -0.9999886486625829]}