{"episode_id": "32335", "start_position": [4.904087066650391, 1.5974199771881104, 0.6170880794525146], "start_rotation": [0, 0.15734756394388186, 0, 0.9875432872137434]}