{"episode_id": "30760", "start_position": [4.604865074157715, 0.014962434768676758, 5.351802825927734], "start_rotation": [0, 0.9998985952847698, 0, -0.01424075656502489]}