{"episode_id": "6633", "start_position": [-2.4901928901672363, 0.04367774352431297, -1.3971079587936401], "start_rotation": [0, 0.28729373018703436, 0, -0.9578425301662166]}