{"episode_id": "52923", "start_position": [0.20006190240383148, 0.17002512514591217, -5.791675567626953], "start_rotation": [0, 0.8656783322016552, 0, 0.5006006643588885]}