{"episode_id": "63644", "start_position": [2.954550266265869, 2.365107297897339, -3.33488392829895], "start_rotation": [0, 0.5665687478765951, 0, 0.8240144743446848]}