{"episode_id": "58463", "start_position": [-9.881309509277344, 0.23514866828918457, 1.5122804641723633], "start_rotation": [0, 0.9705281602215785, 0, 0.24098773872734264]}