{"episode_id": "27181", "start_position": [-6.833526611328125, 0.20017647743225098, -1.4449139833450317], "start_rotation": [0, 0.2686665191395905, 0, 0.9632332539387415]}