{"episode_id": "15975", "start_position": [-0.9688416123390198, 0.15562696754932404, 0.8043293952941895], "start_rotation": [0, 0.5802546830602062, 0, 0.8144350819965331]}