{"episode_id": "6615", "start_position": [2.799499273300171, 0.15964920818805695, 2.0256924629211426], "start_rotation": [0, 0.13656280266389348, 0, 0.990631415274411]}