{"episode_id": "8483", "start_position": [0.2384723424911499, 0.19660791754722595, 7.148056983947754], "start_rotation": [0, 0.1545970075544915, 0, 0.9879776137419292]}