{"episode_id": "67190", "start_position": [4.436404228210449, 0.18360306322574615, 0.7374608516693115], "start_rotation": [0, 0.14959135567916823, 0, -0.9887479083700095]}