{"episode_id": "2674", "start_position": [0.24146224558353424, 0.12324567139148712, 1.2220661640167236], "start_rotation": [0, 0.24249150442311668, 0, -0.9701535292326744]}