{"episode_id": "63076", "start_position": [-2.197789192199707, 0.17282123863697052, -1.8487203121185303], "start_rotation": [0, 0.8055180414356442, 0, -0.5925712488145909]}