{"episode_id": "10168", "start_position": [-0.460870623588562, 0.1751515418291092, -2.5990047454833984], "start_rotation": [0, 0.376004224975872, 0, 0.9266179486715622]}