{"episode_id": "16303", "start_position": [-3.739896059036255, 0.12114477157592773, -5.63526725769043], "start_rotation": [0, 0.06541256023151691, 0, -0.9978583050533568]}