{"episode_id": "4592", "start_position": [-5.471899032592773, 3.400176525115967, -0.4714837670326233], "start_rotation": [0, 0.4094529019429361, 0, 0.9123312562279714]}