{"episode_id": "43804", "start_position": [0.24105416238307953, 0.1662864238023758, -1.3980791568756104], "start_rotation": [0, 0.780193251790999, 0, -0.6255385598504595]}