{"episode_id": "27181", "start_position": [0.5325964689254761, 0.15964920818805695, 1.136023759841919], "start_rotation": [0, 0.8301685662559244, 0, -0.5575124676638028]}