{"episode_id": "62444", "start_position": [-9.527541160583496, 0.14340753853321075, 1.0833168029785156], "start_rotation": [0, 0.6178858797194219, 0, 0.7862677913048175]}