{"episode_id": "39988", "start_position": [8.71382999420166, 0.5797033309936523, -0.014888521283864975], "start_rotation": [0, 0.9918710842815235, 0, 0.12724681593735465]}