{"episode_id": "44943", "start_position": [-3.6748571395874023, 0.1649409383535385, -0.7469374537467957], "start_rotation": [0, 0.8479133350897622, 0, -0.5301348660265203]}