{"episode_id": "3136", "start_position": [2.401607036590576, 3.683565139770508, -8.729761123657227], "start_rotation": [0, 0.9928078046619478, 0, 0.11971910040726048]}