{"episode_id": "54794", "start_position": [0.7936894297599792, 0.17702746391296387, -0.6921184062957764], "start_rotation": [0, 0.29869842074662406, 0, -0.9543475537997007]}