{"episode_id": "22440", "start_position": [-1.989157795906067, 0.12194900214672089, 0.07271799445152283], "start_rotation": [0, 0.39290925974128066, 0, 0.9195772472226348]}