{"episode_id": "68275", "start_position": [3.7631587982177734, 0.18128342926502228, 4.561380863189697], "start_rotation": [0, 0.9853616359309716, 0, 0.17047711411048497]}