{"episode_id": "17932", "start_position": [0.25481629371643066, 0.17970331013202667, -2.486311674118042], "start_rotation": [0, 0.9987981105647632, 0, -0.0490136137441333]}