{"episode_id": "49875", "start_position": [-0.07222284376621246, 0.12194900214672089, 0.5696353912353516], "start_rotation": [0, 0.4763704343332792, 0, -0.8792446811287077]}