{"episode_id": "16794", "start_position": [-0.11815118789672852, 0.021137923002243042, 3.9698758125305176], "start_rotation": [0, 0.4371328886310828, 0, 0.8993969299908942]}