{"episode_id": "21214", "start_position": [-0.470771461725235, 0.1672901213169098, 2.104959487915039], "start_rotation": [0, 0.30355467337214675, 0, -0.9528140218709679]}