{"episode_id": "54741", "start_position": [-3.434201717376709, 0.1649409383535385, -0.8879532814025879], "start_rotation": [0, 0.9740733407126115, 0, -0.22623246211137046]}