{"episode_id": "6493", "start_position": [-3.3185527324676514, -0.9379585385322571, -0.2183937132358551], "start_rotation": [0, 0.9799182052637208, 0, 0.19939987711312296]}