{"episode_id": "25337", "start_position": [1.2445638179779053, 0.18360306322574615, -3.7279367446899414], "start_rotation": [0, 0.6413472770632317, 0, -0.7672507218657916]}