{"episode_id": "17326", "start_position": [-7.829197883605957, 0.08820843696594238, 5.4159159660339355], "start_rotation": [0, 0.9410943637021998, 0, -0.3381440500850957]}