{"episode_id": "22082", "start_position": [2.5899643898010254, 0.08356514573097229, -5.26511287689209], "start_rotation": [0, 0.43724553907253194, 0, 0.8993421699004062]}