{"episode_id": "21539", "start_position": [-7.394099235534668, 0.17923279106616974, 1.2196332216262817], "start_rotation": [0, 0.4665521660275364, 0, 0.884493683626409]}