{"episode_id": "12486", "start_position": [1.4601538181304932, 0.18360306322574615, -2.5521278381347656], "start_rotation": [0, 0.521805192066775, 0, 0.8530646760546097]}