{"episode_id": "49361", "start_position": [-0.19994398951530457, 0.12324567139148712, -0.09185929596424103], "start_rotation": [0, 0.3456478189327192, 0, 0.9383643137220502]}