{"episode_id": "8939", "start_position": [0.09941507130861282, 0.17282123863697052, -1.976204752922058], "start_rotation": [0, 0.6855145419721165, 0, -0.7280589349391705]}