{"episode_id": "53322", "start_position": [0.9161592721939087, 0.12194900214672089, 0.7971106171607971], "start_rotation": [0, 0.21102653187959688, 0, 0.9774803337371394]}