{"episode_id": "9559", "start_position": [-1.4662476778030396, 0.15562696754932404, 2.820277452468872], "start_rotation": [0, 0.993179139059762, 0, -0.11659844654415469]}