{"episode_id": "18353", "start_position": [-1.0103588104248047, 0.037133216857910156, -2.257333755493164], "start_rotation": [0, 0.9014975676056362, 0, 0.43278416745662207]}