{"episode_id": "49879", "start_position": [-8.37790298461914, 0.17000891268253326, 0.989384114742279], "start_rotation": [0, 0.9840353571724693, 0, 0.17797307615044172]}