{"episode_id": "41093", "start_position": [5.090121746063232, 0.1887628585100174, 2.794752359390259], "start_rotation": [0, 0.9610062190354767, 0, 0.27652675634581436]}