{"episode_id": "43451", "start_position": [-9.086030960083008, -3.206904888153076, -2.7632157802581787], "start_rotation": [0, 0.9488373778724861, 0, -0.31576515062949073]}