{"episode_id": "3438", "start_position": [4.625170707702637, 0.1887628585100174, 1.1404471397399902], "start_rotation": [0, 0.4769765230339271, 0, 0.8789160349398943]}