{"episode_id": "58658", "start_position": [1.0121344327926636, 0.025033235549926758, -2.3018431663513184], "start_rotation": [0, 0.9260219896194644, 0, -0.3774695679670199]}